<?xml version='1.0' encoding='UTF-8'?>
<shortcuts>
	<shortcut>
		<label>342</label>
		<label2>31397</label2>
		<icon>DefaultMovies.png</icon>
		<thumb />
		<action>ActivateWindow(Videos,videodb://movies/titles/,return)</action>
	</shortcut>
	<shortcut>
		<label>20343</label>
		<label2>31397</label2>
		<icon>DefaultTVShows.png</icon>
		<thumb />
		<action>ActivateWindow(Videos,videodb://tvshows/titles/,return)</action>
	</shortcut>
	<shortcut>
		<label>3</label>
		<label2>31397</label2>
		<icon>DefaultVideo.png</icon>
		<thumb />
		<action>ActivateWindow(Videos,root)</action>
	</shortcut>
	<shortcut>
		<label>2</label>
		<label2>31397</label2>
		<icon>DefaultMusicAlbums.png</icon>
		<thumb />
		<action>ActivateWindow(Music,root)</action>
	</shortcut>
	<shortcut>
		<label>10002</label>
		<label2>31397</label2>
		<icon>DefaultPicture.png</icon>
		<thumb />
		<action>ActivateWindow(Pictures)</action>
	</shortcut>
	<shortcut>
		<label>15016</label>
		<label2>31397</label2>
		<icon>DefaultGameAddons.png</icon>
		<thumb />
		<action>ActivateWindow(Games)</action>
	</shortcut>
	<shortcut>
		<label>1036</label>
		<label2>31397</label2>
		<icon>DefaultFavourites.png</icon>
		<thumb />
		<action>ActivateWindow(Favourites)</action>
	</shortcut>
	<shortcut>
		<label>10001</label>
		<label2>31397</label2>
		<icon>DefaultProgram.png</icon>
		<thumb />
		<action>ActivateWindow(Programs,Addons,return)</action>
	</shortcut>
	<shortcut>
		<label>12600</label>
		<label2>31397</label2>
		<icon>DefaultWeather.png</icon>
		<thumb />
		<action>ActivateWindow(Weather)</action>
	</shortcut>
	<shortcut>
		<label>14204</label>
		<label2>31397</label2>
		<icon>DefaultLiveTV.png</icon>
		<thumb />
		<action>ActivateWindow(TVGuide)</action>
	</shortcut>
	<shortcut>
		<label>19021</label>
		<label2>31397</label2>
		<icon>DefaultRadio.png</icon>
		<thumb />
		<action>ActivateWindow(RadioGuide)</action>
	</shortcut>
	<shortcut>
		<label>341</label>
		<label2>31397</label2>
		<icon>DefaultDVDFull.png</icon>
		<thumb />
		<action>PlayDVD</action>
	</shortcut>
	<shortcut>
		<label>10004</label>
		<label2>31397</label2>
		<icon>DefaultSettings.png</icon>
		<thumb />
		<action>ActivateWindow(Settings)</action>
	</shortcut>
	<shortcut>
		<label>33060</label>
		<label2>31397</label2>
		<icon>DefaultPower.png</icon>
		<thumb />
		<action>ActivateWindow(shutdownmenu)</action>
	</shortcut>
</shortcuts>