<template>
	
	<submenu include="widgetControl" level="1">
		<property name="id" tag="mainmenuid" />
		<controls>
			<!-- List used to control movement between widgets -->
			<control type="list" id="1000$SKINSHORTCUTS[id]">
				<left>1300</left>
				<top>-10000</top>
				<width>100</width>
				<height>300</height>
				<scrolltime>200</scrolltime>
				<skinshortcuts>visibility</skinshortcuts>
				<defaultcontrol>1</defaultcontrol>
				<itemlayout width="100" height="100">
					<control type="label">
						<width>100</width>
						<height>100</height>
						<textcolor>$VAR[TextColorNF]</textcolor>
						<label>$INFO[ListItem.Label]</label>
					</control>
				</itemlayout>
				<focusedlayout width="100" height="100">
					<control type="label">
						<width>100</width>
						<height>100</height>
						<label>$INFO[ListItem.Label]</label>
					</control>
					<skinshortcuts insert="onfocus">items</skinshortcuts>
				</focusedlayout>
				<content>
					<skinshortcuts insert="controlItems">items</skinshortcuts>
				</content>
			</control>

			<!-- Buttons used to move between widgets -->
			<control type="button" id="9005">
				<description>Select previous widget</description>
				<left>500</left>
				<top>-10000</top>
				<skinshortcuts>visibility</skinshortcuts>
				<label>Previous</label>
				<skinshortcuts insert="onclickPrevious">items</skinshortcuts>
				<onfocus>SetProperty(changeWidget-1000$SKINSHORTCUTS[id],True,10000)</onfocus>
				<onfocus>AlarmClock(changeWidgetTimer,SetProperty(changeWidget-1000$SKINSHORTCUTS[id],False,10000),00:03,silent)</onfocus>
				<onfocus>Control.Move(1000$SKINSHORTCUTS[id],-1)</onfocus>
			</control>
			<control type="button" id="9006">
				<description>Select current widget</description>
				<left>700</left>
				<top>-10000</top>
				<skinshortcuts>visibility</skinshortcuts>
				<label>Current</label>
				<skinshortcuts insert="onclickCurrent">items</skinshortcuts>
				<onfocus condition="Integer.IsEqual(Container(1000$SKINSHORTCUTS[id]).NumItems,0) | [String.IsEmpty(Container(10$SKINSHORTCUTS[id]01).ListItem.Property(outlook)) | String.IsEqual(Container(10$SKINSHORTCUTS[id]01).ListItem.Property(outlook),$LOCALIZE[10006])] + String.IsEqual(Container(9000).ListItem.Property(submenuVisibility),weather)">Control.SetFocus(9000)</onfocus>
			</control>
			<control type="button" id="9007">
				<description>Select next widget</description>
				<left>900</left>
				<top>-10000</top>
				<skinshortcuts>visibility</skinshortcuts>
				<label>Next</label>
				<skinshortcuts insert="onclickNext">items</skinshortcuts>
				<onfocus>SetProperty(changeWidget-1000$SKINSHORTCUTS[id],True,10000)</onfocus>
				<onfocus>AlarmClock(changeWidgetTimer,SetProperty(changeWidget-1000$SKINSHORTCUTS[id],False,10000),00:03,silent)</onfocus>
				<onfocus>Control.Move(1000$SKINSHORTCUTS[id],1)</onfocus>
			</control>

			<!-- Widget heading/details -->
			<control type="group">
				<skinshortcuts>visibility</skinshortcuts>
				<include content="widgetHeading">
					<param name="container">1000$SKINSHORTCUTS[id]</param>
					<param name="container2">10$SKINSHORTCUTS[id]01</param>
				</include>
			</control>

		</controls>
		<items insert="controlItems">
			<!-- Items that will appear in the control list -->
			<property name="subid" tag="mainmenuid" />
			<property name="widgetName" tag="property" attribute="name|widgetName" />
			<controls>
				<item id="$SKINSHORTCUTS[subid]">
					<label>$SKINSHORTCUTS[widgetName]</label>
					<visible>[Integer.IsGreater(Container(10$SKINSHORTCUTS[id]0$SKINSHORTCUTS[subid]).NumItems,0) | Container(10$SKINSHORTCUTS[id]0$SKINSHORTCUTS[subid]).IsUpdating] + !String.IsEqual(Container(9000).ListItem.Property(submenuVisibility),weather) | !String.IsEmpty(Container(10$SKINSHORTCUTS[id]0$SKINSHORTCUTS[subid]).ListItem.Property(outlook)) + !String.IsEqual(Container(10$SKINSHORTCUTS[id]0$SKINSHORTCUTS[subid]).ListItem.Property(outlook),$LOCALIZE[10006]) + String.IsEqual(Container(9000).ListItem.Property(submenuVisibility),weather)</visible>
					<property name="widgetID">$SKINSHORTCUTS[id]-$SKINSHORTCUTS[subid]</property>
					<property name="widgetContainer">10$SKINSHORTCUTS[id]0$SKINSHORTCUTS[subid]</property>
				</item>
			</controls>
		</items>
		<items insert="onclickPrevious">
			<!-- Control that should be focused when going to the previous widget -->
			<property name="subid" tag="mainmenuid" />
			<property name="widgetName" tag="property" attribute="name|widgetName" />
			<controls>
				<onfocus condition="String.IsEqual(Container(1000$SKINSHORTCUTS[id]).ListItem(-1).Property(widgetID),$SKINSHORTCUTS[id]-$SKINSHORTCUTS[subid])">Control.SetFocus(10$SKINSHORTCUTS[id]0$SKINSHORTCUTS[subid])</onfocus>
			</controls>
		</items>
		<items insert="onclickCurrent">
			<!-- Control that should be focused when going to the current widget -->
			<property name="subid" tag="mainmenuid" />
			<property name="widgetName" tag="property" attribute="name|widgetName" />
			<controls>
				<onfocus condition="String.IsEqual(Container(1000$SKINSHORTCUTS[id]).ListItem.Property(widgetID),$SKINSHORTCUTS[id]-$SKINSHORTCUTS[subid])">Control.SetFocus(10$SKINSHORTCUTS[id]0$SKINSHORTCUTS[subid])</onfocus>
			</controls>
		</items>
		<items insert="onclickNext">
			<!-- Control that should be focused when going to the next widget -->
			<property name="subid" tag="mainmenuid" />
			<property name="widgetName" tag="property" attribute="name|widgetName" />
			<controls>
				<onfocus condition="String.IsEqual(Container(1000$SKINSHORTCUTS[id]).ListItem(1).Property(widgetID),$SKINSHORTCUTS[id]-$SKINSHORTCUTS[subid])">Control.SetFocus(10$SKINSHORTCUTS[id]0$SKINSHORTCUTS[subid])</onfocus>
			</controls>
		</items>
	</submenu>

	<other>
		<controls>
			<description>This is a fake template which is needed to trick Skin Shortcuts into building the submenuOther templates</description>
		</controls>
	</other>
 
	<submenuOther include="vertical" level="1">
		<!-- Weather widget, Vertical home -->
		<condition tag="property" attribute="name|widget">WeatherWidget</condition>
		
		<propertyGroup>mainmenuWidgets</propertyGroup>
		<propertyGroup>lumosLayout</propertyGroup>

		<controls>
			<control type="list" id="10$SKINSHORTCUTS[auto-rootID]0$SKINSHORTCUTS[id]">
				<viewtype label="">list</viewtype>
				<orientation>horizontal</orientation>
				<defaultcontrol always="true">0</defaultcontrol>
				<scrolltime tween="sine" easing="out">240</scrolltime>

				<!-- Widget layout -->
				<include>widgetLayout-weather</include>

				<!-- Widget oncontrol -->
				<include content="widgetOnControl">
					<param name="container">1000$SKINSHORTCUTS[auto-rootID]</param>
				</include>
				
				<!-- Widget layout slide -->
				<include content="widgetLayoutSlide-weather">
					<param name="container">10$SKINSHORTCUTS[auto-rootID]0$SKINSHORTCUTS[id]</param>
				</include>

				<!-- Widget animation -->
				<include content="widgetAnimation">
					<param name="container1">1000$SKINSHORTCUTS[auto-rootID]</param>
					<param name="container2">$SKINSHORTCUTS[auto-rootID]-$SKINSHORTCUTS[id]</param>
				</include>

				<itemlayout width="203" height="306">
					<control type="group">
						<control type="label">
							<top>2</top>
							<width>203</width>
							<height>33</height>
							<font>Font33</font>
							<align>center</align>
							<textcolor>$VAR[TextColorNF]</textcolor>
							<label>$INFO[ListItem.Label]</label>
						</control>
						<control type="image">
							<left>0</left>
							<top>35</top>
							<width>203</width>
							<height>246</height>
							<texture background="true" colordiffuse="$VAR[DiffusePosterNF]">$INFO[ListItem.Icon]</texture>
							<aspectratio align="center">keep</aspectratio>
							<visible>!Skin.HasSetting(weatherIcons.multi)</visible>
							<animation effect="zoom" end="80" center="auto" time="0" condition="True">Conditional</animation>
						</control>
						<control type="multiimage">
							<left>0</left>
							<top>35</top>
							<width>203</width>
							<height>246</height>
							<imagepath>$INFO[ListItem.Property(weatherIconMulti)]</imagepath>
							<colordiffuse>$VAR[DiffusePosterNF]</colordiffuse>
							<timeperimage>200</timeperimage>
							<aspectratio align="center">keep</aspectratio>
							<visible>Skin.HasSetting(weatherIcons.multi)</visible>
							<animation effect="zoom" end="80" center="auto" time="0" condition="True">Conditional</animation>
						</control>
						<control type="label">
							<top>281</top>
							<width>203</width>
							<height>33</height>
							<font>Font33</font>
							<align>center</align>
							<textcolor>$VAR[TextColorNF]</textcolor>
							<label>$INFO[ListItem.Label2]</label>
						</control>
					</control>
				</itemlayout>

				<focusedlayout width="203" height="306">
					<control type="group">
						<animation effect="fade" start="100" end="0" time="0" reversible="false" condition="Control.HasFocus(9000)">Conditional</animation>
						<animation effect="fade" start="100" end="0" time="0" reversible="false">Unfocus</animation>
						<control type="label">
							<top>2</top>
							<width>203</width>
							<height>33</height>
							<font>Font33</font>
							<align>center</align>
							<label>$INFO[ListItem.Label]</label>
							<textcolor>$VAR[TextColorFO]</textcolor>
						</control>
						<control type="image">
							<left>0</left>
							<top>35</top>
							<width>203</width>
							<height>246</height>
							<texture background="true">$INFO[ListItem.Icon]</texture>
							<aspectratio align="center">keep</aspectratio>
							<visible>!Skin.HasSetting(weatherIcons.multi)</visible>
							<animation effect="zoom" start="80" end="100" center="auto" time="300" tween="back" easing="out" reversible="false">Focus</animation>
						</control>
						<control type="multiimage">
							<left>0</left>
							<top>35</top>
							<width>203</width>
							<height>246</height>
							<imagepath>$INFO[ListItem.Property(weatherIconMulti)]</imagepath>
							<timeperimage>200</timeperimage>
							<aspectratio align="center">keep</aspectratio>
							<visible>Skin.HasSetting(weatherIcons.multi)</visible>
							<animation effect="zoom" start="80" end="100" center="auto" time="300" tween="back" easing="out" reversible="false">Focus</animation>
						</control>
						<control type="label">
							<top>281</top>
							<width>203</width>
							<height>33</height>
							<font>Font33</font>
							<align>center</align>
							<textcolor>$VAR[TextColorFO]</textcolor>
							<label>$INFO[ListItem.Label2]</label>
						</control>
					</control>
					<control type="group">
						<animation effect="fade" start="100" end="0" time="0" reversible="false">Focus</animation>
						<control type="label">
							<top>2</top>
							<width>203</width>
							<height>33</height>
							<font>Font33</font>
							<align>center</align>
							<label>$INFO[ListItem.Label]</label>
							<textcolor>$VAR[TextColorNF]</textcolor>
						</control>
						<control type="image">
							<left>0</left>
							<top>35</top>
							<width>203</width>
							<height>246</height>
							<texture background="true" colordiffuse="$VAR[DiffusePosterNF]">$INFO[ListItem.Icon]</texture>
							<aspectratio align="center">keep</aspectratio>
							<visible>!Skin.HasSetting(weatherIcons.multi)</visible>
							<animation effect="zoom" end="80" center="auto" time="0" condition="True">Conditional</animation>
						</control>
						<control type="multiimage">
							<left>0</left>
							<top>35</top>
							<width>203</width>
							<height>246</height>
							<imagepath>$INFO[ListItem.Property(weatherIconMulti)]</imagepath>
							<colordiffuse>$VAR[DiffusePosterNF]</colordiffuse>
							<timeperimage>200</timeperimage>
							<aspectratio align="center">keep</aspectratio>
							<visible>Skin.HasSetting(weatherIcons.multi)</visible>
							<animation effect="zoom" end="80" center="auto" time="0" condition="True">Conditional</animation>
						</control>
						<control type="label">
							<top>281</top>
							<width>203</width>
							<height>33</height>
							<font>Font33</font>
							<align>center</align>
							<textcolor>$VAR[TextColorNF]</textcolor>
							<label>$INFO[ListItem.Label2]</label>
						</control>
					</control>
				</focusedlayout>

				<content target="$SKINSHORTCUTS[target]">$SKINSHORTCUTS[path]</content>
			</control>
		</controls>

	</submenuOther>

	<submenuOther include="vertical" level="1">
		<!-- Non-weather widget, Vertical home -->
		<condition tag="property" attribute="name|widgetPath" />

		<property name="id" tag="mainmenuid" />
		<property name="sortby" tag="property" attribute="name|widgetSortBy" />
		<property name="limit" tag="property" attribute="name|widgetLimit" />
        <property name="sortdirection" tag="property" attribute="name|widgetSortDirection" />
		
		<propertyGroup>mainmenuWidgets</propertyGroup>
		<propertyGroup>lumosLayout</propertyGroup>

		<controls>
			<control type="list" id="10$SKINSHORTCUTS[auto-rootID]0$SKINSHORTCUTS[id]">
				<viewtype label="">list</viewtype>
				<orientation>horizontal</orientation>
				<defaultcontrol always="true">0</defaultcontrol>
				<scrolltime tween="sine" easing="out">240</scrolltime>

				<!-- Widget layout -->
				<include condition="$PYTHON['True' if layout == 'tall' else 'False']">widgetLayout-tall</include>
				<include condition="$PYTHON['True' if layout == 'wide' else 'False']">widgetLayout-wide</include>
				<include condition="$PYTHON['True' if layout == 'square' else 'False']">widgetLayout-square</include>
				<include condition="$PYTHON['True' if layout == 'square-small' else 'False']">widgetLayout-square-small</include>

				<!-- Widget oncontrol -->
				<include content="widgetOnControl">
					<param name="container">1000$SKINSHORTCUTS[auto-rootID]</param>
				</include>
				
				<!-- Widget layout slide -->
				<include condition="$PYTHON['True' if layout == 'tall' else 'False']" content="widgetLayoutSlide-tall">
					<param name="container">10$SKINSHORTCUTS[auto-rootID]0$SKINSHORTCUTS[id]</param>
				</include>
				<include condition="$PYTHON['True' if layout == 'wide' else 'False']" content="widgetLayoutSlide-wide">
					<param name="container">10$SKINSHORTCUTS[auto-rootID]0$SKINSHORTCUTS[id]</param>
				</include>
				<include condition="$PYTHON['True' if layout == 'square' else 'False']" content="widgetLayoutSlide-square">
					<param name="container">10$SKINSHORTCUTS[auto-rootID]0$SKINSHORTCUTS[id]</param>
				</include>
				<include condition="$PYTHON['True' if layout == 'square-small' else 'False']" content="widgetLayoutSlide-square-small">
					<param name="container">10$SKINSHORTCUTS[auto-rootID]0$SKINSHORTCUTS[id]</param>
				</include>

				<!-- Widget animation -->
				<include content="widgetAnimation">
					<param name="container1">1000$SKINSHORTCUTS[auto-rootID]</param>
					<param name="container2">$SKINSHORTCUTS[auto-rootID]-$SKINSHORTCUTS[id]</param>
				</include>

				<itemlayout width="$SKINSHORTCUTS[layoutWidth]" height="$SKINSHORTCUTS[layoutHeight]">
					<include content="$PYTHON[$SKINSHORTCUTS[primary-art]]">
						<description>Primary art</description>
						<param name="left">$PYTHON[(int(imageWidthFocus) - int(imageWidthNoFocus)) / 2]</param>
						<param name="bottom">0</param>
						<param name="width">$SKINSHORTCUTS[imageWidthNoFocus]</param>
						<param name="height">$SKINSHORTCUTS[imageHeightNoFocus]</param>
						<param name="colordiffuse">$VAR[DiffusePosterNF]</param>
						<param name="fallback">$SKINSHORTCUTS[artFallback]</param>
						<param name="art">$INFO[ListItem.$SKINSHORTCUTS[art]]</param>
						<param name="aspectratio">keep</param>
						<param name="visible">![$PYTHON[$SKINSHORTCUTS[secondary-visibility]]]</param>
					</include>
					<include content="$PYTHON[$SKINSHORTCUTS[secondary-art]]">
						<description>Fallback art</description>
						<param name="left">$PYTHON[(int(imageWidthFocus) - int(imageWidthNoFocus)) / 2]</param>
						<param name="bottom">0</param>
						<param name="width">$SKINSHORTCUTS[imageWidthNoFocus]</param>
						<param name="height">$SKINSHORTCUTS[imageHeightNoFocus]</param>
						<param name="colordiffuse">$VAR[DiffusePosterNF]</param>
						<param name="fallback">$SKINSHORTCUTS[artFallback]</param>
						<param name="art">$INFO[ListItem.$SKINSHORTCUTS[art2]]</param>
						<param name="aspectratio">keep</param>
						<param name="visible">$PYTHON[$SKINSHORTCUTS[secondary-visibility]]</param>
					</include>
					<include content="widget-image">
						<description>Catch-all art</description>
						<param name="left">$PYTHON[(int(imageWidthFocus) - int(imageWidthNoFocus)) / 2]</param>
						<param name="bottom">0</param>
						<param name="width">$SKINSHORTCUTS[imageWidthNoFocus]</param>
						<param name="height">$SKINSHORTCUTS[imageHeightNoFocus]</param>
						<param name="colordiffuse">$VAR[DiffusePosterNF]</param>
						<param name="fallback">$SKINSHORTCUTS[artFallback]</param>
						<param name="art">$INFO[ListItem.Icon]</param>
						<param name="aspectratio">keep</param>
						<param name="visible">[ $PYTHON[$SKINSHORTCUTS[secondary-visibility]] ] + [ $PYTHON[$SKINSHORTCUTS[fallback-visibility]] ]</param>
					</include>
					
					<control type="group">
						<left>$PYTHON[(int(imageWidthFocus) - int(imageWidthNoFocus)) / 2]</left>
						<bottom>0</bottom>
						<width>$SKINSHORTCUTS[imageWidthNoFocus]</width>
						<height>$PYTHON[int(imageWidthNoFocus) * 0.11]</height>
						<control type="image">
							<texture background="true">views/OverlayBottomBar.png</texture>
							<colordiffuse>$VAR[DiffusePosterNF]</colordiffuse>
							<visible>[ListItem.IsFolder + Integer.IsGreater(ListItem.Property(WatchedEpisodes),0) + Integer.IsGreater(ListItem.Property(UnWatchedEpisodes),0)] | String.IsEqual(ListItem.Overlay,OverlayWatched.png) | ListItem.IsResumable | !String.IsEmpty(ListItem.PlayCount)</visible>
							<visible>[String.IsEqual(ListItem.DBTYPE,music) | String.IsEqual(ListItem.DBTYPE,song) | String.IsEqual(ListItem.DBTYPE,album) | String.IsEqual(ListItem.DBTYPE,artist)] + !Skin.HasSetting(MusicListenedToStatus) | [String.IsEqual(ListItem.DBTYPE,video) | String.IsEqual(ListItem.DBTYPE,movie) | String.IsEqual(ListItem.DBTYPE,set) | String.IsEqual(ListItem.DBTYPE,tvshow) | String.IsEqual(ListItem.DBTYPE,season) | String.IsEqual(ListItem.DBTYPE,episode) | String.IsEqual(ListItem.DBTYPE,musicvideo)] + !Skin.HasSetting(VideoWatchedStatus)</visible>
						</control>
						<control type="image">
							<width>$PYTHON[int(imageWidthNoFocus) * 0.11]</width>
							<centerleft>$PYTHON[int(imageWidthNoFocus) / 2]</centerleft>
							<texture background="true">$VAR[StatusOverlayWide]</texture>
							<colordiffuse>$VAR[DiffusePosterNF]</colordiffuse>
						</control>
					</control>
				</itemlayout>

				<focusedlayout width="$SKINSHORTCUTS[layoutWidth]" height="$SKINSHORTCUTS[layoutHeight]">
					<control type="group">
						<animation effect="zoom" start="100" end="111" center="$PYTHON[int(imageWidthFocus) / 2],$SKINSHORTCUTS[imageHeightFocus]" time="300" tween="back" easing="out" reversible="false">Focus</animation>
						<animation effect="fade" start="100" end="0" time="0" reversible="false" condition="Control.HasFocus(9000)">Conditional</animation>
						<animation effect="fade" start="100" end="0" time="0" reversible="false">Unfocus</animation>
						<include content="$PYTHON[$SKINSHORTCUTS[primary-art]]">
							<description>Primary art</description>
							<param name="left">$PYTHON[(int(imageWidthFocus) - int(imageWidthNoFocus)) / 2]</param>
							<param name="bottom">0</param>
							<param name="width">$SKINSHORTCUTS[imageWidthNoFocus]</param>
							<param name="height">$SKINSHORTCUTS[imageHeightNoFocus]</param>
							<param name="fallback">$SKINSHORTCUTS[artFallback]</param>
							<param name="art">$INFO[ListItem.$SKINSHORTCUTS[art]]</param>
							<param name="aspectratio">keep</param>
							<param name="visible">![$PYTHON[$SKINSHORTCUTS[secondary-visibility]]]</param>
						</include>
						<include content="$PYTHON[$SKINSHORTCUTS[secondary-art]]">
							<description>Fallback art</description>
							<param name="left">$PYTHON[(int(imageWidthFocus) - int(imageWidthNoFocus)) / 2]</param>
							<param name="bottom">0</param>
							<param name="width">$SKINSHORTCUTS[imageWidthNoFocus]</param>
							<param name="height">$SKINSHORTCUTS[imageHeightNoFocus]</param>
							<param name="fallback">$SKINSHORTCUTS[artFallback]</param>
							<param name="art">$INFO[ListItem.$SKINSHORTCUTS[art2]]</param>
							<param name="aspectratio">keep</param>
							<param name="visible">$PYTHON[$SKINSHORTCUTS[secondary-visibility]]</param>
						</include>
						<include content="widget-image">
							<description>Catch-all art</description>
							<param name="left">$PYTHON[(int(imageWidthFocus) - int(imageWidthNoFocus)) / 2]</param>
							<param name="bottom">0</param>
							<param name="width">$SKINSHORTCUTS[imageWidthNoFocus]</param>
							<param name="height">$SKINSHORTCUTS[imageHeightNoFocus]</param>
							<param name="fallback">$SKINSHORTCUTS[artFallback]</param>
							<param name="art">$INFO[ListItem.Icon]</param>
							<param name="aspectratio">keep</param>
							<param name="visible">[ $PYTHON[$SKINSHORTCUTS[secondary-visibility]] ] + [ $PYTHON[$SKINSHORTCUTS[fallback-visibility]] ]</param>
						</include>
						
						<control type="group">
							<left>$PYTHON[(int(imageWidthFocus) - int(imageWidthNoFocus)) / 2]</left>
							<bottom>0</bottom>
							<width>$SKINSHORTCUTS[imageWidthNoFocus]</width>
							<height>$PYTHON[int(imageWidthNoFocus) * 0.11]</height>
							<control type="image">
								<texture background="true">views/OverlayBottomBar.png</texture>
								<visible>[ListItem.IsFolder + Integer.IsGreater(ListItem.Property(WatchedEpisodes),0) + Integer.IsGreater(ListItem.Property(UnWatchedEpisodes),0)] | String.IsEqual(ListItem.Overlay,OverlayWatched.png) | ListItem.IsResumable | !String.IsEmpty(ListItem.PlayCount)</visible>
								<visible>[String.IsEqual(ListItem.DBTYPE,music) | String.IsEqual(ListItem.DBTYPE,song) | String.IsEqual(ListItem.DBTYPE,album) | String.IsEqual(ListItem.DBTYPE,artist)] + !Skin.HasSetting(MusicListenedToStatus) | [String.IsEqual(ListItem.DBTYPE,video) | String.IsEqual(ListItem.DBTYPE,movie) | String.IsEqual(ListItem.DBTYPE,set) | String.IsEqual(ListItem.DBTYPE,tvshow) | String.IsEqual(ListItem.DBTYPE,season) | String.IsEqual(ListItem.DBTYPE,episode) | String.IsEqual(ListItem.DBTYPE,musicvideo)] + !Skin.HasSetting(VideoWatchedStatus)</visible>
							</control>
							<control type="image">
								<width>$PYTHON[int(imageWidthNoFocus) * 0.11]</width>
								<centerleft>$PYTHON[int(imageWidthNoFocus) / 2]</centerleft>
								<texture background="true">$VAR[StatusOverlayWide]</texture>
							</control>
						</control>
					</control>
					<control type="group">
						<animation effect="fade" start="100" end="0" time="0" reversible="false">Focus</animation>
						<include content="$PYTHON[$SKINSHORTCUTS[primary-art]]">
							<description>Primary art</description>
							<param name="left">$PYTHON[(int(imageWidthFocus) - int(imageWidthNoFocus)) / 2]</param>
							<param name="bottom">0</param>
							<param name="width">$SKINSHORTCUTS[imageWidthNoFocus]</param>
							<param name="height">$SKINSHORTCUTS[imageHeightNoFocus]</param>
							<param name="colordiffuse">$VAR[DiffusePosterNF]</param>
							<param name="fallback">$SKINSHORTCUTS[artFallback]</param>
							<param name="art">$INFO[ListItem.$SKINSHORTCUTS[art]]</param>
							<param name="aspectratio">keep</param>
							<param name="visible">![$PYTHON[$SKINSHORTCUTS[secondary-visibility]]]</param>
						</include>
						<include content="$PYTHON[$SKINSHORTCUTS[secondary-art]]">
							<description>Fallback art</description>
							<param name="left">$PYTHON[(int(imageWidthFocus) - int(imageWidthNoFocus)) / 2]</param>
							<param name="bottom">0</param>
							<param name="width">$SKINSHORTCUTS[imageWidthNoFocus]</param>
							<param name="height">$SKINSHORTCUTS[imageHeightNoFocus]</param>
							<param name="colordiffuse">$VAR[DiffusePosterNF]</param>
							<param name="fallback">$SKINSHORTCUTS[artFallback]</param>
							<param name="art">$INFO[ListItem.$SKINSHORTCUTS[art2]]</param>
							<param name="aspectratio">keep</param>
							<param name="visible">$PYTHON[$SKINSHORTCUTS[secondary-visibility]]</param>
						</include>
						<include content="widget-image">
							<description>Catch-all art</description>
							<param name="left">$PYTHON[(int(imageWidthFocus) - int(imageWidthNoFocus)) / 2]</param>
							<param name="bottom">0</param>
							<param name="width">$SKINSHORTCUTS[imageWidthNoFocus]</param>
							<param name="height">$SKINSHORTCUTS[imageHeightNoFocus]</param>
							<param name="colordiffuse">$VAR[DiffusePosterNF]</param>
							<param name="fallback">$SKINSHORTCUTS[artFallback]</param>
							<param name="art">$INFO[ListItem.Icon]</param>
							<param name="aspectratio">keep</param>
							<param name="visible">[ $PYTHON[$SKINSHORTCUTS[secondary-visibility]] ] + [ $PYTHON[$SKINSHORTCUTS[fallback-visibility]] ]</param>
						</include>
						
						<control type="group">
							<left>$PYTHON[(int(imageWidthFocus) - int(imageWidthNoFocus)) / 2]</left>
							<bottom>0</bottom>
							<width>$SKINSHORTCUTS[imageWidthNoFocus]</width>
							<height>$PYTHON[int(imageWidthNoFocus) * 0.11]</height>
							<control type="image">
								<texture background="true">views/OverlayBottomBar.png</texture>
								<colordiffuse>$VAR[DiffusePosterNF]</colordiffuse>
								<visible>[ListItem.IsFolder + Integer.IsGreater(ListItem.Property(WatchedEpisodes),0) + Integer.IsGreater(ListItem.Property(UnWatchedEpisodes),0)] | String.IsEqual(ListItem.Overlay,OverlayWatched.png) | ListItem.IsResumable | !String.IsEmpty(ListItem.PlayCount)</visible>
								<visible>[String.IsEqual(ListItem.DBTYPE,music) | String.IsEqual(ListItem.DBTYPE,song) | String.IsEqual(ListItem.DBTYPE,album) | String.IsEqual(ListItem.DBTYPE,artist)] + !Skin.HasSetting(MusicListenedToStatus) | [String.IsEqual(ListItem.DBTYPE,video) | String.IsEqual(ListItem.DBTYPE,movie) | String.IsEqual(ListItem.DBTYPE,set) | String.IsEqual(ListItem.DBTYPE,tvshow) | String.IsEqual(ListItem.DBTYPE,season) | String.IsEqual(ListItem.DBTYPE,episode) | String.IsEqual(ListItem.DBTYPE,musicvideo)] + !Skin.HasSetting(VideoWatchedStatus)</visible>
							</control>
							<control type="image">
								<width>$PYTHON[int(imageWidthNoFocus) * 0.11]</width>
								<centerleft>$PYTHON[int(imageWidthNoFocus) / 2]</centerleft>
								<texture background="true">$VAR[StatusOverlayWide]</texture>
								<colordiffuse>$VAR[DiffusePosterNF]</colordiffuse>
							</control>
						</control>
					</control>

				</focusedlayout>

				<content limit="$SKINSHORTCUTS[limit]" sortby="$SKINSHORTCUTS[sortby]" sortorder="$SKINSHORTCUTS[sortdirection]" target="$SKINSHORTCUTS[target]">$SKINSHORTCUTS[path]</content>
			</control>

		</controls>

	</submenuOther>

	<submenuOther include="reloading" level="1">
		<property name="id" tag="mainmenuid" />
		<propertyGroup>mainmenuWidgets</propertyGroup>
		<propertyGroup>lumosLayout</propertyGroup>

		<controls>
			<control type="image">
				<animation type="Conditional" condition="String.IsEqual(Container(1000$SKINSHORTCUTS[auto-rootID]).ListItem.Property(widgetID),$SKINSHORTCUTS[auto-rootID]-$SKINSHORTCUTS[id]) + Container(10$SKINSHORTCUTS[auto-rootID]0$SKINSHORTCUTS[id]).IsUpdating">
					<effect type="fade" start="0" end="100" time="200" />
				</animation>
				<animation type="Conditional" condition="![String.IsEqual(Container(1000$SKINSHORTCUTS[auto-rootID]).ListItem.Property(widgetID),$SKINSHORTCUTS[auto-rootID]-$SKINSHORTCUTS[id]) + Container(10$SKINSHORTCUTS[auto-rootID]0$SKINSHORTCUTS[id]).IsUpdating]">
					<effect type="fade" start="100" end="0" time="200" />
				</animation>
				<width>36</width>
				<height>36</height>
				<texture>busy.gif</texture>
				<skinshortcuts>visibility</skinshortcuts>
				<visible>String.IsEqual(Container(1000$SKINSHORTCUTS[auto-rootID]).ListItem.Property(widgetID),$SKINSHORTCUTS[auto-rootID]-$SKINSHORTCUTS[id]) + Container(10$SKINSHORTCUTS[auto-rootID]0$SKINSHORTCUTS[id]).IsUpdating</visible>
			</control>
		</controls>
	</submenuOther>

	<propertyGroup name="mainmenuWidgets">
		<property name="id" tag="mainmenuid" />
		<property name="labelID" tag="property" attribute="name|labelID" />
		<property name="submenuVisibility" tag="property" attribute="name|submenuVisibility" />

		<property name="layout" tag="property" attribute="name|layout" />
		<property name="layout">tall</property>

		<property name="autoscroll" tag="property" attribute="name|autoscroll" />
		<property name="autoscroll">False</property>

		<property name="top">250</property>	

		<property name="name" tag="property" attribute="name|widgetName" />
		<property name="path" tag="property" attribute="name|widgetPath" />
		<property name="target" tag="property" attribute="name|widgetTarget" />
		<property name="target"></property>
		<property name="path">$INCLUDE[skinshortcuts-group-$SKINSHORTCUTS[submenuVisibility]]</property>

		<property name="art" tag="property" attribute="name|widgetArt" />
		<property name="art2" tag="property" attribute="name|widgetFallbackArt" />
		<property name="art">Icon</property>
		<property name="art2">Icon</property>

		<property name="artFallback" tag="property" attribute="name|widgetType" value="movies">DefaultMovie.png</property>
		<property name="artFallback" tag="property" attribute="name|widgetType" value="tvshows">DefaultTVShows.png</property>
		<property name="artFallback" tag="property" attribute="name|widgetType" value="seasons">DefaultTVShows.png</property>
		<property name="artFallback" tag="property" attribute="name|widgetType" value="episodes">DefaultMovies.png</property>
		<property name="artFallback" tag="property" attribute="name|widgetType" value="albums">DefaultMusicAlbums.png</property>
		<property name="artFallback" tag="property" attribute="name|widgetType" value="artists">DefaultMusicArtist.png</property>
		<property name="artFallback" tag="property" attribute="name|widgetType" value="songs">DefaultMusicSongs.png</property>
		<property name="artFallback" tag="property" attribute="name|widgetType" value="musicvideos">DefaultMusicVideos.png</property>
		<property name="artFallback" tag="property" attribute="name|widgetType" value="tv">DefaultLiveTV.png</property>
		<property name="artFallback" tag="property" attribute="name|widgetType" value="radio">DefaultRadio.png</property>
		<property name="artFallback" tag="property" attribute="name|widgetType" value="games">DefaultGameAddons.png</property>
		<property name="artFallback" tag="property" attribute="name|widgetType" value="addons">DefaultAddonProgram.png</property>
		<property name="artFallback">DefaultShortcut.png</property>

		<property name="itemLabel" tag="label" />
		<property name="itemAction" tag="property" attribute="name|path" />
		<property name="itemIcon" tag="thumb" />
		<property name="itemIcon" tag="icon" />
		<property name="itemIcon">DefaultShortcut.png</property>

		<property name="widgetInclude" tag="property" attribute="name|widgetPath">widget-content</property>
		<property name="widgetInclude">widget-static</property>

		<property name="id" tag="mainmenuid" />
		<property name="submenuVisibility" tag="property" attribute="name|submenuVisibility" />
		<property name="label" tag="label" />
		<property name="background" tag="property" attribute="name|background" />

	</propertyGroup>

	<propertyGroup name="LumosLayout">
		
		<!-- Layout -->
		<property name="layoutWidth" tag="property" attribute="name|layout" value="wide">320</property>
		<property name="layoutWidth" tag="property" attribute="name|layout" value="square">320</property>
		<property name="layoutWidth" tag="property" attribute="name|layout" value="square-small">240</property>
		<property name="layoutWidth">240</property>
		
		<property name="layoutHeight" tag="property" attribute="name|layout" value="wide">240</property>
		<property name="layoutHeight" tag="property" attribute="name|layout" value="square">320</property>
		<property name="layoutHeight" tag="property" attribute="name|layout" value="square-small">240</property>	
		<property name="layoutHeight">360</property>	
		
		<property name="imageWidthNoFocus" tag="property" attribute="name|layout" value="wide">288</property>
		<property name="imageWidthNoFocus" tag="property" attribute="name|layout" value="square">288</property>
		<property name="imageWidthNoFocus" tag="property" attribute="name|layout" value="square-small">216</property>
		<property name="imageWidthNoFocus">216</property>
		
		<property name="imageHeightNoFocus" tag="property" attribute="name|layout" value="wide">216</property>
		<property name="imageHeightNoFocus" tag="property" attribute="name|layout" value="square">288</property>
		<property name="imageHeightNoFocus" tag="property" attribute="name|layout" value="square-small">216</property>
		<property name="imageHeightNoFocus">324</property>
		
		<property name="imageWidthFocus" tag="property" attribute="name|layout" value="wide">320</property>
		<property name="imageWidthFocus" tag="property" attribute="name|layout" value="square">320</property>
		<property name="imageWidthFocus" tag="property" attribute="name|layout" value="square-small">240</property>
		<property name="imageWidthFocus">240</property>
		
		<property name="imageHeightFocus" tag="property" attribute="name|layout" value="wide">240</property>
		<property name="imageHeightFocus" tag="property" attribute="name|layout" value="square">320</property>
		<property name="imageHeightFocus" tag="property" attribute="name|layout" value="square-small">240</property>
		<property name="imageHeightFocus">360</property>
		
		<!-- Python snippets -->
		<property name="primary-art">'widget-fakelandscape' if art in 'FAKELANDSCAPE' else 'widget-faketvlandscape' if art in 'FAKETVLANDSCAPE' else 'widget-image'</property>
		<property name="secondary-art">'widget-fakelandscape' if art2 in 'FAKELANDSCAPE' else 'widget-faketvlandscape' if art2 in 'FAKETVLANDSCAPE' else 'widget-image'</property>
		<property name="secondary-visibility">'String.IsEmpty(ListItem.Art(fanart)) + String.IsEmpty(ListItem.Art(clearlogo))' if art in 'FAKELANDSCAPE' else 'String.IsEmpty(ListItem.Art(fanart)) + String.IsEmpty(ListItem.Art(tvshow.clearlogo))' if art in 'FAKETVLANDSCAPE' else 'String.IsEmpty(ListItem.%s)' %(art)</property>
		<property name="fallback-visibility">'String.IsEmpty(ListItem.Art(fanart)) + String.IsEmpty(ListItem.Art(clearlogo))' if art2 in 'FAKELANDSCAPE' else 'String.IsEmpty(ListItem.Art(fanart)) + String.IsEmpty(ListItem.Art(tvshow.clearlogo))' if art2 in 'FAKETVLANDSCAPE' else 'String.IsEmpty(ListItem.%s)' %(art2)</property>
		
	</propertyGroup>

	<submenuOther include="widgetDetails" level="1">
		<property name="id" tag="mainmenuid" />
		<property name="submenuVisibility" tag="property" attribute="name|submenuVisibility" />
		<property name="isWeather" tag="property" attribute="name|widget" value="WeatherWidget">True</property>
		<property name="isWeather">False</property>
		<variables>			
			<variable name="widgetDetails">
				<!-- Selected, not loaded -->
				<value condition="Control.IsVisible(1000$SKINSHORTCUTS[auto-rootID]) + Control.HasFocus(10$SKINSHORTCUTS[auto-rootID]0$SKINSHORTCUTS[id]) + Integer.IsEqual(Container(10$SKINSHORTCUTS[auto-rootID]0$SKINSHORTCUTS[id]).NumItems,0)">$LOCALIZE[20186]...</value>
				<!-- Weather -->
				<value condition="Control.IsVisible(1000$SKINSHORTCUTS[auto-rootID]) + Control.HasFocus(10$SKINSHORTCUTS[auto-rootID]0$SKINSHORTCUTS[id]) + $SKINSHORTCUTS[isWeather]">$INFO[Container(10$SKINSHORTCUTS[auto-rootID]0$SKINSHORTCUTS[id]).ListItem.Property(outlook)][CR][LIGHT]$INFO[Window(Weather).Property(Location)][/LIGHT]</value>
				<!-- Movies -->
				<value condition="String.IsEqual(Container(10$SKINSHORTCUTS[auto-rootID]0$SKINSHORTCUTS[id]).ListItem.DBTYPE,movie) + Control.IsVisible(1000$SKINSHORTCUTS[auto-rootID]) + Control.HasFocus(10$SKINSHORTCUTS[auto-rootID]0$SKINSHORTCUTS[id]) + !String.IsEmpty(Container(10$SKINSHORTCUTS[auto-rootID]0$SKINSHORTCUTS[id]).ListItem.Year)">$INFO[Container(10$SKINSHORTCUTS[auto-rootID]0$SKINSHORTCUTS[id]).ListItem.Title][CR][LIGHT]$INFO[Container(10$SKINSHORTCUTS[auto-rootID]0$SKINSHORTCUTS[id]).ListItem.Year]$INFO[Container(10$SKINSHORTCUTS[auto-rootID]0$SKINSHORTCUTS[id]).ListItem.Genre, &#8226; ,][/LIGHT]</value>
				<value condition="String.IsEqual(Container(10$SKINSHORTCUTS[auto-rootID]0$SKINSHORTCUTS[id]).ListItem.DBTYPE,movie) + Control.IsVisible(1000$SKINSHORTCUTS[auto-rootID]) + Control.HasFocus(10$SKINSHORTCUTS[auto-rootID]0$SKINSHORTCUTS[id]) + String.IsEmpty(Container(10$SKINSHORTCUTS[auto-rootID]0$SKINSHORTCUTS[id]).ListItem.Year)">$INFO[Container(10$SKINSHORTCUTS[auto-rootID]0$SKINSHORTCUTS[id]).ListItem.Title][CR][LIGHT]$INFO[Container(10$SKINSHORTCUTS[auto-rootID]0$SKINSHORTCUTS[id]).ListItem.Genre][/LIGHT]</value>
				<!-- Movie sets -->
				<value condition="String.IsEqual(Container(10$SKINSHORTCUTS[auto-rootID]0$SKINSHORTCUTS[id]).ListItem.DBTYPE,set) + Control.IsVisible(1000$SKINSHORTCUTS[auto-rootID]) + Control.HasFocus(10$SKINSHORTCUTS[auto-rootID]0$SKINSHORTCUTS[id])">$LOCALIZE[20457]</value>
				<!-- TV Shows -->
					<!-- Seasons + Episodes > 1 -->
				<value condition="String.IsEqual(Container(10$SKINSHORTCUTS[auto-rootID]0$SKINSHORTCUTS[id]).ListItem.DBTYPE,tvshow) + Control.IsVisible(1000$SKINSHORTCUTS[auto-rootID]) + Control.HasFocus(10$SKINSHORTCUTS[auto-rootID]0$SKINSHORTCUTS[id]) + Integer.IsGreater(Container(10$SKINSHORTCUTS[auto-rootID]0$SKINSHORTCUTS[id]).ListItem.Property(TotalSeasons),1) + Integer.IsGreater(Container(10$SKINSHORTCUTS[auto-rootID]0$SKINSHORTCUTS[id]).ListItem.Property(TotalEpisodes),1) + Integer.IsGreater(Container(10$SKINSHORTCUTS[auto-rootID]0$SKINSHORTCUTS[id]).ListItem.Property(WatchedEpisodes),0)">$INFO[Container(10$SKINSHORTCUTS[auto-rootID]0$SKINSHORTCUTS[id]).ListItem.TVShowTitle][CR][LIGHT]$INFO[Container(10$SKINSHORTCUTS[auto-rootID]0$SKINSHORTCUTS[id]).ListItem.Year,, &#8226; ]$INFO[Container(10$SKINSHORTCUTS[auto-rootID]0$SKINSHORTCUTS[id]).ListItem.Property(TotalSeasons),, $LOCALIZE[36905] &#8226; ]$INFO[Container(10$SKINSHORTCUTS[auto-rootID]0$SKINSHORTCUTS[id]).ListItem.Property(WatchedEpisodes),$LOCALIZE[16102]: , $LOCALIZE[1443] ]$INFO[Container(10$SKINSHORTCUTS[auto-rootID]0$SKINSHORTCUTS[id]).ListItem.Property(TotalEpisodes),, $LOCALIZE[36907]][/LIGHT]</value>
				<value condition="String.IsEqual(Container(10$SKINSHORTCUTS[auto-rootID]0$SKINSHORTCUTS[id]).ListItem.DBTYPE,tvshow) + Control.IsVisible(1000$SKINSHORTCUTS[auto-rootID]) + Control.HasFocus(10$SKINSHORTCUTS[auto-rootID]0$SKINSHORTCUTS[id]) + Integer.IsGreater(Container(10$SKINSHORTCUTS[auto-rootID]0$SKINSHORTCUTS[id]).ListItem.Property(TotalSeasons),1) + Integer.IsGreater(Container(10$SKINSHORTCUTS[auto-rootID]0$SKINSHORTCUTS[id]).ListItem.Property(TotalEpisodes),1) + Integer.IsEqual(Container(10$SKINSHORTCUTS[auto-rootID]0$SKINSHORTCUTS[id]).ListItem.Property(WatchedEpisodes),0)">$INFO[Container(10$SKINSHORTCUTS[auto-rootID]0$SKINSHORTCUTS[id]).ListItem.TVShowTitle][CR][LIGHT]$INFO[Container(10$SKINSHORTCUTS[auto-rootID]0$SKINSHORTCUTS[id]).ListItem.Year,, &#8226; ]$INFO[Container(10$SKINSHORTCUTS[auto-rootID]0$SKINSHORTCUTS[id]).ListItem.Property(TotalSeasons),, $LOCALIZE[36905] &#8226; ]$INFO[Container(10$SKINSHORTCUTS[auto-rootID]0$SKINSHORTCUTS[id]).ListItem.Property(TotalEpisodes),, $LOCALIZE[36907]][/LIGHT]</value>
					<!-- Seasons == 1 + Episodes > 1 -->
				<value condition="String.IsEqual(Container(10$SKINSHORTCUTS[auto-rootID]0$SKINSHORTCUTS[id]).ListItem.DBTYPE,tvshow) + Control.IsVisible(1000$SKINSHORTCUTS[auto-rootID]) + Control.HasFocus(10$SKINSHORTCUTS[auto-rootID]0$SKINSHORTCUTS[id]) + Integer.IsEqual(Container(10$SKINSHORTCUTS[auto-rootID]0$SKINSHORTCUTS[id]).ListItem.Property(TotalSeasons),1) + Integer.IsGreater(Container(10$SKINSHORTCUTS[auto-rootID]0$SKINSHORTCUTS[id]).ListItem.Property(TotalEpisodes),1) + Integer.IsGreater(Container(10$SKINSHORTCUTS[auto-rootID]0$SKINSHORTCUTS[id]).ListItem.Property(WatchedEpisodes),0)">$INFO[Container(10$SKINSHORTCUTS[auto-rootID]0$SKINSHORTCUTS[id]).ListItem.TVShowTitle][CR][LIGHT]$INFO[Container(10$SKINSHORTCUTS[auto-rootID]0$SKINSHORTCUTS[id]).ListItem.Year,, &#8226; ]$INFO[Container(10$SKINSHORTCUTS[auto-rootID]0$SKINSHORTCUTS[id]).ListItem.Property(TotalSeasons),, $LOCALIZE[36904] &#8226; ]$INFO[Container(10$SKINSHORTCUTS[auto-rootID]0$SKINSHORTCUTS[id]).ListItem.Property(WatchedEpisodes),$LOCALIZE[16102]: , $LOCALIZE[1443] ]$INFO[Container(10$SKINSHORTCUTS[auto-rootID]0$SKINSHORTCUTS[id]).ListItem.Property(TotalEpisodes),, $LOCALIZE[36907]][/LIGHT]</value>
				<value condition="String.IsEqual(Container(10$SKINSHORTCUTS[auto-rootID]0$SKINSHORTCUTS[id]).ListItem.DBTYPE,tvshow) + Control.IsVisible(1000$SKINSHORTCUTS[auto-rootID]) + Control.HasFocus(10$SKINSHORTCUTS[auto-rootID]0$SKINSHORTCUTS[id]) + Integer.IsEqual(Container(10$SKINSHORTCUTS[auto-rootID]0$SKINSHORTCUTS[id]).ListItem.Property(TotalSeasons),1) + Integer.IsGreater(Container(10$SKINSHORTCUTS[auto-rootID]0$SKINSHORTCUTS[id]).ListItem.Property(TotalEpisodes),1) + Integer.IsEqual(Container(10$SKINSHORTCUTS[auto-rootID]0$SKINSHORTCUTS[id]).ListItem.Property(WatchedEpisodes),0)">$INFO[Container(10$SKINSHORTCUTS[auto-rootID]0$SKINSHORTCUTS[id]).ListItem.TVShowTitle][CR][LIGHT]$INFO[Container(10$SKINSHORTCUTS[auto-rootID]0$SKINSHORTCUTS[id]).ListItem.Year,, &#8226; ]$INFO[Container(10$SKINSHORTCUTS[auto-rootID]0$SKINSHORTCUTS[id]).ListItem.Property(TotalSeasons),, $LOCALIZE[36904] &#8226; ]$INFO[Container(10$SKINSHORTCUTS[auto-rootID]0$SKINSHORTCUTS[id]).ListItem.Property(TotalEpisodes),, $LOCALIZE[36907]][/LIGHT]</value>
					<!-- Seasons > 1 + Episodes == 1 -->
				<value condition="String.IsEqual(Container(10$SKINSHORTCUTS[auto-rootID]0$SKINSHORTCUTS[id]).ListItem.DBTYPE,tvshow) + Control.IsVisible(1000$SKINSHORTCUTS[auto-rootID]) + Control.HasFocus(10$SKINSHORTCUTS[auto-rootID]0$SKINSHORTCUTS[id]) + Integer.IsGreater(Container(10$SKINSHORTCUTS[auto-rootID]0$SKINSHORTCUTS[id]).ListItem.Property(TotalSeasons),1) + Integer.IsEqual(Container(10$SKINSHORTCUTS[auto-rootID]0$SKINSHORTCUTS[id]).ListItem.Property(TotalEpisodes),1) + Integer.IsGreater(Container(10$SKINSHORTCUTS[auto-rootID]0$SKINSHORTCUTS[id]).ListItem.Property(WatchedEpisodes),0)">$INFO[Container(10$SKINSHORTCUTS[auto-rootID]0$SKINSHORTCUTS[id]).ListItem.TVShowTitle][CR][LIGHT]$INFO[Container(10$SKINSHORTCUTS[auto-rootID]0$SKINSHORTCUTS[id]).ListItem.Year,, &#8226; ]$INFO[Container(10$SKINSHORTCUTS[auto-rootID]0$SKINSHORTCUTS[id]).ListItem.Property(TotalSeasons),, $LOCALIZE[36905] &#8226; ]$INFO[Container(10$SKINSHORTCUTS[auto-rootID]0$SKINSHORTCUTS[id]).ListItem.Property(WatchedEpisodes),$LOCALIZE[16102]: , $LOCALIZE[1443] ]$INFO[Container(10$SKINSHORTCUTS[auto-rootID]0$SKINSHORTCUTS[id]).ListItem.Property(TotalEpisodes),, $LOCALIZE[36906]][/LIGHT]</value>
				<value condition="String.IsEqual(Container(10$SKINSHORTCUTS[auto-rootID]0$SKINSHORTCUTS[id]).ListItem.DBTYPE,tvshow) + Control.IsVisible(1000$SKINSHORTCUTS[auto-rootID]) + Control.HasFocus(10$SKINSHORTCUTS[auto-rootID]0$SKINSHORTCUTS[id]) + Integer.IsGreater(Container(10$SKINSHORTCUTS[auto-rootID]0$SKINSHORTCUTS[id]).ListItem.Property(TotalSeasons),1) + Integer.IsEqual(Container(10$SKINSHORTCUTS[auto-rootID]0$SKINSHORTCUTS[id]).ListItem.Property(TotalEpisodes),1) + Integer.IsEqual(Container(10$SKINSHORTCUTS[auto-rootID]0$SKINSHORTCUTS[id]).ListItem.Property(WatchedEpisodes),0)">$INFO[Container(10$SKINSHORTCUTS[auto-rootID]0$SKINSHORTCUTS[id]).ListItem.TVShowTitle][CR][LIGHT]$INFO[Container(10$SKINSHORTCUTS[auto-rootID]0$SKINSHORTCUTS[id]).ListItem.Year,, &#8226; ]$INFO[Container(10$SKINSHORTCUTS[auto-rootID]0$SKINSHORTCUTS[id]).ListItem.Property(TotalSeasons),, $LOCALIZE[36905] &#8226; ]$INFO[Container(10$SKINSHORTCUTS[auto-rootID]0$SKINSHORTCUTS[id]).ListItem.Property(TotalEpisodes),, $LOCALIZE[36906]][/LIGHT]</value>
					<!-- Seasons == 1 + Episodes == 1 -->
				<value condition="String.IsEqual(Container(10$SKINSHORTCUTS[auto-rootID]0$SKINSHORTCUTS[id]).ListItem.DBTYPE,tvshow) + Control.IsVisible(1000$SKINSHORTCUTS[auto-rootID]) + Control.HasFocus(10$SKINSHORTCUTS[auto-rootID]0$SKINSHORTCUTS[id]) + Integer.IsEqual(Container(10$SKINSHORTCUTS[auto-rootID]0$SKINSHORTCUTS[id]).ListItem.Property(TotalSeasons),1) + Integer.IsEqual(Container(10$SKINSHORTCUTS[auto-rootID]0$SKINSHORTCUTS[id]).ListItem.Property(TotalEpisodes),1) + Integer.IsGreater(Container(10$SKINSHORTCUTS[auto-rootID]0$SKINSHORTCUTS[id]).ListItem.Property(WatchedEpisodes),0)">$INFO[Container(10$SKINSHORTCUTS[auto-rootID]0$SKINSHORTCUTS[id]).ListItem.TVShowTitle][CR][LIGHT]$INFO[Container(10$SKINSHORTCUTS[auto-rootID]0$SKINSHORTCUTS[id]).ListItem.Year,, &#8226; ]$INFO[Container(10$SKINSHORTCUTS[auto-rootID]0$SKINSHORTCUTS[id]).ListItem.Property(TotalSeasons),, $LOCALIZE[36904] &#8226; ]$INFO[Container(10$SKINSHORTCUTS[auto-rootID]0$SKINSHORTCUTS[id]).ListItem.Property(WatchedEpisodes),$LOCALIZE[16102]: , $LOCALIZE[1443] ]$INFO[Container(10$SKINSHORTCUTS[auto-rootID]0$SKINSHORTCUTS[id]).ListItem.Property(TotalEpisodes),, $LOCALIZE[36906]][/LIGHT]</value>
				<value condition="String.IsEqual(Container(10$SKINSHORTCUTS[auto-rootID]0$SKINSHORTCUTS[id]).ListItem.DBTYPE,tvshow) + Control.IsVisible(1000$SKINSHORTCUTS[auto-rootID]) + Control.HasFocus(10$SKINSHORTCUTS[auto-rootID]0$SKINSHORTCUTS[id]) + Integer.IsEqual(Container(10$SKINSHORTCUTS[auto-rootID]0$SKINSHORTCUTS[id]).ListItem.Property(TotalSeasons),1) + Integer.IsEqual(Container(10$SKINSHORTCUTS[auto-rootID]0$SKINSHORTCUTS[id]).ListItem.Property(TotalEpisodes),1) + Integer.IsEqual(Container(10$SKINSHORTCUTS[auto-rootID]0$SKINSHORTCUTS[id]).ListItem.Property(WatchedEpisodes),0)">$INFO[Container(10$SKINSHORTCUTS[auto-rootID]0$SKINSHORTCUTS[id]).ListItem.TVShowTitle][CR][LIGHT]$INFO[Container(10$SKINSHORTCUTS[auto-rootID]0$SKINSHORTCUTS[id]).ListItem.Year,, &#8226; ]$INFO[Container(10$SKINSHORTCUTS[auto-rootID]0$SKINSHORTCUTS[id]).ListItem.Property(TotalSeasons),, $LOCALIZE[36904] &#8226; ]$INFO[Container(10$SKINSHORTCUTS[auto-rootID]0$SKINSHORTCUTS[id]).ListItem.Property(TotalEpisodes),, $LOCALIZE[36906]][/LIGHT]</value>
					<!-- Seasons > 1 + Episodes == 0 -->
				<value condition="String.IsEqual(Container(10$SKINSHORTCUTS[auto-rootID]0$SKINSHORTCUTS[id]).ListItem.DBTYPE,tvshow) + Control.IsVisible(1000$SKINSHORTCUTS[auto-rootID]) + Control.HasFocus(10$SKINSHORTCUTS[auto-rootID]0$SKINSHORTCUTS[id]) + Integer.IsGreater(Container(10$SKINSHORTCUTS[auto-rootID]0$SKINSHORTCUTS[id]).ListItem.Property(TotalSeasons),1) + Integer.IsEqual(Container(10$SKINSHORTCUTS[auto-rootID]0$SKINSHORTCUTS[id]).ListItem.Property(TotalEpisodes),0)">$INFO[Container(10$SKINSHORTCUTS[auto-rootID]0$SKINSHORTCUTS[id]).ListItem.TVShowTitle][CR][LIGHT]$INFO[Container(10$SKINSHORTCUTS[auto-rootID]0$SKINSHORTCUTS[id]).ListItem.Year,, &#8226; ]$INFO[Container(10$SKINSHORTCUTS[auto-rootID]0$SKINSHORTCUTS[id]).ListItem.Property(TotalSeasons),, $LOCALIZE[36905] &#8226; ]$INFO[Container(10$SKINSHORTCUTS[auto-rootID]0$SKINSHORTCUTS[id]).ListItem.Property(TotalEpisodes),, $LOCALIZE[36907]][/LIGHT]</value>
					<!-- Seasons == 1 + Episodes == 0 -->
				<value condition="String.IsEqual(Container(10$SKINSHORTCUTS[auto-rootID]0$SKINSHORTCUTS[id]).ListItem.DBTYPE,tvshow) + Control.IsVisible(1000$SKINSHORTCUTS[auto-rootID]) + Control.HasFocus(10$SKINSHORTCUTS[auto-rootID]0$SKINSHORTCUTS[id]) + Integer.IsEqual(Container(10$SKINSHORTCUTS[auto-rootID]0$SKINSHORTCUTS[id]).ListItem.Property(TotalSeasons),1) + Integer.IsEqual(Container(10$SKINSHORTCUTS[auto-rootID]0$SKINSHORTCUTS[id]).ListItem.Property(TotalEpisodes),0)">$INFO[Container(10$SKINSHORTCUTS[auto-rootID]0$SKINSHORTCUTS[id]).ListItem.TVShowTitle][CR][LIGHT]$INFO[Container(10$SKINSHORTCUTS[auto-rootID]0$SKINSHORTCUTS[id]).ListItem.Year,, &#8226; ]$INFO[Container(10$SKINSHORTCUTS[auto-rootID]0$SKINSHORTCUTS[id]).ListItem.Property(TotalSeasons),, $LOCALIZE[36904] &#8226; ]$INFO[Container(10$SKINSHORTCUTS[auto-rootID]0$SKINSHORTCUTS[id]).ListItem.Property(TotalEpisodes),, $LOCALIZE[36907]][/LIGHT]</value>
					<!-- Seasons == 0 -->
				<value condition="String.IsEqual(Container(10$SKINSHORTCUTS[auto-rootID]0$SKINSHORTCUTS[id]).ListItem.DBTYPE,tvshow) + Control.IsVisible(1000$SKINSHORTCUTS[auto-rootID]) + Control.HasFocus(10$SKINSHORTCUTS[auto-rootID]0$SKINSHORTCUTS[id]) + Integer.IsEqual(Container(10$SKINSHORTCUTS[auto-rootID]0$SKINSHORTCUTS[id]).ListItem.Property(TotalSeasons),0)">$INFO[Container(10$SKINSHORTCUTS[auto-rootID]0$SKINSHORTCUTS[id]).ListItem.TVShowTitle][CR][LIGHT]$INFO[Container(10$SKINSHORTCUTS[auto-rootID]0$SKINSHORTCUTS[id]).ListItem.Year,, &#8226; ]$INFO[Container(10$SKINSHORTCUTS[auto-rootID]0$SKINSHORTCUTS[id]).ListItem.Property(TotalSeasons),, $LOCALIZE[36905]][/LIGHT]</value>
				<!-- Episodes Widget -->
					<!-- Season + Episodes < 10 -->
				<value condition="String.IsEqual(Container(10$SKINSHORTCUTS[auto-rootID]0$SKINSHORTCUTS[id]).ListItem.DBTYPE,episode) + Control.IsVisible(1000$SKINSHORTCUTS[auto-rootID]) + Control.HasFocus(10$SKINSHORTCUTS[auto-rootID]0$SKINSHORTCUTS[id]) + !Integer.IsGreater(Container(10$SKINSHORTCUTS[auto-rootID]0$SKINSHORTCUTS[id]).ListItem.Season,9) + !Integer.IsGreater(Container(10$SKINSHORTCUTS[auto-rootID]0$SKINSHORTCUTS[id]).ListItem.Episode,9) + !String.IsEqual(Container(10$SKINSHORTCUTS[auto-rootID]0$SKINSHORTCUTS[id]).ListItem.Season,0) + !String.IsEmpty(Container(10$SKINSHORTCUTS[auto-rootID]0$SKINSHORTCUTS[id]).ListItem.Premiered)">S0$INFO[Container(10$SKINSHORTCUTS[auto-rootID]0$SKINSHORTCUTS[id]).ListItem.Season]E0$INFO[Container(10$SKINSHORTCUTS[auto-rootID]0$SKINSHORTCUTS[id]).ListItem.Episode] &#8226; $INFO[Container(10$SKINSHORTCUTS[auto-rootID]0$SKINSHORTCUTS[id]).ListItem.Title][CR][LIGHT]$INFO[Container(10$SKINSHORTCUTS[auto-rootID]0$SKINSHORTCUTS[id]).ListItem.TVShowTitle]$INFO[Container(10$SKINSHORTCUTS[auto-rootID]0$SKINSHORTCUTS[id]).ListItem.Premiered, &#8226; $LOCALIZE[20416]: ,][/LIGHT]</value>
				<value condition="String.IsEqual(Container(10$SKINSHORTCUTS[auto-rootID]0$SKINSHORTCUTS[id]).ListItem.DBTYPE,episode) + Control.IsVisible(1000$SKINSHORTCUTS[auto-rootID]) + Control.HasFocus(10$SKINSHORTCUTS[auto-rootID]0$SKINSHORTCUTS[id]) + !Integer.IsGreater(Container(10$SKINSHORTCUTS[auto-rootID]0$SKINSHORTCUTS[id]).ListItem.Season,9) + !Integer.IsGreater(Container(10$SKINSHORTCUTS[auto-rootID]0$SKINSHORTCUTS[id]).ListItem.Episode,9) + !String.IsEqual(Container(10$SKINSHORTCUTS[auto-rootID]0$SKINSHORTCUTS[id]).ListItem.Season,0) + !String.IsEmpty(Container(10$SKINSHORTCUTS[auto-rootID]0$SKINSHORTCUTS[id]).ListItem.Date)">S0$INFO[Container(10$SKINSHORTCUTS[auto-rootID]0$SKINSHORTCUTS[id]).ListItem.Season]E0$INFO[Container(10$SKINSHORTCUTS[auto-rootID]0$SKINSHORTCUTS[id]).ListItem.Episode] &#8226; $INFO[Container(10$SKINSHORTCUTS[auto-rootID]0$SKINSHORTCUTS[id]).ListItem.Title][CR][LIGHT]$INFO[Container(10$SKINSHORTCUTS[auto-rootID]0$SKINSHORTCUTS[id]).ListItem.TVShowTitle]$INFO[Container(10$SKINSHORTCUTS[auto-rootID]0$SKINSHORTCUTS[id]).ListItem.Date, &#8226; $LOCALIZE[570]: ,][/LIGHT]</value>
					<!-- Season < 10 + Episodes > 10 -->
				<value condition="String.IsEqual(Container(10$SKINSHORTCUTS[auto-rootID]0$SKINSHORTCUTS[id]).ListItem.DBTYPE,episode) + Control.IsVisible(1000$SKINSHORTCUTS[auto-rootID]) + Control.HasFocus(10$SKINSHORTCUTS[auto-rootID]0$SKINSHORTCUTS[id]) + !Integer.IsGreater(Container(10$SKINSHORTCUTS[auto-rootID]0$SKINSHORTCUTS[id]).ListItem.Season,9) + Integer.IsGreater(Container(10$SKINSHORTCUTS[auto-rootID]0$SKINSHORTCUTS[id]).ListItem.Episode,9) + !String.IsEqual(Container(10$SKINSHORTCUTS[auto-rootID]0$SKINSHORTCUTS[id]).ListItem.Season,0) + !String.IsEmpty(Container(10$SKINSHORTCUTS[auto-rootID]0$SKINSHORTCUTS[id]).ListItem.Premiered)">S0$INFO[Container(10$SKINSHORTCUTS[auto-rootID]0$SKINSHORTCUTS[id]).ListItem.Season]E$INFO[Container(10$SKINSHORTCUTS[auto-rootID]0$SKINSHORTCUTS[id]).ListItem.Episode] &#8226; $INFO[Container(10$SKINSHORTCUTS[auto-rootID]0$SKINSHORTCUTS[id]).ListItem.Title][CR][LIGHT]$INFO[Container(10$SKINSHORTCUTS[auto-rootID]0$SKINSHORTCUTS[id]).ListItem.TVShowTitle]$INFO[Container(10$SKINSHORTCUTS[auto-rootID]0$SKINSHORTCUTS[id]).ListItem.Premiered, &#8226; $LOCALIZE[20416]: ,][/LIGHT]</value>
				<value condition="String.IsEqual(Container(10$SKINSHORTCUTS[auto-rootID]0$SKINSHORTCUTS[id]).ListItem.DBTYPE,episode) + Control.IsVisible(1000$SKINSHORTCUTS[auto-rootID]) + Control.HasFocus(10$SKINSHORTCUTS[auto-rootID]0$SKINSHORTCUTS[id]) + !Integer.IsGreater(Container(10$SKINSHORTCUTS[auto-rootID]0$SKINSHORTCUTS[id]).ListItem.Season,9) + Integer.IsGreater(Container(10$SKINSHORTCUTS[auto-rootID]0$SKINSHORTCUTS[id]).ListItem.Episode,9) + !String.IsEqual(Container(10$SKINSHORTCUTS[auto-rootID]0$SKINSHORTCUTS[id]).ListItem.Season,0) + !String.IsEmpty(Container(10$SKINSHORTCUTS[auto-rootID]0$SKINSHORTCUTS[id]).ListItem.Date)">S0$INFO[Container(10$SKINSHORTCUTS[auto-rootID]0$SKINSHORTCUTS[id]).ListItem.Season]E$INFO[Container(10$SKINSHORTCUTS[auto-rootID]0$SKINSHORTCUTS[id]).ListItem.Episode] &#8226; $INFO[Container(10$SKINSHORTCUTS[auto-rootID]0$SKINSHORTCUTS[id]).ListItem.Title][CR][LIGHT]$INFO[Container(10$SKINSHORTCUTS[auto-rootID]0$SKINSHORTCUTS[id]).ListItem.TVShowTitle]$INFO[Container(10$SKINSHORTCUTS[auto-rootID]0$SKINSHORTCUTS[id]).ListItem.Date, &#8226; $LOCALIZE[570]: ,][/LIGHT]</value>
					<!-- Season > 10 + Episodes < 10 -->
				<value condition="String.IsEqual(Container(10$SKINSHORTCUTS[auto-rootID]0$SKINSHORTCUTS[id]).ListItem.DBTYPE,episode) + Control.IsVisible(1000$SKINSHORTCUTS[auto-rootID]) + Control.HasFocus(10$SKINSHORTCUTS[auto-rootID]0$SKINSHORTCUTS[id]) + Integer.IsGreater(Container(10$SKINSHORTCUTS[auto-rootID]0$SKINSHORTCUTS[id]).ListItem.Season,9) + !Integer.IsGreater(Container(10$SKINSHORTCUTS[auto-rootID]0$SKINSHORTCUTS[id]).ListItem.Episode,9) + !String.IsEqual(Container(10$SKINSHORTCUTS[auto-rootID]0$SKINSHORTCUTS[id]).ListItem.Season,0) + !String.IsEmpty(Container(10$SKINSHORTCUTS[auto-rootID]0$SKINSHORTCUTS[id]).ListItem.Premiered)">S$INFO[Container(10$SKINSHORTCUTS[auto-rootID]0$SKINSHORTCUTS[id]).ListItem.Season]E0$INFO[Container(10$SKINSHORTCUTS[auto-rootID]0$SKINSHORTCUTS[id]).ListItem.Episode] &#8226; $INFO[Container(10$SKINSHORTCUTS[auto-rootID]0$SKINSHORTCUTS[id]).ListItem.Title][CR][LIGHT]$INFO[Container(10$SKINSHORTCUTS[auto-rootID]0$SKINSHORTCUTS[id]).ListItem.TVShowTitle]$INFO[Container(10$SKINSHORTCUTS[auto-rootID]0$SKINSHORTCUTS[id]).ListItem.Premiered, &#8226; $LOCALIZE[20416]: ,][/LIGHT]</value>
				<value condition="String.IsEqual(Container(10$SKINSHORTCUTS[auto-rootID]0$SKINSHORTCUTS[id]).ListItem.DBTYPE,episode) + Control.IsVisible(1000$SKINSHORTCUTS[auto-rootID]) + Control.HasFocus(10$SKINSHORTCUTS[auto-rootID]0$SKINSHORTCUTS[id]) + Integer.IsGreater(Container(10$SKINSHORTCUTS[auto-rootID]0$SKINSHORTCUTS[id]).ListItem.Season,9) + !Integer.IsGreater(Container(10$SKINSHORTCUTS[auto-rootID]0$SKINSHORTCUTS[id]).ListItem.Episode,9) + !String.IsEqual(Container(10$SKINSHORTCUTS[auto-rootID]0$SKINSHORTCUTS[id]).ListItem.Season,0) + !String.IsEmpty(Container(10$SKINSHORTCUTS[auto-rootID]0$SKINSHORTCUTS[id]).ListItem.Date)">S$INFO[Container(10$SKINSHORTCUTS[auto-rootID]0$SKINSHORTCUTS[id]).ListItem.Season]E0$INFO[Container(10$SKINSHORTCUTS[auto-rootID]0$SKINSHORTCUTS[id]).ListItem.Episode] &#8226; $INFO[Container(10$SKINSHORTCUTS[auto-rootID]0$SKINSHORTCUTS[id]).ListItem.Title][CR][LIGHT]$INFO[Container(10$SKINSHORTCUTS[auto-rootID]0$SKINSHORTCUTS[id]).ListItem.TVShowTitle]$INFO[Container(10$SKINSHORTCUTS[auto-rootID]0$SKINSHORTCUTS[id]).ListItem.Date, &#8226; $LOCALIZE[570]: ,][/LIGHT]</value>
					<!-- Season > 10 + Episodes > 10 -->
				<value condition="String.IsEqual(Container(10$SKINSHORTCUTS[auto-rootID]0$SKINSHORTCUTS[id]).ListItem.DBTYPE,episode) + Control.IsVisible(1000$SKINSHORTCUTS[auto-rootID]) + Control.HasFocus(10$SKINSHORTCUTS[auto-rootID]0$SKINSHORTCUTS[id]) + Integer.IsGreater(Container(10$SKINSHORTCUTS[auto-rootID]0$SKINSHORTCUTS[id]).ListItem.Season,9) + Integer.IsGreater(Container(10$SKINSHORTCUTS[auto-rootID]0$SKINSHORTCUTS[id]).ListItem.Episode,9) + !String.IsEqual(Container(10$SKINSHORTCUTS[auto-rootID]0$SKINSHORTCUTS[id]).ListItem.Season,0) + !String.IsEmpty(Container(10$SKINSHORTCUTS[auto-rootID]0$SKINSHORTCUTS[id]).ListItem.Premiered)">S$INFO[Container(10$SKINSHORTCUTS[auto-rootID]0$SKINSHORTCUTS[id]).ListItem.Season]E$INFO[Container(10$SKINSHORTCUTS[auto-rootID]0$SKINSHORTCUTS[id]).ListItem.Episode] &#8226; $INFO[Container(10$SKINSHORTCUTS[auto-rootID]0$SKINSHORTCUTS[id]).ListItem.Title][CR][LIGHT]$INFO[Container(10$SKINSHORTCUTS[auto-rootID]0$SKINSHORTCUTS[id]).ListItem.TVShowTitle]$INFO[Container(10$SKINSHORTCUTS[auto-rootID]0$SKINSHORTCUTS[id]).ListItem.Premiered, &#8226; $LOCALIZE[20416]: ,][/LIGHT]</value>
				<value condition="String.IsEqual(Container(10$SKINSHORTCUTS[auto-rootID]0$SKINSHORTCUTS[id]).ListItem.DBTYPE,episode) + Control.IsVisible(1000$SKINSHORTCUTS[auto-rootID]) + Control.HasFocus(10$SKINSHORTCUTS[auto-rootID]0$SKINSHORTCUTS[id]) + Integer.IsGreater(Container(10$SKINSHORTCUTS[auto-rootID]0$SKINSHORTCUTS[id]).ListItem.Season,9) + Integer.IsGreater(Container(10$SKINSHORTCUTS[auto-rootID]0$SKINSHORTCUTS[id]).ListItem.Episode,9) + !String.IsEqual(Container(10$SKINSHORTCUTS[auto-rootID]0$SKINSHORTCUTS[id]).ListItem.Season,0) + !String.IsEmpty(Container(10$SKINSHORTCUTS[auto-rootID]0$SKINSHORTCUTS[id]).ListItem.Date)">S$INFO[Container(10$SKINSHORTCUTS[auto-rootID]0$SKINSHORTCUTS[id]).ListItem.Season]E$INFO[Container(10$SKINSHORTCUTS[auto-rootID]0$SKINSHORTCUTS[id]).ListItem.Episode] &#8226; $INFO[Container(10$SKINSHORTCUTS[auto-rootID]0$SKINSHORTCUTS[id]).ListItem.Title][CR][LIGHT]$INFO[Container(10$SKINSHORTCUTS[auto-rootID]0$SKINSHORTCUTS[id]).ListItem.TVShowTitle]$INFO[Container(10$SKINSHORTCUTS[auto-rootID]0$SKINSHORTCUTS[id]).ListItem.Date, &#8226; $LOCALIZE[570]: ,][/LIGHT]</value>
					<!-- Special -->
				<value condition="String.IsEqual(Container(10$SKINSHORTCUTS[auto-rootID]0$SKINSHORTCUTS[id]).ListItem.DBTYPE,episode) + Control.IsVisible(1000$SKINSHORTCUTS[auto-rootID]) + Control.HasFocus(10$SKINSHORTCUTS[auto-rootID]0$SKINSHORTCUTS[id]) + String.IsEqual(Container(10$SKINSHORTCUTS[auto-rootID]0$SKINSHORTCUTS[id]).ListItem.Season,0) + !String.IsEmpty(Container(10$SKINSHORTCUTS[auto-rootID]0$SKINSHORTCUTS[id]).ListItem.Premiered)">$INFO[Container(10$SKINSHORTCUTS[auto-rootID]0$SKINSHORTCUTS[id]).ListItem.Episode,[UPPERCASE],[/UPPERCASE]] &#8226; $INFO[Container(10$SKINSHORTCUTS[auto-rootID]0$SKINSHORTCUTS[id]).ListItem.Title][CR][LIGHT]$INFO[Container(10$SKINSHORTCUTS[auto-rootID]0$SKINSHORTCUTS[id]).ListItem.TVShowTitle]$INFO[Container(10$SKINSHORTCUTS[auto-rootID]0$SKINSHORTCUTS[id]).ListItem.Premiered, &#8226; $LOCALIZE[20416]: ,][/LIGHT]</value>
				<value condition="String.IsEqual(Container(10$SKINSHORTCUTS[auto-rootID]0$SKINSHORTCUTS[id]).ListItem.DBTYPE,episode) + Control.IsVisible(1000$SKINSHORTCUTS[auto-rootID]) + Control.HasFocus(10$SKINSHORTCUTS[auto-rootID]0$SKINSHORTCUTS[id]) + String.IsEqual(Container(10$SKINSHORTCUTS[auto-rootID]0$SKINSHORTCUTS[id]).ListItem.Season,0) + !String.IsEmpty(Container(10$SKINSHORTCUTS[auto-rootID]0$SKINSHORTCUTS[id]).ListItem.Date)">$INFO[Container(10$SKINSHORTCUTS[auto-rootID]0$SKINSHORTCUTS[id]).ListItem.Episode,[UPPERCASE],[/UPPERCASE]] &#8226; $INFO[Container(10$SKINSHORTCUTS[auto-rootID]0$SKINSHORTCUTS[id]).ListItem.Title][CR][LIGHT]$INFO[Container(10$SKINSHORTCUTS[auto-rootID]0$SKINSHORTCUTS[id]).ListItem.TVShowTitle]$INFO[Container(10$SKINSHORTCUTS[auto-rootID]0$SKINSHORTCUTS[id]).ListItem.Date, &#8226; $LOCALIZE[570]: ,][/LIGHT]</value>
				<!-- PVR Channels - With Info -->
				<value condition="Control.IsVisible(1000$SKINSHORTCUTS[auto-rootID]) + Control.HasFocus(10$SKINSHORTCUTS[auto-rootID]0$SKINSHORTCUTS[id]) + !IsEmpty(Container(10$SKINSHORTCUTS[auto-rootID]0$SKINSHORTCUTS[id]).ListItem.ChannelName) + [!String.IsEmpty(Container(10$SKINSHORTCUTS[auto-rootID]0$SKINSHORTCUTS[id]).ListItem.Title) + !String.IsEqual(Container(10$SKINSHORTCUTS[auto-rootID]0$SKINSHORTCUTS[id]).ListItem.Title,$LOCALIZE[19055])] + !String.StartsWith(Container(10$SKINSHORTCUTS[auto-rootID]0$SKINSHORTCUTS[id]).ListItem.Path,pvr://recordings/tv/) + [String.StartsWith(Container(10$SKINSHORTCUTS[auto-rootID]0$SKINSHORTCUTS[id]).ListItem.Path,pvr://channels/) | String.StartsWith(Container(10$SKINSHORTCUTS[auto-rootID]0$SKINSHORTCUTS[id]).ListItem.Path,pvr://timers/)]">$INFO[Container(10$SKINSHORTCUTS[auto-rootID]0$SKINSHORTCUTS[id]).ListItem.ChannelName]$INFO[Container(10$SKINSHORTCUTS[auto-rootID]0$SKINSHORTCUTS[id]).ListItem.ChannelNumberLabel, (,)][CR][LIGHT]$INFO[Container(10$SKINSHORTCUTS[auto-rootID]0$SKINSHORTCUTS[id]).ListItem.Title] ($INFO[Container(10$SKINSHORTCUTS[auto-rootID]0$SKINSHORTCUTS[id]).ListItem.StartTime] - $INFO[Container(10$SKINSHORTCUTS[auto-rootID]0$SKINSHORTCUTS[id]).ListItem.EndTime])[CR]$INFO[Container(10$SKINSHORTCUTS[auto-rootID]0$SKINSHORTCUTS[id]).ListItem.NextTitle] ($INFO[Container(10$SKINSHORTCUTS[auto-rootID]0$SKINSHORTCUTS[id]).ListItem.NextStartTime] - $INFO[Container(10$SKINSHORTCUTS[auto-rootID]0$SKINSHORTCUTS[id]).ListItem.NextEndTime])[/LIGHT]</value>
				<!-- PVR Channels - No Info -->
				<value condition="Control.IsVisible(1000$SKINSHORTCUTS[auto-rootID]) + Control.HasFocus(10$SKINSHORTCUTS[auto-rootID]0$SKINSHORTCUTS[id]) + !IsEmpty(Container(10$SKINSHORTCUTS[auto-rootID]0$SKINSHORTCUTS[id]).ListItem.ChannelName) + !String.StartsWith(Container(10$SKINSHORTCUTS[auto-rootID]0$SKINSHORTCUTS[id]).ListItem.Path,pvr://recordings/tv/) + [String.StartsWith(Container(10$SKINSHORTCUTS[auto-rootID]0$SKINSHORTCUTS[id]).ListItem.Path,pvr://channels/) | String.StartsWith(Container(10$SKINSHORTCUTS[auto-rootID]0$SKINSHORTCUTS[id]).ListItem.Path,pvr://timers/)]">$INFO[Container(10$SKINSHORTCUTS[auto-rootID]0$SKINSHORTCUTS[id]).ListItem.ChannelName]$INFO[Container(10$SKINSHORTCUTS[auto-rootID]0$SKINSHORTCUTS[id]).ListItem.ChannelNumberLabel, (,)]</value>
				<!-- PVR Recordings -->
				<value condition="Control.IsVisible(1000$SKINSHORTCUTS[auto-rootID]) + Control.HasFocus(10$SKINSHORTCUTS[auto-rootID]0$SKINSHORTCUTS[id]) + !IsEmpty(Container(10$SKINSHORTCUTS[auto-rootID]0$SKINSHORTCUTS[id]).ListItem.StartTime) + String.StartsWith(Container(10$SKINSHORTCUTS[auto-rootID]0$SKINSHORTCUTS[id]).ListItem.Path,pvr://recordings/tv/)">$INFO[Container(10$SKINSHORTCUTS[auto-rootID]0$SKINSHORTCUTS[id]).ListItem.Label][CR][LIGHT]$INFO[Container(10$SKINSHORTCUTS[auto-rootID]0$SKINSHORTCUTS[id]).ListItem.StartDate]$INFO[Container(10$SKINSHORTCUTS[auto-rootID]0$SKINSHORTCUTS[id]).ListItem.StartTime, - ,][/LIGHT]</value>
				<!-- Songs/Music videos -->
				<value condition="[String.IsEqual(Container(10$SKINSHORTCUTS[auto-rootID]0$SKINSHORTCUTS[id]).ListItem.DBTYPE,song) | String.IsEqual(Container(10$SKINSHORTCUTS[auto-rootID]0$SKINSHORTCUTS[id]).ListItem.DBTYPE,musicvideo)] + Control.IsVisible(1000$SKINSHORTCUTS[auto-rootID]) + Control.HasFocus(10$SKINSHORTCUTS[auto-rootID]0$SKINSHORTCUTS[id]) + !String.IsEmpty(Container(10$SKINSHORTCUTS[auto-rootID]0$SKINSHORTCUTS[id]).ListItem.Artist) + !String.IsEmpty(Container(10$SKINSHORTCUTS[auto-rootID]0$SKINSHORTCUTS[id]).ListItem.Album)">$INFO[Container(10$SKINSHORTCUTS[auto-rootID]0$SKINSHORTCUTS[id]).ListItem.TrackNumber,,. ]$INFO[Container(10$SKINSHORTCUTS[auto-rootID]0$SKINSHORTCUTS[id]).ListItem.Title][CR][LIGHT]$INFO[Container(10$SKINSHORTCUTS[auto-rootID]0$SKINSHORTCUTS[id]).ListItem.Artist]$INFO[Container(10$SKINSHORTCUTS[auto-rootID]0$SKINSHORTCUTS[id]).ListItem.Album, &#8226; ,]$INFO[Container(10$SKINSHORTCUTS[auto-rootID]0$SKINSHORTCUTS[id]).ListItem.Year, &#8226; ,][/LIGHT]</value>
				<!-- Albums -->
				<value condition="String.IsEqual(Container(10$SKINSHORTCUTS[auto-rootID]0$SKINSHORTCUTS[id]).ListItem.DBTYPE,album) + Control.IsVisible(1000$SKINSHORTCUTS[auto-rootID]) + Control.HasFocus(10$SKINSHORTCUTS[auto-rootID]0$SKINSHORTCUTS[id]) + !String.IsEmpty(Container(10$SKINSHORTCUTS[auto-rootID]0$SKINSHORTCUTS[id]).ListItem.Artist) + !String.IsEmpty(Container(10$SKINSHORTCUTS[auto-rootID]0$SKINSHORTCUTS[id]).ListItem.Album)">$INFO[Container(10$SKINSHORTCUTS[auto-rootID]0$SKINSHORTCUTS[id]).ListItem.Album][CR][LIGHT]$INFO[Container(10$SKINSHORTCUTS[auto-rootID]0$SKINSHORTCUTS[id]).ListItem.Artist]$INFO[Container(10$SKINSHORTCUTS[auto-rootID]0$SKINSHORTCUTS[id]).ListItem.Year, &#8226; ,][/LIGHT]</value>
				<!-- Others -->
				<value condition="Control.IsVisible(1000$SKINSHORTCUTS[auto-rootID]) + Control.HasFocus(10$SKINSHORTCUTS[auto-rootID]0$SKINSHORTCUTS[id])">$INFO[Container(10$SKINSHORTCUTS[auto-rootID]0$SKINSHORTCUTS[id]).ListItem.Label]</value>
			</variable>
			<variable name="widgetBackground">
				<value condition="Window.Is(Home) + Control.IsVisible(1000$SKINSHORTCUTS[auto-rootID]) + Control.HasFocus(10$SKINSHORTCUTS[auto-rootID]0$SKINSHORTCUTS[id]) + $SKINSHORTCUTS[isWeather]">$INFO[Skin.String(weatherFanart.path)]$INFO[Container(10$SKINSHORTCUTS[auto-rootID]0$SKINSHORTCUTS[id]).ListItem.Property(weatherFanart)]$INFO[Skin.String(weatherFanart.ext)]</value>
				<value condition="Window.Is(visualisation)">$INFO[Player.Art(fanart)]</value>
				<value condition="!String.IsEmpty(ListItem.Art(fanart))">$INFO[ListItem.Art(fanart)]</value>
			</variable>
		</variables>
	</submenuOther>
	
</template>
