<?xml version="1.0" encoding="UTF-8" standalone="yes"?>
<addon id="repository.fprxy" name="fprxy repository" version="1.2" provider-name="fprxy">
    <extension point="xbmc.addon.repository" name="fprxy repository">
        <dir>
            <info compressed="false">https://raw.githubusercontent.com/fprxy/fprxy.github.io/master/repo/zips/addons.xml</info>
            <checksum>https://raw.githubusercontent.com/fprxy/fprxy.github.io/master/repo/zips/addons.xml.md5</checksum>
            <datadir zip="true">https://raw.githubusercontent.com/fprxy/fprxy.github.io/master/repo/zips/</datadir>
        </dir>
    </extension>
    <extension point="xbmc.addon.metadata">
        <summary>fprxy repository</summary>
        <description>fprxy repository</description>
        <disclaimer></disclaimer>
        <platform>all</platform>
        <assets>
            <icon>icon.png</icon>
            <fanart>fanart.jpg</fanart>
        </assets>
    </extension>
</addon>
