<?xml version="1.0" encoding="UTF-8"?>
<includes>

	<include name="MyGames_coords1">
		<include condition="$EXP[NonMaskedCoordinates]">MyGames_coords1_16:9</include>
		<include condition="String.IsEqual(Skin.AspectRatio,21:9)">MyGames_coords1_21:9</include>
		<include condition="$EXP[MaskedCoordinates]">MyGames_coords1_21:9_masked</include>
		<include condition="String.IsEqual(Skin.AspectRatio,4:3)">MyGames_coords1_4:3</include>
	</include>
	<include name="MyGames_coords1_16:9">
		<left>690</left>
		<centertop>50%</centertop>
		<width>20</width>
		<height>680</height>
	</include>
	<include name="MyGames_coords1_21:9">
		<left>690</left>
		<centertop>50%</centertop>
		<width>20</width>
		<height>680</height>
	</include>
	<include name="MyGames_coords1_21:9_masked">
		<left>690</left>
		<centertop>50%</centertop>
		<width>20</width>
		<height>680</height>
	</include>
	<include name="MyGames_coords1_4:3">
		<left>690</left>
		<centertop>50%</centertop>
		<width>20</width>
		<height>680</height>
	</include>
	
	<include name="MyGames_coords2">
		<include condition="$EXP[NonMaskedCoordinates]">MyGames_coords2_16:9</include>
		<include condition="String.IsEqual(Skin.AspectRatio,21:9)">MyGames_coords2_21:9</include>
		<include condition="$EXP[MaskedCoordinates]">MyGames_coords2_21:9_masked</include>
		<include condition="String.IsEqual(Skin.AspectRatio,4:3)">MyGames_coords2_4:3</include>
	</include>
	<include name="MyGames_coords2_16:9">
		<centerleft>50%</centerleft>
		<top>812</top>
		<width>1680</width>
		<height>20</height>
	</include>
	<include name="MyGames_coords2_21:9">
		<centerleft>50%</centerleft>
		<top>812</top>
		<width>2320</width>
		<height>20</height>
	</include>
	<include name="MyGames_coords2_21:9_masked">
		<centerleft>50%</centerleft>
		<top>992</top>
		<width>2320</width>
		<height>20</height>
	</include>
	<include name="MyGames_coords2_4:3">
		<centerleft>50%</centerleft>
		<top>812</top>
		<width>1200</width>
		<height>20</height>
	</include>
	
	<include name="MyGames_coords3">
		<include condition="$EXP[NonMaskedCoordinates]">MyGames_coords3_16:9</include>
		<include condition="String.IsEqual(Skin.AspectRatio,21:9)">MyGames_coords3_21:9</include>
		<include condition="$EXP[MaskedCoordinates]">MyGames_coords3_21:9_masked</include>
		<include condition="String.IsEqual(Skin.AspectRatio,4:3)">MyGames_coords3_4:3</include>
	</include>
	<include name="MyGames_coords3_16:9">
		<left>120</left>
		<top>195</top>
		<width>20</width>
		<height>626</height>
	</include>
	<include name="MyGames_coords3_21:9">
		<left>120</left>
		<top>195</top>
		<width>20</width>
		<height>626</height>
	</include>
	<include name="MyGames_coords3_21:9_masked">
		<left>120</left>
		<top>375</top>
		<width>20</width>
		<height>626</height>
	</include>
	<include name="MyGames_coords3_4:3">
		<left>120</left>
		<top>195</top>
		<width>20</width>
		<height>626</height>
	</include>

</includes>