<?xml version="1.0" encoding="UTF-8"?>
<includes>

	<include name="DialogPVRChannelsOSD_coords1">
		<include condition="$EXP[NonMaskedCoordinates]">DialogPVRChannelsOSD_coords1_16:9</include>
		<include condition="String.IsEqual(Skin.AspectRatio,21:9)">DialogPVRChannelsOSD_coords1_21:9</include>
		<include condition="$EXP[MaskedCoordinates]">DialogPVRChannelsOSD_coords1_21:9_masked</include>
		<include condition="String.IsEqual(Skin.AspectRatio,4:3)">DialogPVRChannelsOSD_coords1_4:3</include>
	</include>
	<include name="DialogPVRChannelsOSD_coords1_16:9">
		<left>100</left>
		<top>171</top>
		<width>1720</width>
		<height>738</height>
	</include>
	<include name="DialogPVRChannelsOSD_coords1_21:9">
		<left>420</left>
		<top>171</top>
		<width>1720</width>
		<height>738</height>
	</include>
	<include name="DialogPVRChannelsOSD_coords1_21:9_masked">
		<left>420</left>
		<top>351</top>
		<width>1720</width>
		<height>738</height>
	</include>
	<include name="DialogPVRChannelsOSD_coords1_4:3">
		<left>100</left>
		<top>171</top>
		<width>1240</width>
		<height>738</height>
	</include>
	
	<include name="DialogPVRChannelsOSD_coords2">
		<include condition="$EXP[NonMaskedCoordinates]">DialogPVRChannelsOSD_coords2_16:9</include>
		<include condition="String.IsEqual(Skin.AspectRatio,21:9)">DialogPVRChannelsOSD_coords2_21:9</include>
		<include condition="$EXP[MaskedCoordinates]">DialogPVRChannelsOSD_coords2_21:9_masked</include>
		<include condition="String.IsEqual(Skin.AspectRatio,4:3)">DialogPVRChannelsOSD_coords2_4:3</include>
	</include>
	<include name="DialogPVRChannelsOSD_coords2_16:9">
		<width>1720</width>
		<height>738</height>
	</include>
	<include name="DialogPVRChannelsOSD_coords2_21:9">
		<width>1720</width>
		<height>738</height>
	</include>
	<include name="DialogPVRChannelsOSD_coords2_21:9_masked">
		<width>1720</width>
		<height>738</height>
	</include>
	<include name="DialogPVRChannelsOSD_coords2_4:3">
		<width>1240</width>
		<height>738</height>
	</include>
	
	<include name="DialogPVRChannelsOSD_coords3">
		<include condition="$EXP[NonMaskedCoordinates]">DialogPVRChannelsOSD_coords3_16:9</include>
		<include condition="String.IsEqual(Skin.AspectRatio,21:9)">DialogPVRChannelsOSD_coords3_21:9</include>
		<include condition="$EXP[MaskedCoordinates]">DialogPVRChannelsOSD_coords3_21:9_masked</include>
		<include condition="String.IsEqual(Skin.AspectRatio,4:3)">DialogPVRChannelsOSD_coords3_4:3</include>
	</include>
	<include name="DialogPVRChannelsOSD_coords3_16:9">
		<left>335</left>
		<top>31</top>
		<width>220</width>
		<height>220</height>
	</include>
	<include name="DialogPVRChannelsOSD_coords3_21:9">
		<left>335</left>
		<top>31</top>
		<width>220</width>
		<height>220</height>
	</include>
	<include name="DialogPVRChannelsOSD_coords3_21:9_masked">
		<left>335</left>
		<top>31</top>
		<width>220</width>
		<height>220</height>
	</include>
	<include name="DialogPVRChannelsOSD_coords3_4:3">
		<left>204</left>
		<top>31</top>
		<width>220</width>
		<height>220</height>
	</include>
	
	<include name="DialogPVRChannelsOSD_coords4">
		<include condition="$EXP[NonMaskedCoordinates]">DialogPVRChannelsOSD_coords4_16:9</include>
		<include condition="String.IsEqual(Skin.AspectRatio,21:9)">DialogPVRChannelsOSD_coords4_21:9</include>
		<include condition="$EXP[MaskedCoordinates]">DialogPVRChannelsOSD_coords4_21:9_masked</include>
		<include condition="String.IsEqual(Skin.AspectRatio,4:3)">DialogPVRChannelsOSD_coords4_4:3</include>
	</include>
	<include name="DialogPVRChannelsOSD_coords4_16:9">
		<left>70</left>
		<top>282</top>
		<width>750</width>
		<height>436</height>
	</include>
	<include name="DialogPVRChannelsOSD_coords4_21:9">
		<left>70</left>
		<top>282</top>
		<width>750</width>
		<height>436</height>
	</include>
	<include name="DialogPVRChannelsOSD_coords4_21:9_masked">
		<left>70</left>
		<top>282</top>
		<width>750</width>
		<height>436</height>
	</include>
	<include name="DialogPVRChannelsOSD_coords4_4:3">
		<left>70</left>
		<top>282</top>
		<width>510</width>
		<height>436</height>
	</include>
	
	<include name="DialogPVRChannelsOSD_coords5">
		<include condition="$EXP[NonMaskedCoordinates]">DialogPVRChannelsOSD_coords5_16:9</include>
		<include condition="String.IsEqual(Skin.AspectRatio,21:9)">DialogPVRChannelsOSD_coords5_21:9</include>
		<include condition="$EXP[MaskedCoordinates]">DialogPVRChannelsOSD_coords5_21:9_masked</include>
		<include condition="String.IsEqual(Skin.AspectRatio,4:3)">DialogPVRChannelsOSD_coords5_4:3</include>
	</include>
	<include name="DialogPVRChannelsOSD_coords5_16:9">
		<height>408</height>
	</include>
	<include name="DialogPVRChannelsOSD_coords5_21:9">
		<height>408</height>
	</include>
	<include name="DialogPVRChannelsOSD_coords5_21:9_masked">
		<height>408</height>
	</include>
	<include name="DialogPVRChannelsOSD_coords5_4:3">
		<height>408</height>
	</include>
	
	<include name="DialogPVRChannelsOSD_coords6">
		<include condition="$EXP[NonMaskedCoordinates]">DialogPVRChannelsOSD_coords6_16:9</include>
		<include condition="String.IsEqual(Skin.AspectRatio,21:9)">DialogPVRChannelsOSD_coords6_21:9</include>
		<include condition="$EXP[MaskedCoordinates]">DialogPVRChannelsOSD_coords6_21:9_masked</include>
		<include condition="String.IsEqual(Skin.AspectRatio,4:3)">DialogPVRChannelsOSD_coords6_4:3</include>
	</include>
	<include name="DialogPVRChannelsOSD_coords6_16:9">
		<height>420</height>
	</include>
	<include name="DialogPVRChannelsOSD_coords6_21:9">
		<height>420</height>
	</include>
	<include name="DialogPVRChannelsOSD_coords6_21:9_masked">
		<height>420</height>
	</include>
	<include name="DialogPVRChannelsOSD_coords6_4:3">
		<height>420</height>
	</include>
	
	<include name="DialogPVRChannelsOSD_coords7">
		<include condition="$EXP[NonMaskedCoordinates]">DialogPVRChannelsOSD_coords7_16:9</include>
		<include condition="String.IsEqual(Skin.AspectRatio,21:9)">DialogPVRChannelsOSD_coords7_21:9</include>
		<include condition="$EXP[MaskedCoordinates]">DialogPVRChannelsOSD_coords7_21:9_masked</include>
		<include condition="String.IsEqual(Skin.AspectRatio,4:3)">DialogPVRChannelsOSD_coords7_4:3</include>
	</include>
	<include name="DialogPVRChannelsOSD_coords7_16:9">
		<height>398</height>
	</include>
	<include name="DialogPVRChannelsOSD_coords7_21:9">
		<height>398</height>
	</include>
	<include name="DialogPVRChannelsOSD_coords7_21:9_masked">
		<height>398</height>
	</include>
	<include name="DialogPVRChannelsOSD_coords7_4:3">
		<height>398</height>
	</include>
	
	<include name="DialogPVRChannelsOSD_coords8">
		<include condition="$EXP[NonMaskedCoordinates]">DialogPVRChannelsOSD_coords8_16:9</include>
		<include condition="String.IsEqual(Skin.AspectRatio,21:9)">DialogPVRChannelsOSD_coords8_21:9</include>
		<include condition="$EXP[MaskedCoordinates]">DialogPVRChannelsOSD_coords8_21:9_masked</include>
		<include condition="String.IsEqual(Skin.AspectRatio,4:3)">DialogPVRChannelsOSD_coords8_4:3</include>
	</include>
	<include name="DialogPVRChannelsOSD_coords8_16:9">
		<right>70</right>
		<top>25</top>
		<width>750</width>
		<height>33</height>
	</include>
	<include name="DialogPVRChannelsOSD_coords8_21:9">
		<right>70</right>
		<top>25</top>
		<width>750</width>
		<height>33</height>
	</include>
	<include name="DialogPVRChannelsOSD_coords8_21:9_masked">
		<right>70</right>
		<top>25</top>
		<width>750</width>
		<height>33</height>
	</include>
	<include name="DialogPVRChannelsOSD_coords8_4:3">
		<right>70</right>
		<top>25</top>
		<width>510</width>
		<height>33</height>
	</include>
	
	<include name="DialogPVRChannelsOSD_coords9">
		<include condition="$EXP[NonMaskedCoordinates]">DialogPVRChannelsOSD_coords9_16:9</include>
		<include condition="String.IsEqual(Skin.AspectRatio,21:9)">DialogPVRChannelsOSD_coords9_21:9</include>
		<include condition="$EXP[MaskedCoordinates]">DialogPVRChannelsOSD_coords9_21:9_masked</include>
		<include condition="String.IsEqual(Skin.AspectRatio,4:3)">DialogPVRChannelsOSD_coords9_4:3</include>
	</include>
	<include name="DialogPVRChannelsOSD_coords9_16:9">
		<right>70</right>
		<top>83</top>
		<width>750</width>
		<height>630</height>
	</include>
	<include name="DialogPVRChannelsOSD_coords9_21:9">
		<right>70</right>
		<top>83</top>
		<width>750</width>
		<height>630</height>
	</include>
	<include name="DialogPVRChannelsOSD_coords9_21:9_masked">
		<right>70</right>
		<top>83</top>
		<width>750</width>
		<height>630</height>
	</include>
	<include name="DialogPVRChannelsOSD_coords9_4:3">
		<right>70</right>
		<top>83</top>
		<width>510</width>
		<height>630</height>
	</include>
	
	<include name="DialogPVRChannelsOSD_coords10">
		<include condition="$EXP[NonMaskedCoordinates]">DialogPVRChannelsOSD_coords10_16:9</include>
		<include condition="String.IsEqual(Skin.AspectRatio,21:9)">DialogPVRChannelsOSD_coords10_21:9</include>
		<include condition="$EXP[MaskedCoordinates]">DialogPVRChannelsOSD_coords10_21:9_masked</include>
		<include condition="String.IsEqual(Skin.AspectRatio,4:3)">DialogPVRChannelsOSD_coords10_4:3</include>
	</include>
	<include name="DialogPVRChannelsOSD_coords10_16:9">
		<itemlayout height="90" width="750">
			<control type="label">
				<top>-12</top>
				<width>680</width>
				<height>90</height>
				<font>Font36</font>
				<label>$INFO[ListItem.ChannelName]</label>
				<textcolor>$VAR[TextColorNF]</textcolor>
			</control>
			<control type="label">
				<top>58</top>
				<width>750</width>
				<height>27</height>
				<font>Font27</font>
				<textcolor>$VAR[TextColorNF]</textcolor>
				<label>[LIGHT]$INFO[ListItem.StartTime,,:][/LIGHT] $INFO[ListItem.Title]</label>
			</control>
			<control type="label">
				<right>0</right>
				<top>-12</top>
				<width>50</width>
				<height>90</height>
				<font>Font36</font>
				<label>$INFO[ListItem.ChannelNumberLabel]</label>
				<align>right</align>
				<textcolor>$VAR[TextColorNF]</textcolor>
			</control>
		</itemlayout>
	</include>
	<include name="DialogPVRChannelsOSD_coords10_21:9">
		<itemlayout height="90" width="750">
			<control type="label">
				<top>-12</top>
				<width>680</width>
				<height>90</height>
				<font>Font36</font>
				<label>$INFO[ListItem.ChannelName]</label>
				<textcolor>$VAR[TextColorNF]</textcolor>
			</control>
			<control type="label">
				<left>32</left>
				<top>58</top>
				<width>750</width>
				<height>27</height>
				<font>Font27</font>
				<textcolor>$VAR[TextColorNF]</textcolor>
				<label>[LIGHT]$INFO[ListItem.StartTime,,:][/LIGHT] $INFO[ListItem.Title]</label>
			</control>
			<control type="label">
				<right>0</right>
				<top>-12</top>
				<width>50</width>
				<height>90</height>
				<font>Font36</font>
				<label>$INFO[ListItem.ChannelNumberLabel]</label>
				<align>right</align>
				<textcolor>$VAR[TextColorNF]</textcolor>
			</control>
		</itemlayout>
	</include>
	<include name="DialogPVRChannelsOSD_coords10_21:9_masked">
		<itemlayout height="90" width="750">
			<control type="label">
				<top>-12</top>
				<width>680</width>
				<height>90</height>
				<font>Font36</font>
				<label>$INFO[ListItem.ChannelName]</label>
				<textcolor>$VAR[TextColorNF]</textcolor>
			</control>
			<control type="label">
				<top>58</top>
				<width>750</width>
				<height>27</height>
				<font>Font27</font>
				<textcolor>$VAR[TextColorNF]</textcolor>
				<label>[LIGHT]$INFO[ListItem.StartTime,,:][/LIGHT] $INFO[ListItem.Title]</label>
			</control>
			<control type="label">
				<right>0</right>
				<top>-12</top>
				<width>50</width>
				<height>90</height>
				<font>Font36</font>
				<label>$INFO[ListItem.ChannelNumberLabel]</label>
				<align>right</align>
				<textcolor>$VAR[TextColorNF]</textcolor>
			</control>
		</itemlayout>
	</include>
	<include name="DialogPVRChannelsOSD_coords10_4:3">
		<itemlayout height="90" width="510">
			<control type="label">
				<top>-12</top>
				<width>440</width>
				<height>90</height>
				<font>Font36</font>
				<label>$INFO[ListItem.ChannelName]</label>
				<textcolor>$VAR[TextColorNF]</textcolor>
			</control>
			<control type="label">
				<top>58</top>
				<width>510</width>
				<height>27</height>
				<font>Font27</font>
				<textcolor>$VAR[TextColorNF]</textcolor>
				<label>[LIGHT]$INFO[ListItem.StartTime,,:][/LIGHT] $INFO[ListItem.Title]</label>
			</control>
			<control type="label">
				<right>0</right>
				<top>-12</top>
				<width>50</width>
				<height>90</height>
				<font>Font36</font>
				<label>$INFO[ListItem.ChannelNumberLabel]</label>
				<align>right</align>
				<textcolor>$VAR[TextColorNF]</textcolor>
			</control>
		</itemlayout>
	</include>
	
	<include name="DialogPVRChannelsOSD_coords11">
		<include condition="$EXP[NonMaskedCoordinates]">DialogPVRChannelsOSD_coords11_16:9</include>
		<include condition="String.IsEqual(Skin.AspectRatio,21:9)">DialogPVRChannelsOSD_coords11_21:9</include>
		<include condition="$EXP[MaskedCoordinates]">DialogPVRChannelsOSD_coords11_21:9_masked</include>
		<include condition="String.IsEqual(Skin.AspectRatio,4:3)">DialogPVRChannelsOSD_coords11_4:3</include>
	</include>
	<include name="DialogPVRChannelsOSD_coords11_16:9">
		<focusedlayout height="180" width="750">
			<control type="group">
				<include content="NonFocusFadeAnimation">
					<param name="id">11</param>
				</include>
				<control type="label">
					<top>43</top>
					<width>680</width>
					<height>48</height>
					<font>Font48</font>
					<scroll>True</scroll>
					<label>$INFO[ListItem.ChannelName]</label>
					<textcolor>$VAR[TextColorFO]</textcolor>
				</control>
				<control type="label">
					<top>100</top>
					<width>750</width>
					<height>27</height>
					<font>Font27</font>
					<scroll>True</scroll>
					<label>[LIGHT]$INFO[ListItem.StartTime,,:][/LIGHT] $INFO[ListItem.Title]</label>
					<textcolor>$VAR[TextColorFO]</textcolor>
				</control>
				<control type="label">
					<top>127</top>
					<width>750</width>
					<height>27</height>
					<font>Font27</font>
					<scroll>True</scroll>
					<label>[LIGHT]$INFO[ListItem.NextStartTime,,:][/LIGHT] $INFO[ListItem.NextTitle]</label>
					<textcolor>$VAR[TextColorFO]</textcolor>
				</control>
				<control type="image">
					<top>43</top>
					<width>750</width>
					<height>58</height>
					<texture colordiffuse="$VAR[TextColorFO]">$VAR[focus58]</texture>
				</control>
				<control type="label">
					<right>0</right>
					<top>43</top>
					<width>50</width>
					<height>48</height>
					<font>Font36</font>
					<scroll>True</scroll>
					<label>$INFO[ListItem.ChannelNumberLabel]</label>
					<align>right</align>
					<textcolor>$VAR[TextColorFO]</textcolor>
				</control>
			</control>
		</focusedlayout>
	</include>
	<include name="DialogPVRChannelsOSD_coords11_21:9">
		<focusedlayout height="180" width="750">
			<control type="group">
				<include content="NonFocusFadeAnimation">
					<param name="id">11</param>
				</include>
				<control type="label">
					<top>43</top>
					<width>680</width>
					<height>48</height>
					<font>Font48</font>
					<scroll>True</scroll>
					<label>$INFO[ListItem.ChannelName]</label>
					<textcolor>$VAR[TextColorFO]</textcolor>
				</control>
				<control type="label">
					<top>100</top>
					<width>750</width>
					<height>27</height>
					<font>Font27</font>
					<scroll>True</scroll>
					<label>[LIGHT]$INFO[ListItem.StartTime,,:][/LIGHT] $INFO[ListItem.Title]</label>
					<textcolor>$VAR[TextColorFO]</textcolor>
				</control>
				<control type="label">
					<top>127</top>
					<width>750</width>
					<height>27</height>
					<font>Font27</font>
					<scroll>True</scroll>
					<label>[LIGHT]$INFO[ListItem.NextStartTime,,:][/LIGHT] $INFO[ListItem.NextTitle]</label>
					<textcolor>$VAR[TextColorFO]</textcolor>
				</control>
				<control type="image">
					<top>43</top>
					<width>750</width>
					<height>58</height>
					<texture colordiffuse="$VAR[TextColorFO]">$VAR[focus58]</texture>
				</control>
				<control type="label">
					<right>0</right>
					<top>43</top>
					<width>50</width>
					<height>48</height>
					<font>Font36</font>
					<scroll>True</scroll>
					<label>$INFO[ListItem.ChannelNumberLabel]</label>
					<align>right</align>
					<textcolor>$VAR[TextColorFO]</textcolor>
				</control>
			</control>
		</focusedlayout>
	</include>
	<include name="DialogPVRChannelsOSD_coords11_21:9_masked">
		<focusedlayout height="180" width="750">
			<control type="group">
				<include content="NonFocusFadeAnimation">
					<param name="id">11</param>
				</include>
				<control type="label">
					<top>43</top>
					<width>680</width>
					<height>48</height>
					<font>Font48</font>
					<scroll>True</scroll>
					<label>$INFO[ListItem.ChannelName]</label>
					<textcolor>$VAR[TextColorFO]</textcolor>
				</control>
				<control type="label">
					<top>100</top>
					<width>750</width>
					<height>27</height>
					<font>Font27</font>
					<scroll>True</scroll>
					<label>[LIGHT]$INFO[ListItem.StartTime,,:][/LIGHT] $INFO[ListItem.Title]</label>
					<textcolor>$VAR[TextColorFO]</textcolor>
				</control>
				<control type="label">
					<top>127</top>
					<width>750</width>
					<height>27</height>
					<font>Font27</font>
					<scroll>True</scroll>
					<label>[LIGHT]$INFO[ListItem.NextStartTime,,:][/LIGHT] $INFO[ListItem.NextTitle]</label>
					<textcolor>$VAR[TextColorFO]</textcolor>
				</control>
				<control type="image">
					<top>43</top>
					<width>750</width>
					<height>58</height>
					<texture colordiffuse="$VAR[TextColorFO]">$VAR[focus58]</texture>
				</control>
				<control type="label">
					<right>0</right>
					<top>43</top>
					<width>50</width>
					<height>48</height>
					<font>Font36</font>
					<scroll>True</scroll>
					<label>$INFO[ListItem.ChannelNumberLabel]</label>
					<align>right</align>
					<textcolor>$VAR[TextColorFO]</textcolor>
				</control>
			</control>
		</focusedlayout>
	</include>
	<include name="DialogPVRChannelsOSD_coords11_4:3">
		<focusedlayout height="180" width="510">
			<control type="group">
				<include content="NonFocusFadeAnimation">
					<param name="id">11</param>
				</include>
				<control type="label">
					<top>43</top>
					<width>440</width>
					<height>48</height>
					<font>Font48</font>
					<scroll>True</scroll>
					<label>$INFO[ListItem.ChannelName]</label>
					<textcolor>$VAR[TextColorFO]</textcolor>
				</control>
				<control type="label">
					<top>100</top>
					<width>510</width>
					<height>27</height>
					<font>Font27</font>
					<scroll>True</scroll>
					<label>[LIGHT]$INFO[ListItem.StartTime,,:][/LIGHT] $INFO[ListItem.Title]</label>
					<textcolor>$VAR[TextColorFO]</textcolor>
				</control>
				<control type="label">
					<top>127</top>
					<width>510</width>
					<height>27</height>
					<font>Font27</font>
					<scroll>True</scroll>
					<label>[LIGHT]$INFO[ListItem.NextStartTime,,:][/LIGHT] $INFO[ListItem.NextTitle]</label>
					<textcolor>$VAR[TextColorFO]</textcolor>
				</control>
				<control type="image">
					<top>43</top>
					<width>510</width>
					<height>58</height>
					<texture colordiffuse="$VAR[TextColorFO]">$VAR[focus58]</texture>
				</control>
				<control type="label">
					<right>0</right>
					<top>43</top>
					<width>50</width>
					<height>48</height>
					<font>Font36</font>
					<scroll>True</scroll>
					<label>$INFO[ListItem.ChannelNumberLabel]</label>
					<align>right</align>
					<textcolor>$VAR[TextColorFO]</textcolor>
				</control>
			</control>
		</focusedlayout>
	</include>
	
	<include name="DialogPVRChannelsOSD_coords12">
		<include condition="$EXP[NonMaskedCoordinates]">DialogPVRChannelsOSD_coords12_16:9</include>
		<include condition="String.IsEqual(Skin.AspectRatio,21:9)">DialogPVRChannelsOSD_coords12_21:9</include>
		<include condition="$EXP[MaskedCoordinates]">DialogPVRChannelsOSD_coords12_21:9_masked</include>
		<include condition="String.IsEqual(Skin.AspectRatio,4:3)">DialogPVRChannelsOSD_coords12_4:3</include>
	</include>
	<include name="DialogPVRChannelsOSD_coords12_16:9">
		<left>850</left>
		<top>103</top>
		<width>20</width>
		<height>590</height>
	</include>
	<include name="DialogPVRChannelsOSD_coords12_21:9">
		<left>850</left>
		<top>103</top>
		<width>20</width>
		<height>590</height>
	</include>
	<include name="DialogPVRChannelsOSD_coords12_21:9_masked">
		<left>850</left>
		<top>103</top>
		<width>20</width>
		<height>590</height>
	</include>
	<include name="DialogPVRChannelsOSD_coords12_4:3">
		<left>610</left>
		<top>103</top>
		<width>20</width>
		<height>590</height>
	</include>
	
	<include name="DialogPVRChannelsOSD_coords13">
		<include condition="$EXP[NonMaskedCoordinates]">DialogPVRChannelsOSD_coords13_16:9</include>
		<include condition="String.IsEqual(Skin.AspectRatio,21:9)">DialogPVRChannelsOSD_coords13_21:9</include>
		<include condition="$EXP[MaskedCoordinates]">DialogPVRChannelsOSD_coords13_21:9_masked</include>
		<include condition="String.IsEqual(Skin.AspectRatio,4:3)">DialogPVRChannelsOSD_coords13_4:3</include>
	</include>
	<include name="DialogPVRChannelsOSD_coords13_16:9">
		<left>10</left>
		<centertop>50%</centertop>
		<width>30</width>
		<height>30</height>
	</include>
	<include name="DialogPVRChannelsOSD_coords13_21:9">
		<left>10</left>
		<centertop>50%</centertop>
		<width>30</width>
		<height>30</height>
	</include>
	<include name="DialogPVRChannelsOSD_coords13_21:9_masked">
		<left>10</left>
		<centertop>50%</centertop>
		<width>30</width>
		<height>30</height>
	</include>
	<include name="DialogPVRChannelsOSD_coords13_4:3">
		<left>10</left>
		<centertop>50%</centertop>
		<width>30</width>
		<height>30</height>
	</include>
	
	<include name="DialogPVRChannelsOSD_coords14">
		<include condition="$EXP[NonMaskedCoordinates]">DialogPVRChannelsOSD_coords14_16:9</include>
		<include condition="String.IsEqual(Skin.AspectRatio,21:9)">DialogPVRChannelsOSD_coords14_21:9</include>
		<include condition="$EXP[MaskedCoordinates]">DialogPVRChannelsOSD_coords14_21:9_masked</include>
		<include condition="String.IsEqual(Skin.AspectRatio,4:3)">DialogPVRChannelsOSD_coords14_4:3</include>
	</include>
	<include name="DialogPVRChannelsOSD_coords14_16:9">
		<right>10</right>
		<centertop>50%</centertop>
		<width>30</width>
		<height>30</height>
	</include>
	<include name="DialogPVRChannelsOSD_coords14_21:9">
		<right>10</right>
		<centertop>50%</centertop>
		<width>30</width>
		<height>30</height>
	</include>
	<include name="DialogPVRChannelsOSD_coords14_21:9_masked">
		<right>10</right>
		<centertop>50%</centertop>
		<width>30</width>
		<height>30</height>
	</include>
	<include name="DialogPVRChannelsOSD_coords14_4:3">
		<right>10</right>
		<centertop>50%</centertop>
		<width>30</width>
		<height>30</height>
	</include>

</includes>