<?xml version="1.0" encoding="UTF-8"?>
<includes>

	<include name="DialogSeekBar_coords1">
		<include condition="$EXP[NonMaskedCoordinates]">DialogSeekBar_coords1_16:9</include>
		<include condition="String.IsEqual(Skin.AspectRatio,21:9)">DialogSeekBar_coords1_21:9</include>
		<include condition="$EXP[MaskedCoordinates]">DialogSeekBar_coords1_21:9_masked</include>
		<include condition="String.IsEqual(Skin.AspectRatio,4:3)">DialogSeekBar_coords1_4:3</include>
	</include>
	<include name="DialogSeekBar_coords1_16:9">
		<left>150</left>
		<top>75</top>
		<width>1620</width>
		<height>930</height>
	</include>
	<include name="DialogSeekBar_coords1_21:9">
		<left>150</left>
		<top>75</top>
		<width>2260</width>
		<height>930</height>
	</include>
	<include name="DialogSeekBar_coords1_21:9_masked">
		<left>150</left>
		<top>255</top>
		<width>2260</width>
		<height>930</height>
	</include>
	<include name="DialogSeekBar_coords1_4:3">
		<left>150</left>
		<top>75</top>
		<width>1140</width>
		<height>930</height>
	</include>
	
	<include name="DialogSeekBar_coords2">
		<include condition="$EXP[NonMaskedCoordinates]">DialogSeekBar_coords2_16:9</include>
		<include condition="String.IsEqual(Skin.AspectRatio,21:9)">DialogSeekBar_coords2_21:9</include>
		<include condition="$EXP[MaskedCoordinates]">DialogSeekBar_coords2_21:9_masked</include>
		<include condition="String.IsEqual(Skin.AspectRatio,4:3)">DialogSeekBar_coords2_4:3</include>
	</include>
	<include name="DialogSeekBar_coords2_16:9">
		<top>795</top>
		<width>1620</width>
		<height>60</height>
	</include>
	<include name="DialogSeekBar_coords2_21:9">
		<top>795</top>
		<width>2260</width>
		<height>60</height>
	</include>
	<include name="DialogSeekBar_coords2_21:9_masked">
		<top>795</top>
		<width>2260</width>
		<height>60</height>
	</include>
	<include name="DialogSeekBar_coords2_4:3">
		<top>795</top>
		<width>1140</width>
		<height>60</height>
	</include>
	
	<include name="DialogSeekBar_coords3">
		<include condition="$EXP[NonMaskedCoordinates]">DialogSeekBar_coords3_16:9</include>
		<include condition="String.IsEqual(Skin.AspectRatio,21:9)">DialogSeekBar_coords3_21:9</include>
		<include condition="$EXP[MaskedCoordinates]">DialogSeekBar_coords3_21:9_masked</include>
		<include condition="String.IsEqual(Skin.AspectRatio,4:3)">DialogSeekBar_coords3_4:3</include>
	</include>
	<include name="DialogSeekBar_coords3_16:9">
		<top>75</top>
		<width>1620</width>
		<height>60</height>
	</include>
	<include name="DialogSeekBar_coords3_21:9">
		<top>75</top>
		<width>2260</width>
		<height>60</height>
	</include>
	<include name="DialogSeekBar_coords3_21:9_masked">
		<top>75</top>
		<width>2260</width>
		<height>60</height>
	</include>
	<include name="DialogSeekBar_coords3_4:3">
		<top>75</top>
		<width>1140</width>
		<height>60</height>
	</include>
	
	<include name="DialogSeekBar_coords4">
		<include condition="$EXP[NonMaskedCoordinates]">DialogSeekBar_coords4_16:9</include>
		<include condition="String.IsEqual(Skin.AspectRatio,21:9)">DialogSeekBar_coords4_21:9</include>
		<include condition="$EXP[MaskedCoordinates]">DialogSeekBar_coords4_21:9_masked</include>
		<include condition="String.IsEqual(Skin.AspectRatio,4:3)">DialogSeekBar_coords4_4:3</include>
	</include>
	<include name="DialogSeekBar_coords4_16:9">
		<left>280</left>
		<top>12</top>
		<width>920</width>
		<height>20</height>
	</include>
	<include name="DialogSeekBar_coords4_21:9">
		<left>280</left>
		<top>12</top>
		<width>1560</width>
		<height>20</height>
	</include>
	<include name="DialogSeekBar_coords4_21:9_masked">
		<left>280</left>
		<top>12</top>
		<width>1560</width>
		<height>20</height>
	</include>
	<include name="DialogSeekBar_coords4_4:3">
		<left>280</left>
		<top>12</top>
		<width>440</width>
		<height>20</height>
	</include>

</includes>