<?xml version="1.0" encoding="UTF-8"?>
<includes>

	<include name="heading_coords1">
		<include condition="$EXP[NonMaskedCoordinates]">heading_coords1_16:9</include>
		<include condition="String.IsEqual(Skin.AspectRatio,21:9)">heading_coords1_21:9</include>
		<include condition="$EXP[MaskedCoordinates]">heading_coords1_21:9_masked</include>
		<include condition="String.IsEqual(Skin.AspectRatio,4:3)">heading_coords1_4:3</include>
	</include>
	<include name="heading_coords1_16:9">
		<left>120</left>
		<top>94</top>
		<width>300</width>
		<height>33</height>
	</include>
	<include name="heading_coords1_21:9">
		<left>120</left>
		<top>94</top>
		<width>300</width>
		<height>33</height>
	</include>
	<include name="heading_coords1_21:9_masked">
		<left>120</left>
		<top>274</top>
		<width>300</width>
		<height>33</height>
	</include>
	<include name="heading_coords1_4:3">
		<left>120</left>
		<top>94</top>
		<width>300</width>
		<height>33</height>
	</include>
	
	<include name="heading_coords2">
		<include condition="$EXP[NonMaskedCoordinates]">heading_coords2_16:9</include>
		<include condition="String.IsEqual(Skin.AspectRatio,21:9)">heading_coords2_21:9</include>
		<include condition="$EXP[MaskedCoordinates]">heading_coords2_21:9_masked</include>
		<include condition="String.IsEqual(Skin.AspectRatio,4:3)">heading_coords2_4:3</include>
	</include>
	<include name="heading_coords2_16:9">
		<left>120</left>
		<top>94</top>
		<width>528</width>
		<height>33</height>
	</include>
	<include name="heading_coords2_21:9">
		<left>120</left>
		<top>94</top>
		<width>528</width>
		<height>33</height>
	</include>
	<include name="heading_coords2_21:9_masked">
		<left>120</left>
		<top>274</top>
		<width>528</width>
		<height>33</height>
	</include>
	<include name="heading_coords2_4:3">
		<left>120</left>
		<top>94</top>
		<width>528</width>
		<height>33</height>
	</include>
	
	<include name="heading_coords3">
		<include condition="$EXP[NonMaskedCoordinates]">heading_coords3_16:9</include>
		<include condition="String.IsEqual(Skin.AspectRatio,21:9)">heading_coords3_21:9</include>
		<include condition="$EXP[MaskedCoordinates]">heading_coords3_21:9_masked</include>
		<include condition="String.IsEqual(Skin.AspectRatio,4:3)">heading_coords3_4:3</include>
	</include>
	<include name="heading_coords3_16:9">
		<left>120</left>
		<top>127</top>
		<width>300</width>
		<height>33</height>
	</include>
	<include name="heading_coords3_21:9">
		<left>120</left>
		<top>127</top>
		<width>300</width>
		<height>33</height>
	</include>
	<include name="heading_coords3_21:9_masked">
		<left>120</left>
		<top>307</top>
		<width>300</width>
		<height>33</height>
	</include>
	<include name="heading_coords3_4:3">
		<left>120</left>
		<top>127</top>
		<width>300</width>
		<height>33</height>
	</include>
	
	<include name="heading_coords4">
		<include condition="$EXP[NonMaskedCoordinates]">heading_coords4_16:9</include>
		<include condition="String.IsEqual(Skin.AspectRatio,21:9)">heading_coords4_21:9</include>
		<include condition="$EXP[MaskedCoordinates]">heading_coords4_21:9_masked</include>
		<include condition="String.IsEqual(Skin.AspectRatio,4:3)">heading_coords4_4:3</include>
	</include>
	<include name="heading_coords4_16:9">
		<left>120</left>
		<top>127</top>
		<width>528</width>
		<height>33</height>
	</include>
	<include name="heading_coords4_21:9">
		<left>120</left>
		<top>127</top>
		<width>528</width>
		<height>33</height>
	</include>
	<include name="heading_coords4_21:9_masked">
		<left>120</left>
		<top>307</top>
		<width>528</width>
		<height>33</height>
	</include>
	<include name="heading_coords4_4:3">
		<left>120</left>
		<top>127</top>
		<width>528</width>
		<height>33</height>
	</include>
	
	<include name="ScrollingLabel_coords1">
		<include condition="$EXP[NonMaskedCoordinates]">ScrollingLabel_coords1_16:9</include>
		<include condition="String.IsEqual(Skin.AspectRatio,21:9)">ScrollingLabel_coords1_21:9</include>
		<include condition="$EXP[MaskedCoordinates]">ScrollingLabel_coords1_21:9_masked</include>
		<include condition="String.IsEqual(Skin.AspectRatio,4:3)">ScrollingLabel_coords1_4:3</include>
	</include>
	<include name="ScrollingLabel_coords1_16:9">
		<top>90</top>
		<left>-100</left>
		<width>175</width>
		<height>75</height>
	</include>
	<include name="ScrollingLabel_coords1_21:9">
		<top>90</top>
		<left>-100</left>
		<width>175</width>
		<height>75</height>
	</include>
	<include name="ScrollingLabel_coords1_21:9_masked">
		<top>270</top>
		<left>-100</left>
		<width>175</width>
		<height>75</height>
	</include>
	<include name="ScrollingLabel_coords1_4:3">
		<top>90</top>
		<left>-100</left>
		<width>175</width>
		<height>75</height>
	</include>
	
	<include name="ScrollingLabel_coords2">
		<include condition="$EXP[NonMaskedCoordinates]">ScrollingLabel_coords2_16:9</include>
		<include condition="String.IsEqual(Skin.AspectRatio,21:9)">ScrollingLabel_coords2_21:9</include>
		<include condition="$EXP[MaskedCoordinates]">ScrollingLabel_coords2_21:9_masked</include>
		<include condition="String.IsEqual(Skin.AspectRatio,4:3)">ScrollingLabel_coords2_4:3</include>
	</include>
	<include name="ScrollingLabel_coords2_16:9">
		<top>90</top>
		<left>0</left>
		<width>75</width>
		<height>75</height>
	</include>
	<include name="ScrollingLabel_coords2_21:9">
		<top>90</top>
		<left>0</left>
		<width>75</width>
		<height>75</height>
	</include>
	<include name="ScrollingLabel_coords2_21:9_masked">
		<top>270</top>
		<left>0</left>
		<width>75</width>
		<height>75</height>
	</include>
	<include name="ScrollingLabel_coords2_4:3">
		<top>90</top>
		<left>0</left>
		<width>75</width>
		<height>75</height>
	</include>
	
	<include name="timenowplaying_coords1">
		<include condition="$EXP[NonMaskedCoordinates]">timenowplaying_coords1_16:9</include>
		<include condition="String.IsEqual(Skin.AspectRatio,21:9)">timenowplaying_coords1_21:9</include>
		<include condition="$EXP[MaskedCoordinates]">timenowplaying_coords1_21:9_masked</include>
		<include condition="String.IsEqual(Skin.AspectRatio,4:3)">timenowplaying_coords1_4:3</include>
	</include>
	<include name="timenowplaying_coords1_16:9">
		<right>120</right>
		<top>94</top>
		<width>1280</width>
	</include>
	<include name="timenowplaying_coords1_21:9">
		<right>120</right>
		<top>94</top>
		<width>1920</width>
	</include>
	<include name="timenowplaying_coords1_21:9_masked">
		<right>120</right>
		<top>274</top>
		<width>1920</width>
	</include>
	<include name="timenowplaying_coords1_4:3">
		<right>120</right>
		<top>94</top>
		<width>800</width>
	</include>
	
	<include name="timenowplaying_coords2">
		<include condition="$EXP[NonMaskedCoordinates]">timenowplaying_coords2_16:9</include>
		<include condition="String.IsEqual(Skin.AspectRatio,21:9)">timenowplaying_coords2_21:9</include>
		<include condition="$EXP[MaskedCoordinates]">timenowplaying_coords2_21:9_masked</include>
		<include condition="String.IsEqual(Skin.AspectRatio,4:3)">timenowplaying_coords2_4:3</include>
	</include>
	<include name="timenowplaying_coords2_16:9">
		<right>120</right>
		<top>94</top>
		<width>1052</width>
	</include>
	<include name="timenowplaying_coords2_21:9">
		<right>120</right>
		<top>94</top>
		<width>1692</width>
	</include>
	<include name="timenowplaying_coords2_21:9_masked">
		<right>120</right>
		<top>274</top>
		<width>1692</width>
	</include>
	<include name="timenowplaying_coords2_4:3">
		<right>120</right>
		<top>94</top>
		<width>572</width>
	</include>
	
	<include name="time_coords1">
		<include condition="$EXP[NonMaskedCoordinates]">time_coords1_16:9</include>
		<include condition="String.IsEqual(Skin.AspectRatio,21:9)">time_coords1_21:9</include>
		<include condition="$EXP[MaskedCoordinates]">time_coords1_21:9_masked</include>
		<include condition="String.IsEqual(Skin.AspectRatio,4:3)">time_coords1_4:3</include>
	</include>
	<include name="time_coords1_16:9">
		<height>33</height>
	</include>
	<include name="time_coords1_21:9">
		<height>33</height>
	</include>
	<include name="time_coords1_21:9_masked">
		<height>33</height>
	</include>
	<include name="time_coords1_4:3">
		<height>33</height>
	</include>
	
	<include name="time_coords2">
		<include condition="$EXP[NonMaskedCoordinates]">time_coords2_16:9</include>
		<include condition="String.IsEqual(Skin.AspectRatio,21:9)">time_coords2_21:9</include>
		<include condition="$EXP[MaskedCoordinates]">time_coords2_21:9_masked</include>
		<include condition="String.IsEqual(Skin.AspectRatio,4:3)">time_coords2_4:3</include>
	</include>
	<include name="time_coords2_16:9">
		<top>33</top>
		<height>33</height>
	</include>
	<include name="time_coords2_21:9">
		<top>33</top>
		<height>33</height>
	</include>
	<include name="time_coords2_21:9_masked">
		<top>33</top>
		<height>33</height>
	</include>
	<include name="time_coords2_4:3">
		<top>33</top>
		<height>33</height>
	</include>
	
	<include name="nowplaying_coords1">
		<include condition="$EXP[NonMaskedCoordinates]">nowplaying_coords1_16:9</include>
		<include condition="String.IsEqual(Skin.AspectRatio,21:9)">nowplaying_coords1_21:9</include>
		<include condition="$EXP[MaskedCoordinates]">nowplaying_coords1_21:9_masked</include>
		<include condition="String.IsEqual(Skin.AspectRatio,4:3)">nowplaying_coords1_4:3</include>
	</include>
	<include name="nowplaying_coords1_16:9">
		<right>120</right>
		<width>1160</width>
		<height>66</height>
	</include>
	<include name="nowplaying_coords1_21:9">
		<right>120</right>
		<width>1800</width>
		<height>66</height>
	</include>
	<include name="nowplaying_coords1_21:9_masked">
		<right>120</right>
		<width>1800</width>
		<height>66</height>
	</include>
	<include name="nowplaying_coords1_4:3">
		<right>120</right>
		<width>680</width>
		<height>66</height>
	</include>
	
	<include name="nowplaying_coords2">
		<include condition="$EXP[NonMaskedCoordinates]">nowplaying_coords2_16:9</include>
		<include condition="String.IsEqual(Skin.AspectRatio,21:9)">nowplaying_coords2_21:9</include>
		<include condition="$EXP[MaskedCoordinates]">nowplaying_coords2_21:9_masked</include>
		<include condition="String.IsEqual(Skin.AspectRatio,4:3)">nowplaying_coords2_4:3</include>
	</include>
	<include name="nowplaying_coords2_16:9">
		<right>120</right>
		<width>932</width>
		<height>66</height>
	</include>
	<include name="nowplaying_coords2_21:9">
		<right>120</right>
		<width>1572</width>
		<height>66</height>
	</include>
	<include name="nowplaying_coords2_21:9_masked">
		<right>120</right>
		<width>1572</width>
		<height>66</height>
	</include>
	<include name="nowplaying_coords2_4:3">
		<right>120</right>
		<width>452</width>
		<height>66</height>
	</include>
	
	<include name="nowplaying_coords4">
		<include condition="$EXP[NonMaskedCoordinates]">nowplaying_coords4_16:9</include>
		<include condition="String.IsEqual(Skin.AspectRatio,21:9)">nowplaying_coords4_21:9</include>
		<include condition="$EXP[MaskedCoordinates]">nowplaying_coords4_21:9_masked</include>
		<include condition="String.IsEqual(Skin.AspectRatio,4:3)">nowplaying_coords4_4:3</include>
	</include>
	<include name="nowplaying_coords4_16:9">
		<height>33</height>
	</include>
	<include name="nowplaying_coords4_21:9">
		<height>33</height>
	</include>
	<include name="nowplaying_coords4_21:9_masked">
		<height>33</height>
	</include>
	<include name="nowplaying_coords4_4:3">
		<height>33</height>
	</include>
	
	<include name="nowplaying_coords5">
		<include condition="$EXP[NonMaskedCoordinates]">nowplaying_coords5_16:9</include>
		<include condition="String.IsEqual(Skin.AspectRatio,21:9)">nowplaying_coords5_21:9</include>
		<include condition="$EXP[MaskedCoordinates]">nowplaying_coords5_21:9_masked</include>
		<include condition="String.IsEqual(Skin.AspectRatio,4:3)">nowplaying_coords5_4:3</include>
	</include>
	<include name="nowplaying_coords5_16:9">
		<top>33</top>
		<height>33</height>
	</include>
	<include name="nowplaying_coords5_21:9">
		<top>33</top>
		<height>33</height>
	</include>
	<include name="nowplaying_coords5_21:9_masked">
		<top>33</top>
		<height>33</height>
	</include>
	<include name="nowplaying_coords5_4:3">
		<top>33</top>
		<height>33</height>
	</include>
	
	<include name="nowplaying_coords6">
		<include condition="$EXP[NonMaskedCoordinates]">nowplaying_coords6_16:9</include>
		<include condition="String.IsEqual(Skin.AspectRatio,21:9)">nowplaying_coords6_21:9</include>
		<include condition="$EXP[MaskedCoordinates]">nowplaying_coords6_21:9_masked</include>
		<include condition="String.IsEqual(Skin.AspectRatio,4:3)">nowplaying_coords6_4:3</include>
	</include>
	<include name="nowplaying_coords6_16:9">
		<right>50</right>
		<top>6</top>
		<width>60</width>
		<height>60</height>
	</include>
	<include name="nowplaying_coords6_21:9">
		<right>50</right>
		<top>6</top>
		<width>60</width>
		<height>60</height>
	</include>
	<include name="nowplaying_coords6_21:9_masked">
		<right>50</right>
		<top>6</top>
		<width>60</width>
		<height>60</height>
	</include>
	<include name="nowplaying_coords6_4:3">
		<right>50</right>
		<top>6</top>
		<width>60</width>
		<height>60</height>
	</include>
	
	<include name="nowplaying_coords7">
		<include condition="$EXP[NonMaskedCoordinates]">nowplaying_coords7_16:9</include>
		<include condition="String.IsEqual(Skin.AspectRatio,21:9)">nowplaying_coords7_21:9</include>
		<include condition="$EXP[MaskedCoordinates]">nowplaying_coords7_21:9_masked</include>
		<include condition="String.IsEqual(Skin.AspectRatio,4:3)">nowplaying_coords7_4:3</include>
	</include>
	<include name="nowplaying_coords7_16:9">
		<right>-10</right>
		<top>6</top>
		<width>60</width>
		<height>60</height>
	</include>
	<include name="nowplaying_coords7_21:9">
		<right>-10</right>
		<top>6</top>
		<width>60</width>
		<height>60</height>
	</include>
	<include name="nowplaying_coords7_21:9_masked">
		<right>-10</right>
		<top>6</top>
		<width>60</width>
		<height>60</height>
	</include>
	<include name="nowplaying_coords7_4:3">
		<right>-10</right>
		<top>6</top>
		<width>60</width>
		<height>60</height>
	</include>
	
</includes>
