<?xml version="1.0" encoding="UTF-8"?>
<includes>
	
	<include name="SmartPlaylistRule_coords1">
		<include condition="$EXP[NonMaskedCoordinates]">SmartPlaylistRule_coords1_16:9</include>
		<include condition="String.IsEqual(Skin.AspectRatio,21:9)">SmartPlaylistRule_coords1_21:9</include>
		<include condition="$EXP[MaskedCoordinates]">SmartPlaylistRule_coords1_21:9_masked</include>
		<include condition="String.IsEqual(Skin.AspectRatio,4:3)">SmartPlaylistRule_coords1_4:3</include>
	</include>
	<include name="SmartPlaylistRule_coords1_16:9">
		<left>600</left>
		<top>228</top>
		<width>1170</width>
	</include>
	<include name="SmartPlaylistRule_coords1_21:9">
		<left>600</left>
		<top>228</top>
		<width>1810</width>
	</include>
	<include name="SmartPlaylistRule_coords1_21:9_masked">
		<left>600</left>
		<top>408</top>
		<width>1810</width>
	</include>
	<include name="SmartPlaylistRule_coords1_4:3">
		<left>600</left>
		<top>228</top>
		<width>690</width>
	</include>
	
	<include name="SmartPlaylistRule_coords2">
		<include condition="$EXP[NonMaskedCoordinates]">SmartPlaylistRule_coords2_16:9</include>
		<include condition="String.IsEqual(Skin.AspectRatio,21:9)">SmartPlaylistRule_coords2_21:9</include>
		<include condition="$EXP[MaskedCoordinates]">SmartPlaylistRule_coords2_21:9_masked</include>
		<include condition="String.IsEqual(Skin.AspectRatio,4:3)">SmartPlaylistRule_coords2_4:3</include>
	</include>
	<include name="SmartPlaylistRule_coords2_16:9">
		<width>360</width>
		<height>66</height>
	</include>
	<include name="SmartPlaylistRule_coords2_21:9">
		<width>360</width>
		<height>66</height>
	</include>
	<include name="SmartPlaylistRule_coords2_21:9_masked">
		<width>360</width>
		<height>66</height>
	</include>
	<include name="SmartPlaylistRule_coords2_4:3">
		<width>360</width>
		<height>66</height>
	</include>
	
	<include name="SmartPlaylistRule_coords3">
		<include condition="$EXP[NonMaskedCoordinates]">SmartPlaylistRule_coords3_16:9</include>
		<include condition="String.IsEqual(Skin.AspectRatio,21:9)">SmartPlaylistRule_coords3_21:9</include>
		<include condition="$EXP[MaskedCoordinates]">SmartPlaylistRule_coords3_21:9_masked</include>
		<include condition="String.IsEqual(Skin.AspectRatio,4:3)">SmartPlaylistRule_coords3_4:3</include>
	</include>
	<include name="SmartPlaylistRule_coords3_16:9">
		<top>66</top>
		<width>1170</width>
	</include>
	<include name="SmartPlaylistRule_coords3_21:9">
		<top>66</top>
		<width>1810</width>
	</include>
	<include name="SmartPlaylistRule_coords3_21:9_masked">
		<top>66</top>
		<width>1810</width>
	</include>
	<include name="SmartPlaylistRule_coords3_4:3">
		<top>66</top>
		<width>690</width>
	</include>
	
	<include name="SmartPlaylistRule_coords4">
		<include condition="$EXP[NonMaskedCoordinates]">SmartPlaylistRule_coords4_16:9</include>
		<include condition="String.IsEqual(Skin.AspectRatio,21:9)">SmartPlaylistRule_coords4_21:9</include>
		<include condition="$EXP[MaskedCoordinates]">SmartPlaylistRule_coords4_21:9_masked</include>
		<include condition="String.IsEqual(Skin.AspectRatio,4:3)">SmartPlaylistRule_coords4_4:3</include>
	</include>
	<include name="SmartPlaylistRule_coords4_16:9">
		<top>132</top>
		<width>1170</width>
	</include>
	<include name="SmartPlaylistRule_coords4_21:9">
		<top>132</top>
		<width>1810</width>
	</include>
	<include name="SmartPlaylistRule_coords4_21:9_masked">
		<top>132</top>
		<width>1810</width>
	</include>
	<include name="SmartPlaylistRule_coords4_4:3">
		<top>132</top>
		<width>690</width>
	</include>
	
	<include name="SmartPlaylistRule_coords5">
		<include condition="$EXP[NonMaskedCoordinates]">SmartPlaylistRule_coords5_16:9</include>
		<include condition="String.IsEqual(Skin.AspectRatio,21:9)">SmartPlaylistRule_coords5_21:9</include>
		<include condition="$EXP[MaskedCoordinates]">SmartPlaylistRule_coords5_21:9_masked</include>
		<include condition="String.IsEqual(Skin.AspectRatio,4:3)">SmartPlaylistRule_coords5_4:3</include>
	</include>
	<include name="SmartPlaylistRule_coords5_16:9">
		<top>198</top>
		<width>1170</width>
	</include>
	<include name="SmartPlaylistRule_coords5_21:9">
		<top>198</top>
		<width>1810</width>
	</include>
	<include name="SmartPlaylistRule_coords5_21:9_masked">
		<top>198</top>
		<width>1810</width>
	</include>
	<include name="SmartPlaylistRule_coords5_4:3">
		<top>198</top>
		<width>690</width>
	</include>
	
	<include name="SmartPlaylistRule_coords6">
		<include condition="$EXP[NonMaskedCoordinates]">SmartPlaylistRule_coords6_16:9</include>
		<include condition="String.IsEqual(Skin.AspectRatio,21:9)">SmartPlaylistRule_coords6_21:9</include>
		<include condition="$EXP[MaskedCoordinates]">SmartPlaylistRule_coords6_21:9_masked</include>
		<include condition="String.IsEqual(Skin.AspectRatio,4:3)">SmartPlaylistRule_coords6_4:3</include>
	</include>
	<include name="SmartPlaylistRule_coords6_16:9">
		<top>264</top>
		<width>1170</width>
	</include>
	<include name="SmartPlaylistRule_coords6_21:9">
		<top>264</top>
		<width>1810</width>
	</include>
	<include name="SmartPlaylistRule_coords6_21:9_masked">
		<top>264</top>
		<width>1810</width>
	</include>
	<include name="SmartPlaylistRule_coords6_4:3">
		<top>264</top>
		<width>690</width>
	</include>

</includes>