<?xml version="1.0" encoding="UTF-8"?>
<includes>

	<include name="DialogSelect_coords1">
		<include condition="$EXP[NonMaskedCoordinates]">DialogSelect_coords1_16:9</include>
		<include condition="String.IsEqual(Skin.AspectRatio,21:9)">DialogSelect_coords1_21:9</include>
		<include condition="$EXP[MaskedCoordinates]">DialogSelect_coords1_21:9_masked</include>
		<include condition="String.IsEqual(Skin.AspectRatio,4:3)">DialogSelect_coords1_4:3</include>
	</include>
	<include name="DialogSelect_coords1_16:9">
		<left>150</left>
		<top>225</top>
		<width>405</width>
		<height>600</height>
	</include>
	<include name="DialogSelect_coords1_21:9">
		<left>150</left>
		<top>225</top>
		<width>405</width>
		<height>600</height>
	</include>
	<include name="DialogSelect_coords1_21:9_masked">
		<left>150</left>
		<top>405</top>
		<width>405</width>
		<height>600</height>
	</include>
	<include name="DialogSelect_coords1_4:3">
		<left>150</left>
		<top>225</top>
		<width>405</width>
		<height>600</height>
	</include>
	
	<include name="DialogSelect_coords2">
		<include condition="$EXP[NonMaskedCoordinates]">DialogSelect_coords2_16:9</include>
		<include condition="String.IsEqual(Skin.AspectRatio,21:9)">DialogSelect_coords2_21:9</include>
		<include condition="$EXP[MaskedCoordinates]">DialogSelect_coords2_21:9_masked</include>
		<include condition="String.IsEqual(Skin.AspectRatio,4:3)">DialogSelect_coords2_4:3</include>
	</include>
	<include name="DialogSelect_coords2_16:9">
		<left>690</left>
		<centertop>50%</centertop>
		<width>20</width>
		<height>652</height>
	</include>
	<include name="DialogSelect_coords2_21:9">
		<left>690</left>
		<centertop>50%</centertop>
		<width>20</width>
		<height>652</height>
	</include>
	<include name="DialogSelect_coords2_21:9_masked">
		<left>690</left>
		<centertop>50%</centertop>
		<width>20</width>
		<height>652</height>
	</include>
	<include name="DialogSelect_coords2_4:3">
		<left>690</left>
		<centertop>50%</centertop>
		<width>20</width>
		<height>652</height>
	</include>
	
	<include name="DialogSelect_coords3">
		<include condition="$EXP[NonMaskedCoordinates]">DialogSelect_coords3_16:9</include>
		<include condition="String.IsEqual(Skin.AspectRatio,21:9)">DialogSelect_coords3_21:9</include>
		<include condition="$EXP[MaskedCoordinates]">DialogSelect_coords3_21:9_masked</include>
		<include condition="String.IsEqual(Skin.AspectRatio,4:3)">DialogSelect_coords3_4:3</include>
	</include>
	<include name="DialogSelect_coords3_16:9">
		<left>750</left>
		<centertop>50%</centertop>
		<width>1020</width>
		<height>696</height>
	</include>
	<include name="DialogSelect_coords3_21:9">
		<left>750</left>
		<centertop>50%</centertop>
		<width>1660</width>
		<height>696</height>
	</include>
	<include name="DialogSelect_coords3_21:9_masked">
		<left>750</left>
		<centertop>50%</centertop>
		<width>1660</width>
		<height>696</height>
	</include>
	<include name="DialogSelect_coords3_4:3">
		<left>750</left>
		<centertop>50%</centertop>
		<width>540</width>
		<height>696</height>
	</include>
	
	<include name="DialogSelect_coords4">
		<include condition="$EXP[NonMaskedCoordinates]">DialogSelect_coords4_16:9</include>
		<include condition="String.IsEqual(Skin.AspectRatio,21:9)">DialogSelect_coords4_21:9</include>
		<include condition="$EXP[MaskedCoordinates]">DialogSelect_coords4_21:9_masked</include>
		<include condition="String.IsEqual(Skin.AspectRatio,4:3)">DialogSelect_coords4_4:3</include>
	</include>
	<include name="DialogSelect_coords4_16:9">
		<itemlayout width="1020" height="58">
			<control type="label">
				<width>1020</width>
				<height>58</height>
				<font>Font36-light</font>
				<textcolor>$VAR[TextColorNF]</textcolor>
				<label>$INFO[ListItem.Label]</label>
			</control>
		</itemlayout>
	</include>
	<include name="DialogSelect_coords4_21:9">
		<itemlayout width="1660" height="58">
			<control type="label">
				<width>1660</width>
				<height>58</height>
				<font>Font36-light</font>
				<textcolor>$VAR[TextColorNF]</textcolor>
				<label>$INFO[ListItem.Label]</label>
			</control>
		</itemlayout>
	</include>
	<include name="DialogSelect_coords4_21:9_masked">
		<itemlayout width="1660" height="58">
			<control type="label">
				<width>1660</width>
				<height>58</height>
				<font>Font36-light</font>
				<textcolor>$VAR[TextColorNF]</textcolor>
				<label>$INFO[ListItem.Label]</label>
			</control>
		</itemlayout>
	</include>
	<include name="DialogSelect_coords4_4:3">
		<itemlayout width="540" height="58">
			<control type="label">
				<width>540</width>
				<height>58</height>
				<font>Font36-light</font>
				<textcolor>$VAR[TextColorNF]</textcolor>
				<label>$INFO[ListItem.Label]</label>
			</control>
		</itemlayout>
	</include>
	
	<include name="DialogSelect_coords5">
		<include condition="$EXP[NonMaskedCoordinates]">DialogSelect_coords5_16:9</include>
		<include condition="String.IsEqual(Skin.AspectRatio,21:9)">DialogSelect_coords5_21:9</include>
		<include condition="$EXP[MaskedCoordinates]">DialogSelect_coords5_21:9_masked</include>
		<include condition="String.IsEqual(Skin.AspectRatio,4:3)">DialogSelect_coords5_4:3</include>
	</include>
	<include name="DialogSelect_coords5_16:9">
		<focusedlayout width="1020" height="58">
			<control type="group">
				<include content="NonFocusFadeAnimation">
					<param name="id">3</param>
				</include>
				<control type="label">
					<width>1020</width>
					<height>58</height>
					<font>Font36-bold</font>
					<textcolor>$VAR[TextColorFO]</textcolor>
					<label>$INFO[ListItem.Label]</label>
					<scroll>True</scroll>
				</control>
				<control type="image">
					<width>1020</width>
					<height>58</height>
					<texture colordiffuse="$VAR[TextColorFO]">$VAR[focus58]</texture>
					<visible>!ListItem.IsParentFolder</visible>
				</control>
			</control>
		</focusedlayout>
	</include>
	<include name="DialogSelect_coords5_21:9">
		<focusedlayout width="1660" height="58">
			<control type="group">
				<include content="NonFocusFadeAnimation">
					<param name="id">3</param>
				</include>
				<control type="label">
					<width>1660</width>
					<height>58</height>
					<font>Font36-bold</font>
					<textcolor>$VAR[TextColorFO]</textcolor>
					<label>$INFO[ListItem.Label]</label>
					<scroll>True</scroll>
				</control>
				<control type="image">
					<width>1660</width>
					<height>58</height>
					<texture colordiffuse="$VAR[TextColorFO]">$VAR[focus58]</texture>
					<visible>!ListItem.IsParentFolder</visible>
				</control>
			</control>
		</focusedlayout>
	</include>
	<include name="DialogSelect_coords5_21:9_masked">
		<focusedlayout width="1660" height="58">
			<control type="group">
				<include content="NonFocusFadeAnimation">
					<param name="id">3</param>
				</include>
				<control type="label">
					<width>1660</width>
					<height>58</height>
					<font>Font36-bold</font>
					<textcolor>$VAR[TextColorFO]</textcolor>
					<label>$INFO[ListItem.Label]</label>
					<scroll>True</scroll>
				</control>
				<control type="image">
					<width>1660</width>
					<height>58</height>
					<texture colordiffuse="$VAR[TextColorFO]">$VAR[focus58]</texture>
					<visible>!ListItem.IsParentFolder</visible>
				</control>
			</control>
		</focusedlayout>
	</include>
	<include name="DialogSelect_coords5_4:3">
		<focusedlayout width="540" height="58">
			<control type="group">
				<include content="NonFocusFadeAnimation">
					<param name="id">3</param>
				</include>
				<control type="label">
					<width>540</width>
					<height>58</height>
					<font>Font36-bold</font>
					<textcolor>$VAR[TextColorFO]</textcolor>
					<label>$INFO[ListItem.Label]</label>
					<scroll>True</scroll>
				</control>
				<control type="image">
					<width>540</width>
					<height>58</height>
					<texture colordiffuse="$VAR[TextColorFO]">$VAR[focus58]</texture>
					<visible>!ListItem.IsParentFolder</visible>
				</control>
			</control>
		</focusedlayout>
	</include>
	
	<include name="DialogSelect_coords6">
		<include condition="$EXP[NonMaskedCoordinates]">DialogSelect_coords6_16:9</include>
		<include condition="String.IsEqual(Skin.AspectRatio,21:9)">DialogSelect_coords6_21:9</include>
		<include condition="$EXP[MaskedCoordinates]">DialogSelect_coords6_21:9_masked</include>
		<include condition="String.IsEqual(Skin.AspectRatio,4:3)">DialogSelect_coords6_4:3</include>
	</include>
	<include name="DialogSelect_coords6_16:9">
		<left>750</left>
		<centertop>50%</centertop>
		<width>1020</width>
		<height>672</height>
	</include>
	<include name="DialogSelect_coords6_21:9">
		<left>750</left>
		<centertop>50%</centertop>
		<width>1660</width>
		<height>672</height>
	</include>
	<include name="DialogSelect_coords6_21:9_masked">
		<left>750</left>
		<centertop>50%</centertop>
		<width>1660</width>
		<height>672</height>
	</include>
	<include name="DialogSelect_coords6_4:3">
		<left>750</left>
		<centertop>50%</centertop>
		<width>540</width>
		<height>672</height>
	</include>
	
	<include name="DialogSelect_coords7">
		<include condition="$EXP[NonMaskedCoordinates]">DialogSelect_coords7_16:9</include>
		<include condition="String.IsEqual(Skin.AspectRatio,21:9)">DialogSelect_coords7_21:9</include>
		<include condition="$EXP[MaskedCoordinates]">DialogSelect_coords7_21:9_masked</include>
		<include condition="String.IsEqual(Skin.AspectRatio,4:3)">DialogSelect_coords7_4:3</include>
	</include>
	<include name="DialogSelect_coords7_16:9">
		<itemlayout width="1020" height="96">
			<control type="image">
				<width>96</width>
				<height>96</height>
				<bordersize>6</bordersize>
				<aspectratio>keep</aspectratio>
				<texture>$VAR[SelectImage]</texture>
				<include>NonFocusImageFadeAnimation</include>
				<visible>!String.Contains(ListItem.Icon,Default)</visible>
			</control>
			<control type="image">
				<width>96</width>
				<height>96</height>
				<bordersize>6</bordersize>
				<aspectratio>keep</aspectratio>
				<include>NonFocusImageFadeAnimation</include>
				<texture>$INFO[ListItem.Icon]</texture>
				<visible>String.Contains(ListItem.Icon,Default)</visible>
			</control>
			<control type="label">
				<left>140</left>
				<width>880</width>
				<height>96</height>
				<font>Font36-light</font>
				<textcolor>$VAR[TextColorNF]</textcolor>
				<label>$INFO[ListItem.Label]</label>
				<visible>String.IsEmpty(ListItem.Label2)</visible>
			</control>
			<control type="group">
				<visible>!String.IsEmpty(ListItem.Label2)</visible>
				<control type="label">
					<left>140</left>
					<top>10</top>
					<width>880</width>
					<height>36</height>
					<font>Font36-light</font>
					<textcolor>$VAR[TextColorNF]</textcolor>
					<label>$INFO[ListItem.Label]</label>
				</control>
				<control type="label">
					<left>140</left>
					<top>54</top>
					<width>880</width>
					<height>27</height>
					<font>Font27-light</font>
					<textcolor>$VAR[TextColorNF]</textcolor>
					<label>$INFO[ListItem.Label2]</label>
				</control>
			</control>
		</itemlayout>
	</include>
	<include name="DialogSelect_coords7_21:9">
		<itemlayout width="1660" height="96">
			<control type="image">
				<width>96</width>
				<height>96</height>
				<bordersize>6</bordersize>
				<aspectratio>keep</aspectratio>
				<texture>$VAR[SelectImage]</texture>
				<include>NonFocusImageFadeAnimation</include>
				<visible>!String.Contains(ListItem.Icon,Default)</visible>
			</control>
			<control type="image">
				<width>96</width>
				<height>96</height>
				<bordersize>6</bordersize>
				<aspectratio>keep</aspectratio>
				<include>NonFocusImageFadeAnimation</include>
				<texture>$INFO[ListItem.Icon]</texture>
				<visible>String.Contains(ListItem.Icon,Default)</visible>
			</control>
			<control type="label">
				<left>140</left>
				<width>1520</width>
				<height>96</height>
				<font>Font36-light</font>
				<textcolor>$VAR[TextColorNF]</textcolor>
				<label>$INFO[ListItem.Label]</label>
				<visible>String.IsEmpty(ListItem.Label2)</visible>
			</control>
			<control type="group">
				<visible>!String.IsEmpty(ListItem.Label2)</visible>
				<control type="label">
					<left>140</left>
					<top>10</top>
					<width>1520</width>
					<height>36</height>
					<font>Font36-light</font>
					<textcolor>$VAR[TextColorNF]</textcolor>
					<label>$INFO[ListItem.Label]</label>
				</control>
				<control type="label">
					<left>140</left>
					<top>54</top>
					<width>1520</width>
					<height>27</height>
					<font>Font27-light</font>
					<textcolor>$VAR[TextColorNF]</textcolor>
					<label>$INFO[ListItem.Label2]</label>
				</control>
			</control>
		</itemlayout>
	</include>
	<include name="DialogSelect_coords7_21:9_masked">
		<itemlayout width="1660" height="96">
			<control type="image">
				<width>96</width>
				<height>96</height>
				<bordersize>6</bordersize>
				<aspectratio>keep</aspectratio>
				<texture>$VAR[SelectImage]</texture>
				<include>NonFocusImageFadeAnimation</include>
				<visible>!String.Contains(ListItem.Icon,Default)</visible>
			</control>
			<control type="image">
				<width>96</width>
				<height>96</height>
				<bordersize>6</bordersize>
				<aspectratio>keep</aspectratio>
				<include>NonFocusImageFadeAnimation</include>
				<texture>$INFO[ListItem.Icon]</texture>
				<visible>String.Contains(ListItem.Icon,Default)</visible>
			</control>
			<control type="label">
				<left>140</left>
				<width>1520</width>
				<height>96</height>
				<font>Font36-light</font>
				<textcolor>$VAR[TextColorNF]</textcolor>
				<label>$INFO[ListItem.Label]</label>
				<visible>String.IsEmpty(ListItem.Label2)</visible>
			</control>
			<control type="group">
				<visible>!String.IsEmpty(ListItem.Label2)</visible>
				<control type="label">
					<left>140</left>
					<top>10</top>
					<width>1520</width>
					<height>36</height>
					<font>Font36-light</font>
					<textcolor>$VAR[TextColorNF]</textcolor>
					<label>$INFO[ListItem.Label]</label>
				</control>
				<control type="label">
					<left>140</left>
					<top>54</top>
					<width>1520</width>
					<height>27</height>
					<font>Font27-light</font>
					<textcolor>$VAR[TextColorNF]</textcolor>
					<label>$INFO[ListItem.Label2]</label>
				</control>
			</control>
		</itemlayout>
	</include>
	<include name="DialogSelect_coords7_4:3">
		<itemlayout width="540" height="96">
			<control type="image">
				<width>96</width>
				<height>96</height>
				<bordersize>6</bordersize>
				<aspectratio>keep</aspectratio>
				<texture>$VAR[SelectImage]</texture>
				<include>NonFocusImageFadeAnimation</include>
				<visible>!String.Contains(ListItem.Icon,Default)</visible>
			</control>
			<control type="image">
				<width>96</width>
				<height>96</height>
				<bordersize>6</bordersize>
				<aspectratio>keep</aspectratio>
				<include>NonFocusImageFadeAnimation</include>
				<texture>$INFO[ListItem.Icon]</texture>
				<visible>String.Contains(ListItem.Icon,Default)</visible>
			</control>
			<control type="label">
				<left>140</left>
				<width>400</width>
				<height>96</height>
				<font>Font36-light</font>
				<textcolor>$VAR[TextColorNF]</textcolor>
				<label>$INFO[ListItem.Label]</label>
				<visible>String.IsEmpty(ListItem.Label2)</visible>
			</control>
			<control type="group">
				<visible>!String.IsEmpty(ListItem.Label2)</visible>
				<control type="label">
					<left>140</left>
					<top>10</top>
					<width>400</width>
					<height>36</height>
					<font>Font36-light</font>
					<textcolor>$VAR[TextColorNF]</textcolor>
					<label>$INFO[ListItem.Label]</label>
				</control>
				<control type="label">
					<left>140</left>
					<top>54</top>
					<width>400</width>
					<height>27</height>
					<font>Font27-light</font>
					<textcolor>$VAR[TextColorNF]</textcolor>
					<label>$INFO[ListItem.Label2]</label>
				</control>
			</control>
		</itemlayout>
	</include>
	
	<include name="DialogSelect_coords8">
		<include condition="$EXP[NonMaskedCoordinates]">DialogSelect_coords8_16:9</include>
		<include condition="String.IsEqual(Skin.AspectRatio,21:9)">DialogSelect_coords8_21:9</include>
		<include condition="$EXP[MaskedCoordinates]">DialogSelect_coords8_21:9_masked</include>
		<include condition="String.IsEqual(Skin.AspectRatio,4:3)">DialogSelect_coords8_4:3</include>
	</include>
	<include name="DialogSelect_coords8_16:9">
		<focusedlayout width="1020" height="96">
			<control type="group">
				<include content="NonFocusFadeAnimation">
					<param name="id">6</param>
				</include>
				<control type="image">
					<width>96</width>
					<height>96</height>
					<bordersize>6</bordersize>
					<aspectratio>keep</aspectratio>
					<texture>$VAR[SelectImage]</texture>
					<visible>!String.Contains(ListItem.Icon,Default)</visible>
				</control>
				<control type="image">
					<width>96</width>
					<height>96</height>
					<bordersize>6</bordersize>
					<aspectratio>keep</aspectratio>
					<colordiffuse>$VAR[OverlayColorFO]</colordiffuse>
					<texture>$INFO[ListItem.Icon]</texture>
					<visible>String.Contains(ListItem.Icon,Default)</visible>
				</control>
				<control type="group">
					<visible>String.IsEmpty(ListItem.Label2)</visible>
					<control type="label">
						<left>140</left>
						<width>880</width>
						<height>96</height>
						<font>Font36-bold</font>
						<textcolor>$VAR[TextColorFO]</textcolor>
						<label>$INFO[ListItem.Label]</label>
						<scroll>True</scroll>
					</control>
					<control type="image">
						<centertop>50%</centertop>
						<left>140</left>
						<width>880</width>
						<height>58</height>
						<texture colordiffuse="$VAR[TextColorFO]">$VAR[focus58]</texture>
						<visible>!ListItem.IsParentFolder</visible>
					</control>
				</control>
				<control type="group">
					<visible>!String.IsEmpty(ListItem.Label2)</visible>
					<control type="label">
						<left>140</left>
						<top>10</top>
						<width>880</width>
						<height>36</height>
						<font>Font36-bold</font>
						<textcolor>$VAR[TextColorFO]</textcolor>
						<label>$INFO[ListItem.Label]</label>
						<scroll>True</scroll>
					</control>
					<control type="image">
						<left>140</left>
						<top>12</top>
						<width>880</width>
						<height>44</height>
						<texture colordiffuse="$VAR[TextColorFO]">$VAR[focus44]</texture>
						<visible>!ListItem.IsParentFolder</visible>
					</control>
					<control type="label">
						<left>140</left>
						<top>54</top>
						<width>880</width>
						<height>27</height>
						<font>Font27-bold</font>
						<textcolor>$VAR[TextColorFO]</textcolor>
						<label>$INFO[ListItem.Label2]</label>
						<scroll>True</scroll>
						<visible>!String.IsEmpty(ListItem.Label2)</visible>
					</control>
				</control>
			</control>
		</focusedlayout>
	</include>
	<include name="DialogSelect_coords8_21:9">
		<focusedlayout width="1660" height="96">
			<control type="group">
				<include content="NonFocusFadeAnimation">
					<param name="id">6</param>
				</include>
				<control type="image">
					<width>96</width>
					<height>96</height>
					<bordersize>6</bordersize>
					<aspectratio>keep</aspectratio>
					<texture>$VAR[SelectImage]</texture>
					<visible>!String.Contains(ListItem.Icon,Default)</visible>
				</control>
				<control type="image">
					<width>96</width>
					<height>96</height>
					<bordersize>6</bordersize>
					<aspectratio>keep</aspectratio>
					<colordiffuse>$VAR[OverlayColorFO]</colordiffuse>
					<texture>$INFO[ListItem.Icon]</texture>
					<visible>String.Contains(ListItem.Icon,Default)</visible>
				</control>
				<control type="group">
					<visible>String.IsEmpty(ListItem.Label2)</visible>
					<control type="label">
						<left>140</left>
						<width>1520</width>
						<height>96</height>
						<font>Font36-bold</font>
						<textcolor>$VAR[TextColorFO]</textcolor>
						<label>$INFO[ListItem.Label]</label>
						<scroll>True</scroll>
					</control>
					<control type="image">
						<centertop>50%</centertop>
						<left>140</left>
						<width>1520</width>
						<height>58</height>
						<texture colordiffuse="$VAR[TextColorFO]">$VAR[focus58]</texture>
						<visible>!ListItem.IsParentFolder</visible>
					</control>
				</control>
				<control type="group">
					<visible>!String.IsEmpty(ListItem.Label2)</visible>
					<control type="label">
						<left>140</left>
						<top>10</top>
						<width>1520</width>
						<height>36</height>
						<font>Font36-bold</font>
						<textcolor>$VAR[TextColorFO]</textcolor>
						<label>$INFO[ListItem.Label]</label>
						<scroll>True</scroll>
					</control>
					<control type="image">
						<left>140</left>
						<top>12</top>
						<width>1520</width>
						<height>44</height>
						<texture colordiffuse="$VAR[TextColorFO]">$VAR[focus44]</texture>
						<visible>!ListItem.IsParentFolder</visible>
					</control>
					<control type="label">
						<left>140</left>
						<top>54</top>
						<width>1520</width>
						<height>27</height>
						<font>Font27-bold</font>
						<textcolor>$VAR[TextColorFO]</textcolor>
						<label>$INFO[ListItem.Label2]</label>
						<scroll>True</scroll>
						<visible>!String.IsEmpty(ListItem.Label2)</visible>
					</control>
				</control>
			</control>
		</focusedlayout>
	</include>
	<include name="DialogSelect_coords8_21:9_masked">
		<focusedlayout width="1660" height="96">
			<control type="group">
				<include content="NonFocusFadeAnimation">
					<param name="id">6</param>
				</include>
				<control type="image">
					<width>96</width>
					<height>96</height>
					<bordersize>6</bordersize>
					<aspectratio>keep</aspectratio>
					<texture>$VAR[SelectImage]</texture>
					<visible>!String.Contains(ListItem.Icon,Default)</visible>
				</control>
				<control type="image">
					<width>96</width>
					<height>96</height>
					<bordersize>6</bordersize>
					<aspectratio>keep</aspectratio>
					<colordiffuse>$VAR[OverlayColorFO]</colordiffuse>
					<texture>$INFO[ListItem.Icon]</texture>
					<visible>String.Contains(ListItem.Icon,Default)</visible>
				</control>
				<control type="group">
					<visible>String.IsEmpty(ListItem.Label2)</visible>
					<control type="label">
						<left>140</left>
						<width>1520</width>
						<height>96</height>
						<font>Font36-bold</font>
						<textcolor>$VAR[TextColorFO]</textcolor>
						<label>$INFO[ListItem.Label]</label>
						<scroll>True</scroll>
					</control>
					<control type="image">
						<centertop>50%</centertop>
						<left>140</left>
						<width>1520</width>
						<height>58</height>
						<texture colordiffuse="$VAR[TextColorFO]">$VAR[focus58]</texture>
						<visible>!ListItem.IsParentFolder</visible>
					</control>
				</control>
				<control type="group">
					<visible>!String.IsEmpty(ListItem.Label2)</visible>
					<control type="label">
						<left>140</left>
						<top>10</top>
						<width>1520</width>
						<height>36</height>
						<font>Font36-bold</font>
						<textcolor>$VAR[TextColorFO]</textcolor>
						<label>$INFO[ListItem.Label]</label>
						<scroll>True</scroll>
					</control>
					<control type="image">
						<left>140</left>
						<top>12</top>
						<width>1520</width>
						<height>44</height>
						<texture colordiffuse="$VAR[TextColorFO]">$VAR[focus44]</texture>
						<visible>!ListItem.IsParentFolder</visible>
					</control>
					<control type="label">
						<left>140</left>
						<top>54</top>
						<width>1520</width>
						<height>27</height>
						<font>Font27-bold</font>
						<textcolor>$VAR[TextColorFO]</textcolor>
						<label>$INFO[ListItem.Label2]</label>
						<scroll>True</scroll>
					</control>
				</control>
			</control>
		</focusedlayout>
	</include>
	<include name="DialogSelect_coords8_4:3">
		<focusedlayout width="540" height="96">
			<control type="group">
				<include content="NonFocusFadeAnimation">
					<param name="id">6</param>
				</include>
				<control type="image">
					<width>96</width>
					<height>96</height>
					<bordersize>6</bordersize>
					<aspectratio>keep</aspectratio>
					<texture>$VAR[SelectImage]</texture>
					<visible>!String.Contains(ListItem.Icon,Default)</visible>
				</control>
				<control type="image">
					<width>96</width>
					<height>96</height>
					<bordersize>6</bordersize>
					<aspectratio>keep</aspectratio>
					<colordiffuse>$VAR[OverlayColorFO]</colordiffuse>
					<texture>$INFO[ListItem.Icon]</texture>
					<visible>String.Contains(ListItem.Icon,Default)</visible>
				</control>
				<control type="group">
					<visible>String.IsEmpty(ListItem.Label2)</visible>
					<control type="label">
						<left>140</left>
						<width>400</width>
						<height>96</height>
						<font>Font36-bold</font>
						<textcolor>$VAR[TextColorFO]</textcolor>
						<label>$INFO[ListItem.Label]</label>
						<scroll>True</scroll>
					</control>
					<control type="image">
						<centertop>50%</centertop>
						<left>140</left>
						<width>400</width>
						<height>58</height>
						<texture colordiffuse="$VAR[TextColorFO]">$VAR[focus58]</texture>
						<visible>!ListItem.IsParentFolder</visible>
					</control>
				</control>
				<control type="group">
					<visible>!String.IsEmpty(ListItem.Label2)</visible>
					<control type="label">
						<left>140</left>
						<top>10</top>
						<width>400</width>
						<height>36</height>
						<font>Font36-bold</font>
						<textcolor>$VAR[TextColorFO]</textcolor>
						<label>$INFO[ListItem.Label]</label>
						<scroll>True</scroll>
					</control>
					<control type="image">
						<left>140</left>
						<top>12</top>
						<width>400</width>
						<height>44</height>
						<texture colordiffuse="$VAR[TextColorFO]">$VAR[focus44]</texture>
						<visible>!ListItem.IsParentFolder</visible>
					</control>
					<control type="label">
						<left>140</left>
						<top>54</top>
						<width>400</width>
						<height>27</height>
						<font>Font27-bold</font>
						<textcolor>$VAR[TextColorFO]</textcolor>
						<label>$INFO[ListItem.Label2]</label>
						<scroll>True</scroll>
					</control>
				</control>
			</control>
		</focusedlayout>
	</include>
	
	<include name="DialogSelect_coords9">
		<include condition="$EXP[NonMaskedCoordinates]">DialogSelect_coords9_16:9</include>
		<include condition="String.IsEqual(Skin.AspectRatio,21:9)">DialogSelect_coords9_21:9</include>
		<include condition="$EXP[MaskedCoordinates]">DialogSelect_coords9_21:9_masked</include>
		<include condition="String.IsEqual(Skin.AspectRatio,4:3)">DialogSelect_coords9_4:3</include>
	</include>
	<include name="DialogSelect_coords9_16:9">
		<left>-100</left>
		<top>680</top>
		<width>2120</width>
		<height>500</height>
	</include>
	<include name="DialogSelect_coords9_21:9">
		<left>-100</left>
		<top>680</top>
		<width>2760</width>
		<height>500</height>
	</include>
	<include name="DialogSelect_coords9_21:9_masked">
		<left>-100</left>
		<top>860</top>
		<width>2760</width>
		<height>680</height>
	</include>
	<include name="DialogSelect_coords9_4:3">
		<left>-100</left>
		<top>680</top>
		<width>1640</width>
		<height>500</height>
	</include>
	
	<include name="DialogSelect_coords10">
		<include condition="$EXP[NonMaskedCoordinates]">DialogSelect_coords10_16:9</include>
		<include condition="String.IsEqual(Skin.AspectRatio,21:9)">DialogSelect_coords10_21:9</include>
		<include condition="$EXP[MaskedCoordinates]">DialogSelect_coords10_21:9_masked</include>
		<include condition="String.IsEqual(Skin.AspectRatio,4:3)">DialogSelect_coords10_4:3</include>
	</include>
	<include name="DialogSelect_coords10_16:9">
		<left>0</left>
		<top>710</top>
		<width>1920</width>
		<height>33</height>
	</include>
	<include name="DialogSelect_coords10_21:9">
		<left>0</left>
		<top>710</top>
		<width>2560</width>
		<height>33</height>
	</include>
	<include name="DialogSelect_coords10_21:9_masked">
		<left>0</left>
		<top>890</top>
		<width>2560</width>
		<height>33</height>
	</include>
	<include name="DialogSelect_coords10_4:3">
		<left>0</left>
		<top>710</top>
		<width>1440</width>
		<height>33</height>
	</include>
	
	<include name="DialogSelect_coords11">
		<include condition="$EXP[NonMaskedCoordinates]">DialogSelect_coords11_16:9</include>
		<include condition="String.IsEqual(Skin.AspectRatio,21:9)">DialogSelect_coords11_21:9</include>
		<include condition="$EXP[MaskedCoordinates]">DialogSelect_coords11_21:9_masked</include>
		<include condition="String.IsEqual(Skin.AspectRatio,4:3)">DialogSelect_coords11_4:3</include>
	</include>
	<include name="DialogSelect_coords11_16:9">
		<left>60</left>
		<top>770</top>
		<width>1800</width>
		<height>250</height>
	</include>
	<include name="DialogSelect_coords11_21:9">
		<left>60</left>
		<top>770</top>
		<width>2440</width>
		<height>250</height>
	</include>
	<include name="DialogSelect_coords11_21:9_masked">
		<left>60</left>
		<top>950</top>
		<width>2440</width>
		<height>250</height>
	</include>
	<include name="DialogSelect_coords11_4:3">
		<left>60</left>
		<top>770</top>
		<width>1320</width>
		<height>250</height>
	</include>
	
	<include name="DialogSelect_coords12">
		<include condition="$EXP[NonMaskedCoordinates]">DialogSelect_coords12_16:9</include>
		<include condition="String.IsEqual(Skin.AspectRatio,21:9)">DialogSelect_coords12_21:9</include>
		<include condition="$EXP[MaskedCoordinates]">DialogSelect_coords12_21:9_masked</include>
		<include condition="String.IsEqual(Skin.AspectRatio,4:3)">DialogSelect_coords12_4:3</include>
	</include>
	<include name="DialogSelect_coords12_16:9">
		<itemlayout width="450" height="250">
			<control type="gamewindow">
				<left>47</left>
				<width>356</width>
				<height>200</height>
				<videofilter>$INFO[ListItem.Property(game.videofilter)]</videofilter>
				<stretchmode>$INFO[ListItem.Property(game.stretchmode)]</stretchmode>
				<rotation>$INFO[ListItem.Property(game.videorotation)]</rotation>
			</control>
			<control type="label">
				<left>47</left>
				<top>200</top>
				<width>356</width>
				<height>50</height>
				<label>$INFO[ListItem.Label]$INFO[ListItem.Label2, - ,]</label>
				<font>Font33</font>
				<align>center</align>
				<textcolor>$VAR[TextColorNF]</textcolor>
			</control>
		</itemlayout>
	</include>
	<include name="DialogSelect_coords12_21:9">
		<itemlayout width="488" height="250">
			<control type="gamewindow">
				<left>66</left>
				<width>356</width>
				<height>200</height>
				<videofilter>$INFO[ListItem.Property(game.videofilter)]</videofilter>
				<stretchmode>$INFO[ListItem.Property(game.stretchmode)]</stretchmode>
				<rotation>$INFO[ListItem.Property(game.videorotation)]</rotation>
			</control>
			<control type="label">
				<left>66</left>
				<top>200</top>
				<width>356</width>
				<height>50</height>
				<label>$INFO[ListItem.Label]$INFO[ListItem.Label2, - ,]</label>
				<font>Font33</font>
				<align>center</align>
				<textcolor>$VAR[TextColorNF]</textcolor>
			</control>
		</itemlayout>
	</include>
	<include name="DialogSelect_coords12_21:9_masked">
		<itemlayout width="488" height="250">
			<control type="gamewindow">
				<left>66</left>
				<width>356</width>
				<height>200</height>
				<videofilter>$INFO[ListItem.Property(game.videofilter)]</videofilter>
				<stretchmode>$INFO[ListItem.Property(game.stretchmode)]</stretchmode>
				<rotation>$INFO[ListItem.Property(game.videorotation)]</rotation>
			</control>
			<control type="label">
				<left>66</left>
				<top>200</top>
				<width>356</width>
				<height>50</height>
				<label>$INFO[ListItem.Label]$INFO[ListItem.Label2, - ,]</label>
				<font>Font33</font>
				<align>center</align>
				<textcolor>$VAR[TextColorNF]</textcolor>
			</control>
		</itemlayout>
	</include>
	<include name="DialogSelect_coords12_4:3">
		<itemlayout width="440" height="250">
			<control type="gamewindow">
				<left>42</left>
				<width>356</width>
				<height>200</height>
				<videofilter>$INFO[ListItem.Property(game.videofilter)]</videofilter>
				<stretchmode>$INFO[ListItem.Property(game.stretchmode)]</stretchmode>
				<rotation>$INFO[ListItem.Property(game.videorotation)]</rotation>
			</control>
			<control type="label">
				<left>42</left>
				<top>200</top>
				<width>356</width>
				<height>50</height>
				<label>$INFO[ListItem.Label]$INFO[ListItem.Label2, - ,]</label>
				<font>Font33</font>
				<align>center</align>
				<textcolor>$VAR[TextColorNF]</textcolor>
			</control>
		</itemlayout>
	</include>
	
	<include name="DialogSelect_coords13">
		<include condition="$EXP[NonMaskedCoordinates]">DialogSelect_coords13_16:9</include>
		<include condition="String.IsEqual(Skin.AspectRatio,21:9)">DialogSelect_coords13_21:9</include>
		<include condition="$EXP[MaskedCoordinates]">DialogSelect_coords13_21:9_masked</include>
		<include condition="String.IsEqual(Skin.AspectRatio,4:3)">DialogSelect_coords13_4:3</include>
	</include>
	<include name="DialogSelect_coords13_16:9">
		<focusedlayout width="450" height="250">
			<control type="gamewindow">
				<left>47</left>
				<width>356</width>
				<height>200</height>
				<videofilter>$INFO[ListItem.Property(game.videofilter)]</videofilter>
				<stretchmode>$INFO[ListItem.Property(game.stretchmode)]</stretchmode>
				<rotation>$INFO[ListItem.Property(game.videorotation)]</rotation>
			</control>
			<control type="label">
				<left>47</left>
				<top>200</top>
				<width>356</width>
				<height>50</height>
				<label>$INFO[ListItem.Label]$INFO[ListItem.Label2, - ,]</label>
				<font>Font33</font>
				<align>center</align>
				<textcolor>$VAR[TextColorFO]</textcolor>
				<scroll>True</scroll>
				<include content="NonFocusFadeAnimation">
					<param name="id">11</param>
				</include>
			</control>
			<control type="image">
				<left>47</left>
				<top>200</top>
				<width>356</width>
				<height>52</height>
				<texture colordiffuse="$VAR[TextColorFO]">$VAR[focus52center]</texture>
				<include content="NonFocusFadeAnimation">
					<param name="id">11</param>
				</include>
			</control>
		</focusedlayout>
	</include>
	<include name="DialogSelect_coords13_21:9">
		<focusedlayout width="488" height="250">
			<control type="gamewindow">
				<left>66</left>
				<width>356</width>
				<height>200</height>
				<videofilter>$INFO[ListItem.Property(game.videofilter)]</videofilter>
				<stretchmode>$INFO[ListItem.Property(game.stretchmode)]</stretchmode>
				<rotation>$INFO[ListItem.Property(game.videorotation)]</rotation>
			</control>
			<control type="label">
				<left>66</left>
				<top>200</top>
				<width>356</width>
				<height>50</height>
				<label>$INFO[ListItem.Label]$INFO[ListItem.Label2, - ,]</label>
				<font>Font33</font>
				<align>center</align>
				<textcolor>$VAR[TextColorFO]</textcolor>
				<scroll>True</scroll>
				<include content="NonFocusFadeAnimation">
					<param name="id">11</param>
				</include>
			</control>
			<control type="image">
				<left>66</left>
				<top>200</top>
				<width>356</width>
				<height>52</height>
				<texture colordiffuse="$VAR[TextColorFO]">$VAR[focus52center]</texture>
				<include content="NonFocusFadeAnimation">
					<param name="id">11</param>
				</include>
			</control>
		</focusedlayout>
	</include>
	<include name="DialogSelect_coords13_21:9_masked">
		<focusedlayout width="488" height="250">
			<control type="gamewindow">
				<left>66</left>
				<width>356</width>
				<height>200</height>
				<videofilter>$INFO[ListItem.Property(game.videofilter)]</videofilter>
				<stretchmode>$INFO[ListItem.Property(game.stretchmode)]</stretchmode>
				<rotation>$INFO[ListItem.Property(game.videorotation)]</rotation>
			</control>
			<control type="label">
				<left>66</left>
				<top>200</top>
				<width>356</width>
				<height>50</height>
				<label>$INFO[ListItem.Label]$INFO[ListItem.Label2, - ,]</label>
				<font>Font33</font>
				<align>center</align>
				<textcolor>$VAR[TextColorFO]</textcolor>
				<scroll>True</scroll>
				<include content="NonFocusFadeAnimation">
					<param name="id">11</param>
				</include>
			</control>
			<control type="image">
				<left>66</left>
				<top>200</top>
				<width>356</width>
				<height>52</height>
				<texture colordiffuse="$VAR[TextColorFO]">$VAR[focus52center]</texture>
				<include content="NonFocusFadeAnimation">
					<param name="id">11</param>
				</include>
			</control>
		</focusedlayout>
	</include>
	<include name="DialogSelect_coords13_4:3">
		<focusedlayout width="440" height="250">
			<control type="gamewindow">
				<left>42</left>
				<width>356</width>
				<height>200</height>
				<videofilter>$INFO[ListItem.Property(game.videofilter)]</videofilter>
				<stretchmode>$INFO[ListItem.Property(game.stretchmode)]</stretchmode>
				<rotation>$INFO[ListItem.Property(game.videorotation)]</rotation>
			</control>
			<control type="label">
				<left>42</left>
				<top>200</top>
				<width>356</width>
				<height>50</height>
				<label>$INFO[ListItem.Label]$INFO[ListItem.Label2, - ,]</label>
				<font>Font33</font>
				<align>center</align>
				<textcolor>$VAR[TextColorFO]</textcolor>
				<scroll>True</scroll>
				<include content="NonFocusFadeAnimation">
					<param name="id">11</param>
				</include>
			</control>
			<control type="image">
				<left>42</left>
				<top>200</top>
				<width>356</width>
				<height>52</height>
				<texture colordiffuse="$VAR[TextColorFO]">$VAR[focus52center]</texture>
				<include content="NonFocusFadeAnimation">
					<param name="id">11</param>
				</include>
			</control>
		</focusedlayout>
	</include>
	
	<include name="DialogSelect_coords14">
		<include condition="$EXP[NonMaskedCoordinates]">DialogSelect_coords14_16:9</include>
		<include condition="String.IsEqual(Skin.AspectRatio,21:9)">DialogSelect_coords14_21:9</include>
		<include condition="$EXP[MaskedCoordinates]">DialogSelect_coords14_21:9_masked</include>
		<include condition="String.IsEqual(Skin.AspectRatio,4:3)">DialogSelect_coords14_4:3</include>
	</include>
	<include name="DialogSelect_coords14_16:9">
		<top>1020</top>
		<left>60</left>
		<right>60</right>
		<height>60</height>
	</include>
	<include name="DialogSelect_coords14_21:9">
		<top>1200</top>
		<left>60</left>
		<right>60</right>
		<height>60</height>
	</include>
	<include name="DialogSelect_coords14_21:9_masked">
		<top>1200</top>
		<left>60</left>
		<right>60</right>
		<height>60</height>
	</include>
	<include name="DialogSelect_coords14_4:3">
		<top>1020</top>
		<left>60</left>
		<right>60</right>
		<height>60</height>
	</include>

</includes>
