<?xml version="1.0" encoding="UTF-8"?>
<includes>

	<include name="DialogFavourites_coords1">
		<include condition="$EXP[NonMaskedCoordinates]">DialogFavourites_coords1_16:9</include>
		<include condition="String.IsEqual(Skin.AspectRatio,21:9)">DialogFavourites_coords1_21:9</include>
		<include condition="$EXP[MaskedCoordinates]">DialogFavourites_coords1_21:9_masked</include>
		<include condition="String.IsEqual(Skin.AspectRatio,4:3)">DialogFavourites_coords1_4:3</include>
	</include>
	<include name="DialogFavourites_coords1_16:9">
		<left>120</left>
		<top>225</top>
		<width>405</width>
		<height>600</height>
	</include>
	<include name="DialogFavourites_coords1_21:9">
		<left>120</left>
		<top>225</top>
		<width>405</width>
		<height>600</height>
	</include>
	<include name="DialogFavourites_coords1_21:9_masked">
		<left>120</left>
		<top>405</top>
		<width>405</width>
		<height>600</height>
	</include>
	<include name="DialogFavourites_coords1_4:3">
		<left>120</left>
		<top>225</top>
		<width>405</width>
		<height>600</height>
	</include>
	
	<include name="DialogFavourites_coords2">
		<include condition="$EXP[NonMaskedCoordinates]">DialogFavourites_coords2_16:9</include>
		<include condition="String.IsEqual(Skin.AspectRatio,21:9)">DialogFavourites_coords2_21:9</include>
		<include condition="$EXP[MaskedCoordinates]">DialogFavourites_coords2_21:9_masked</include>
		<include condition="String.IsEqual(Skin.AspectRatio,4:3)">DialogFavourites_coords2_4:3</include>
	</include>
	<include name="DialogFavourites_coords2_16:9">
		<left>750</left>
		<centertop>50%</centertop>
		<width>1050</width>
		<height>720</height>
	</include>
	<include name="DialogFavourites_coords2_21:9">
		<left>750</left>
		<centertop>50%</centertop>
		<width>1690</width>
		<height>720</height>
	</include>
	<include name="DialogFavourites_coords2_21:9_masked">
		<left>750</left>
		<centertop>50%</centertop>
		<width>1690</width>
		<height>720</height>
	</include>
	<include name="DialogFavourites_coords2_4:3">
		<left>750</left>
		<centertop>50%</centertop>
		<width>570</width>
		<height>720</height>
	</include>
	
	<include name="DialogFavourites_coords3">
		<include condition="$EXP[NonMaskedCoordinates]">DialogFavourites_coords3_16:9</include>
		<include condition="String.IsEqual(Skin.AspectRatio,21:9)">DialogFavourites_coords3_21:9</include>
		<include condition="$EXP[MaskedCoordinates]">DialogFavourites_coords3_21:9_masked</include>
		<include condition="String.IsEqual(Skin.AspectRatio,4:3)">DialogFavourites_coords3_4:3</include>
	</include>
	<include name="DialogFavourites_coords3_16:9">
		<itemlayout height="60" width="1050">
			<control type="label">
				<left>0</left>
				<top>0</top>
				<width>1050</width>
				<height>60</height>
				<font>Font36-light</font>
				<label>$VAR[Label1]</label>
				<textcolor>$VAR[TextColorNF]</textcolor>
			</control>
		</itemlayout>
	</include>
	<include name="DialogFavourites_coords3_21:9">
		<itemlayout height="60" width="1690">
			<control type="label">
				<left>0</left>
				<top>0</top>
				<width>1690</width>
				<height>60</height>
				<font>Font36-light</font>
				<label>$VAR[Label1]</label>
				<textcolor>$VAR[TextColorNF]</textcolor>
			</control>
		</itemlayout>
	</include>
	<include name="DialogFavourites_coords3_21:9_masked">
		<itemlayout height="60" width="1690">
			<control type="label">
				<left>0</left>
				<top>0</top>
				<width>1690</width>
				<height>60</height>
				<font>Font36-light</font>
				<label>$VAR[Label1]</label>
				<textcolor>$VAR[TextColorNF]</textcolor>
			</control>
		</itemlayout>
	</include>
	<include name="DialogFavourites_coords3_4:3">
		<itemlayout height="60" width="570">
			<control type="fadelabel">
				<left>0</left>
				<top>0</top>
				<width>570</width>
				<height>60</height>
				<font>Font36-light</font>
				<label>$VAR[Label1]</label>
				<textcolor>$VAR[TextColorNF]</textcolor>
			</control>
		</itemlayout>
	</include>
	
	<include name="DialogFavourites_coords4">
		<include condition="$EXP[NonMaskedCoordinates]">DialogFavourites_coords4_16:9</include>
		<include condition="String.IsEqual(Skin.AspectRatio,21:9)">DialogFavourites_coords4_21:9</include>
		<include condition="$EXP[MaskedCoordinates]">DialogFavourites_coords4_21:9_masked</include>
		<include condition="String.IsEqual(Skin.AspectRatio,4:3)">DialogFavourites_coords4_4:3</include>
	</include>
	<include name="DialogFavourites_coords4_16:9">
		<focusedlayout height="120" width="1050">
			<control type="group">
				<include content="NonFocusFadeAnimation">
					<param name="id">450</param>
				</include>
				<control type="label">
					<left>0</left>
					<top>0</top>
					<width>1050</width>
					<height>120</height>
					<font>Font72-bold</font>
					<label>$VAR[Label1]</label>
					<textcolor>$VAR[TextColorFO]</textcolor>
					<scroll>True</scroll>
				</control>
				<control type="image">
					<width>1050</width>
					<height>120</height>
					<texture colordiffuse="$VAR[TextColorFO]">$VAR[focus120]</texture>
				</control>
			</control>
		</focusedlayout>
	</include>
	<include name="DialogFavourites_coords4_21:9">
		<focusedlayout height="120" width="1690">
			<control type="group">
				<include content="NonFocusFadeAnimation">
					<param name="id">450</param>
				</include>
				<control type="label">
					<left>0</left>
					<top>0</top>
					<width>1690</width>
					<height>120</height>
					<font>Font72-bold</font>
					<label>$VAR[Label1]</label>
					<textcolor>$VAR[TextColorFO]</textcolor>
					<scroll>True</scroll>
				</control>
				<control type="image">
					<width>1690</width>
					<height>120</height>
					<texture colordiffuse="$VAR[TextColorFO]">$VAR[focus120]</texture>
				</control>
			</control>
		</focusedlayout>
	</include>
	<include name="DialogFavourites_coords4_21:9_masked">
		<focusedlayout height="120" width="1690">
			<control type="group">
				<include content="NonFocusFadeAnimation">
					<param name="id">450</param>
				</include>
				<control type="label">
					<left>0</left>
					<top>0</top>
					<width>1690</width>
					<height>120</height>
					<font>Font72-bold</font>
					<label>$VAR[Label1]</label>
					<textcolor>$VAR[TextColorFO]</textcolor>
					<scroll>True</scroll>
				</control>
				<control type="image">
					<width>1690</width>
					<height>120</height>
					<texture colordiffuse="$VAR[TextColorFO]">$VAR[focus120]</texture>
				</control>
			</control>
		</focusedlayout>
	</include>
	<include name="DialogFavourites_coords4_4:3">
		<focusedlayout height="120" width="570">
			<control type="group">
				<include content="NonFocusFadeAnimation">
					<param name="id">450</param>
				</include>
				<control type="fadelabel">
					<left>0</left>
					<top>0</top>
					<width>570</width>
					<height>120</height>
					<font>Font72-bold</font>
					<label>$VAR[Label1]</label>
					<textcolor>$VAR[TextColorFO]</textcolor>
					<scroll>True</scroll>
				</control>
				<control type="image">
					<width>570</width>
					<height>120</height>
					<texture colordiffuse="$VAR[TextColorFO]">$VAR[focus120]</texture>
				</control>
			</control>
		</focusedlayout>
	</include>
	
	<include name="DialogFavourites_coords5">
		<include condition="$EXP[NonMaskedCoordinates]">DialogFavourites_coords5_16:9</include>
		<include condition="String.IsEqual(Skin.AspectRatio,21:9)">DialogFavourites_coords5_21:9</include>
		<include condition="$EXP[MaskedCoordinates]">DialogFavourites_coords5_21:9_masked</include>
		<include condition="String.IsEqual(Skin.AspectRatio,4:3)">DialogFavourites_coords5_4:3</include>
	</include>
	<include name="DialogFavourites_coords5_16:9">
		<left>690</left>
		<centertop>50%</centertop>
		<width>20</width>
		<height>680</height>
	</include>
	<include name="DialogFavourites_coords5_21:9">
		<left>690</left>
		<centertop>50%</centertop>
		<width>20</width>
		<height>680</height>
	</include>
	<include name="DialogFavourites_coords5_21:9_masked">
		<left>690</left>
		<centertop>50%</centertop>
		<width>20</width>
		<height>680</height>
	</include>
	<include name="DialogFavourites_coords5_4:3">
		<left>690</left>
		<centertop>50%</centertop>
		<width>20</width>
		<height>680</height>
	</include>

</includes>