<?xml version="1.0" encoding="UTF-8"?>
<includes>

	<include name="DialogSettings_coords1">
		<include condition="$EXP[NonMaskedCoordinates]">DialogSettings_coords1_16:9</include>
		<include condition="String.IsEqual(Skin.AspectRatio,21:9)">DialogSettings_coords1_21:9</include>
		<include condition="$EXP[MaskedCoordinates]">DialogSettings_coords1_21:9_masked</include>
		<include condition="String.IsEqual(Skin.AspectRatio,4:3)">DialogSettings_coords1_4:3</include>
	</include>
	<include name="DialogSettings_coords1_16:9">
		<left>600</left>
		<top>200</top>
		<width>1170</width>
		<height>700</height>
	</include>
	<include name="DialogSettings_coords1_21:9">
		<left>600</left>
		<top>200</top>
		<width>1810</width>
		<height>700</height>
	</include>
	<include name="DialogSettings_coords1_21:9_masked">
		<left>600</left>
		<top>380</top>
		<width>1810</width>
		<height>700</height>
	</include>
	<include name="DialogSettings_coords1_4:3">
		<left>600</left>
		<top>200</top>
		<width>690</width>
		<height>700</height>
	</include>
	
	<include name="DialogSettings_coords2">
		<include condition="$EXP[NonMaskedCoordinates]">DialogSettings_coords2_16:9</include>
		<include condition="String.IsEqual(Skin.AspectRatio,21:9)">DialogSettings_coords2_21:9</include>
		<include condition="$EXP[MaskedCoordinates]">DialogSettings_coords2_21:9_masked</include>
		<include condition="String.IsEqual(Skin.AspectRatio,4:3)">DialogSettings_coords2_4:3</include>
	</include>
	<include name="DialogSettings_coords2_16:9">
		<width>1170</width>
		<height>42</height>
	</include>
	<include name="DialogSettings_coords2_21:9">
		<width>1810</width>
		<height>42</height>
	</include>
	<include name="DialogSettings_coords2_21:9_masked">
		<width>1810</width>
		<height>42</height>
	</include>
	<include name="DialogSettings_coords2_4:3">
		<width>690</width>
		<height>42</height>
	</include>
	
	<include name="DialogSettings_coords3">
		<include condition="$EXP[NonMaskedCoordinates]">DialogSettings_coords3_16:9</include>
		<include condition="String.IsEqual(Skin.AspectRatio,21:9)">DialogSettings_coords3_21:9</include>
		<include condition="$EXP[MaskedCoordinates]">DialogSettings_coords3_21:9_masked</include>
		<include condition="String.IsEqual(Skin.AspectRatio,4:3)">DialogSettings_coords3_4:3</include>
	</include>
	<include name="DialogSettings_coords3_16:9">
		<width>1170</width>
		<height>50</height>
	</include>
	<include name="DialogSettings_coords3_21:9">
		<width>1810</width>
		<height>50</height>
	</include>
	<include name="DialogSettings_coords3_21:9_masked">
		<width>1810</width>
		<height>50</height>
	</include>
	<include name="DialogSettings_coords3_4:3">
		<width>690</width>
		<height>50</height>
	</include>
	
	<include name="DialogSettings_coords4">
		<include condition="$EXP[NonMaskedCoordinates]">DialogSettings_coords4_16:9</include>
		<include condition="String.IsEqual(Skin.AspectRatio,21:9)">DialogSettings_coords4_21:9</include>
		<include condition="$EXP[MaskedCoordinates]">DialogSettings_coords4_21:9_masked</include>
		<include condition="String.IsEqual(Skin.AspectRatio,4:3)">DialogSettings_coords4_4:3</include>
	</include>
	<include name="DialogSettings_coords4_16:9">
		<width>1170</width>
		<height>50</height>
		<textwidth>1104</textwidth>
	</include>
	<include name="DialogSettings_coords4_21:9">
		<width>1810</width>
		<height>50</height>
		<textwidth>1664</textwidth>
	</include>
	<include name="DialogSettings_coords4_21:9_masked">
		<width>1810</width>
		<height>50</height>
		<textwidth>1664</textwidth>
	</include>
	<include name="DialogSettings_coords4_4:3">
		<width>690</width>
		<height>50</height>
		<textwidth>624</textwidth>
	</include>
	
	<include name="DialogSettings_coords5">
		<include condition="$EXP[NonMaskedCoordinates]">DialogSettings_coords5_16:9</include>
		<include condition="String.IsEqual(Skin.AspectRatio,21:9)">DialogSettings_coords5_21:9</include>
		<include condition="$EXP[MaskedCoordinates]">DialogSettings_coords5_21:9_masked</include>
		<include condition="String.IsEqual(Skin.AspectRatio,4:3)">DialogSettings_coords5_4:3</include>
	</include>
	<include name="DialogSettings_coords5_16:9">
		<width>1170</width>
		<height>20</height>
	</include>
	<include name="DialogSettings_coords5_21:9">
		<width>1810</width>
		<height>20</height>
	</include>
	<include name="DialogSettings_coords5_21:9_masked">
		<width>1810</width>
		<height>20</height>
	</include>
	<include name="DialogSettings_coords5_4:3">
		<width>690</width>
		<height>20</height>
	</include>
	
	<include name="DialogSettings_coords6">
		<include condition="$EXP[NonMaskedCoordinates]">DialogSettings_coords6_16:9</include>
		<include condition="String.IsEqual(Skin.AspectRatio,21:9)">DialogSettings_coords6_21:9</include>
		<include condition="$EXP[MaskedCoordinates]">DialogSettings_coords6_21:9_masked</include>
		<include condition="String.IsEqual(Skin.AspectRatio,4:3)">DialogSettings_coords6_4:3</include>
	</include>
	<include name="DialogSettings_coords6_16:9">
		<centerleft>50%</centerleft>
		<centertop>50%</centertop>
		<width>920</width>
		<height>940</height>
	</include>
	<include name="DialogSettings_coords6_21:9">
		<centerleft>50%</centerleft>
		<centertop>50%</centertop>
		<width>920</width>
		<height>940</height>
	</include>
	<include name="DialogSettings_coords6_21:9_masked">
		<centerleft>50%</centerleft>
		<centertop>50%</centertop>
		<width>920</width>
		<height>940</height>
	</include>
	<include name="DialogSettings_coords6_4:3">
		<centerleft>50%</centerleft>
		<centertop>50%</centertop>
		<width>920</width>
		<height>940</height>
	</include>
	
	<include name="DialogSettings_coords7">
		<include condition="$EXP[NonMaskedCoordinates]">DialogSettings_coords7_16:9</include>
		<include condition="String.IsEqual(Skin.AspectRatio,21:9)">DialogSettings_coords7_21:9</include>
		<include condition="$EXP[MaskedCoordinates]">DialogSettings_coords7_21:9_masked</include>
		<include condition="String.IsEqual(Skin.AspectRatio,4:3)">DialogSettings_coords7_4:3</include>
	</include>
	<include name="DialogSettings_coords7_16:9">
		<width>920</width>
		<height>940</height>
	</include>
	<include name="DialogSettings_coords7_21:9">
		<width>920</width>
		<height>940</height>
	</include>
	<include name="DialogSettings_coords7_21:9_masked">
		<width>920</width>
		<height>940</height>
	</include>
	<include name="DialogSettings_coords7_4:3">
		<width>920</width>
		<height>940</height>
	</include>
	
	<include name="DialogSettings_coords8">
		<include condition="$EXP[NonMaskedCoordinates]">DialogSettings_coords8_16:9</include>
		<include condition="String.IsEqual(Skin.AspectRatio,21:9)">DialogSettings_coords8_21:9</include>
		<include condition="$EXP[MaskedCoordinates]">DialogSettings_coords8_21:9_masked</include>
		<include condition="String.IsEqual(Skin.AspectRatio,4:3)">DialogSettings_coords8_4:3</include>
	</include>
	<include name="DialogSettings_coords8_16:9">
		<left>50</left>
		<top>30</top>
		<width>820</width>
		<height>33</height>
	</include>
	<include name="DialogSettings_coords8_21:9">
		<left>50</left>
		<top>30</top>
		<width>820</width>
		<height>33</height>
	</include>
	<include name="DialogSettings_coords8_21:9_masked">
		<left>50</left>
		<top>30</top>
		<width>820</width>
		<height>33</height>
	</include>
	<include name="DialogSettings_coords8_4:3">
		<left>50</left>
		<top>30</top>
		<width>820</width>
		<height>33</height>
	</include>
	
	<include name="DialogSettings_coords9">
		<include condition="$EXP[NonMaskedCoordinates]">DialogSettings_coords9_16:9</include>
		<include condition="String.IsEqual(Skin.AspectRatio,21:9)">DialogSettings_coords9_21:9</include>
		<include condition="$EXP[MaskedCoordinates]">DialogSettings_coords9_21:9_masked</include>
		<include condition="String.IsEqual(Skin.AspectRatio,4:3)">DialogSettings_coords9_4:3</include>
	</include>
	<include name="DialogSettings_coords9_16:9">
		<left>50</left>
		<top>90</top>
		<width>820</width>
		<height>780</height>
	</include>
	<include name="DialogSettings_coords9_21:9">
		<left>50</left>
		<top>90</top>
		<width>820</width>
		<height>780</height>
	</include>
	<include name="DialogSettings_coords9_21:9_masked">
		<left>50</left>
		<top>90</top>
		<width>820</width>
		<height>780</height>
	</include>
	<include name="DialogSettings_coords9_4:3">
		<left>50</left>
		<top>90</top>
		<width>820</width>
		<height>780</height>
	</include>
	
	<include name="DialogSettings_coords10">
		<include condition="$EXP[NonMaskedCoordinates]">DialogSettings_coords10_16:9</include>
		<include condition="String.IsEqual(Skin.AspectRatio,21:9)">DialogSettings_coords10_21:9</include>
		<include condition="$EXP[MaskedCoordinates]">DialogSettings_coords10_21:9_masked</include>
		<include condition="String.IsEqual(Skin.AspectRatio,4:3)">DialogSettings_coords10_4:3</include>
	</include>
	<include name="DialogSettings_coords10_16:9">
		<left>50</left>
		<width>820</width>
		<height>42</height>
	</include>
	<include name="DialogSettings_coords10_21:9">
		<left>50</left>
		<width>820</width>
		<height>42</height>
	</include>
	<include name="DialogSettings_coords10_21:9_masked">
		<left>50</left>
		<width>820</width>
		<height>42</height>
	</include>
	<include name="DialogSettings_coords10_4:3">
		<left>50</left>
		<width>820</width>
		<height>42</height>
	</include>
	
	<include name="DialogSettings_coords11">
		<include condition="$EXP[NonMaskedCoordinates]">DialogSettings_coords11_16:9</include>
		<include condition="String.IsEqual(Skin.AspectRatio,21:9)">DialogSettings_coords11_21:9</include>
		<include condition="$EXP[MaskedCoordinates]">DialogSettings_coords11_21:9_masked</include>
		<include condition="String.IsEqual(Skin.AspectRatio,4:3)">DialogSettings_coords11_4:3</include>
	</include>
	<include name="DialogSettings_coords11_16:9">
		<left>50</left>
		<width>820</width>
		<height>50</height>
	</include>
	<include name="DialogSettings_coords11_21:9">
		<left>50</left>
		<width>820</width>
		<height>50</height>
	</include>
	<include name="DialogSettings_coords11_21:9_masked">
		<left>50</left>
		<width>820</width>
		<height>50</height>
	</include>
	<include name="DialogSettings_coords11_4:3">
		<left>50</left>
		<width>820</width>
		<height>50</height>
	</include>
	
	<include name="DialogSettings_coords12">
		<include condition="$EXP[NonMaskedCoordinates]">DialogSettings_coords12_16:9</include>
		<include condition="String.IsEqual(Skin.AspectRatio,21:9)">DialogSettings_coords12_21:9</include>
		<include condition="$EXP[MaskedCoordinates]">DialogSettings_coords12_21:9_masked</include>
		<include condition="String.IsEqual(Skin.AspectRatio,4:3)">DialogSettings_coords12_4:3</include>
	</include>
	<include name="DialogSettings_coords12_16:9">
		<left>50</left>
		<width>820</width>
		<height>50</height>
		<textwidth>754</textwidth>
	</include>
	<include name="DialogSettings_coords12_21:9">
		<left>50</left>
		<width>820</width>
		<height>50</height>
		<textwidth>754</textwidth>
	</include>
	<include name="DialogSettings_coords12_21:9_masked">
		<left>50</left>
		<width>820</width>
		<height>50</height>
		<textwidth>754</textwidth>
	</include>
	<include name="DialogSettings_coords12_4:3">
		<left>50</left>
		<width>820</width>
		<height>50</height>
		<textwidth>754</textwidth>
	</include>
	
	<include name="DialogSettings_coords13">
		<include condition="$EXP[NonMaskedCoordinates]">DialogSettings_coords13_16:9</include>
		<include condition="String.IsEqual(Skin.AspectRatio,21:9)">DialogSettings_coords13_21:9</include>
		<include condition="$EXP[MaskedCoordinates]">DialogSettings_coords13_21:9_masked</include>
		<include condition="String.IsEqual(Skin.AspectRatio,4:3)">DialogSettings_coords13_4:3</include>
	</include>
	<include name="DialogSettings_coords13_16:9">
		<left>50</left>
		<width>820</width>
		<height>20</height>
	</include>
	<include name="DialogSettings_coords13_21:9">
		<left>50</left>
		<width>820</width>
		<height>20</height>
	</include>
	<include name="DialogSettings_coords13_21:9_masked">
		<left>50</left>
		<width>820</width>
		<height>20</height>
	</include>
	<include name="DialogSettings_coords13_4:3">
		<left>50</left>
		<width>820</width>
		<height>20</height>
	</include>
	
	<include name="DialogSettings_coords14">
		<include condition="$EXP[NonMaskedCoordinates]">DialogSettings_coords14_16:9</include>
		<include condition="String.IsEqual(Skin.AspectRatio,21:9)">DialogSettings_coords14_21:9</include>
		<include condition="$EXP[MaskedCoordinates]">DialogSettings_coords14_21:9_masked</include>
		<include condition="String.IsEqual(Skin.AspectRatio,4:3)">DialogSettings_coords14_4:3</include>
	</include>
	<include name="DialogSettings_coords14_16:9">
		<left>50</left>
		<width>820</width>
		<top>865</top>
	</include>
	<include name="DialogSettings_coords14_21:9">
		<left>50</left>
		<width>820</width>
		<top>865</top>
	</include>
	<include name="DialogSettings_coords14_21:9_masked">
		<left>50</left>
		<width>820</width>
		<top>865</top>
	</include>
	<include name="DialogSettings_coords14_4:3">
		<left>50</left>
		<width>820</width>
		<top>865</top>
	</include>

</includes>