<?xml version="1.0" encoding="UTF-8"?>
<includes>
	
	<include name="Viewtype524_coords1">
		<include condition="$EXP[NonMaskedCoordinates]">Viewtype524_coords1_16:9</include>
		<include condition="String.IsEqual(Skin.AspectRatio,21:9)">Viewtype524_coords1_21:9</include>
		<include condition="$EXP[MaskedCoordinates]">Viewtype524_coords1_21:9_masked</include>
		<include condition="String.IsEqual(Skin.AspectRatio,4:3)">Viewtype524_coords1_4:3</include>
	</include>
	<include name="Viewtype524_coords1_16:9">
		<left>0</left>
		<top>538</top>
		<width>1920</width>
		<height>244</height>
		<preloaditems>5</preloaditems>
		<focusposition>4</focusposition>
	</include>
	<include name="Viewtype524_coords1_21:9">
		<left>0</left>
		<top>538</top>
		<width>2560</width>
		<height>244</height>
		<preloaditems>7</preloaditems>
		<focusposition>6</focusposition>
	</include>
	<include name="Viewtype524_coords1_21:9_masked">
		<left>0</left>
		<top>718</top>
		<width>2560</width>
		<height>244</height>
		<preloaditems>7</preloaditems>
		<focusposition>6</focusposition>
	</include>
	<include name="Viewtype524_coords1_4:3">
		<left>0</left>
		<top>538</top>
		<width>1440</width>
		<height>244</height>
		<preloaditems>4</preloaditems>
		<focusposition>3</focusposition>
	</include>
	
	<include name="Viewtype524_coords2">
		<include condition="$EXP[NonMaskedCoordinates]">Viewtype524_coords2_16:9</include>
		<include condition="String.IsEqual(Skin.AspectRatio,21:9)">Viewtype524_coords2_21:9</include>
		<include condition="$EXP[MaskedCoordinates]">Viewtype524_coords2_21:9_masked</include>
		<include condition="String.IsEqual(Skin.AspectRatio,4:3)">Viewtype524_coords2_4:3</include>
	</include>
	<include name="Viewtype524_coords2_16:9">
		<itemlayout width="209" height="244">
			<!-- Image - Videos -->
			<include content="image-524">
				<param name="fallback">DefaultVideo.png</param>
				<param name="visible">Container.Content(videos)</param>
			</include>
			<!-- Watched status -->
			<control type="group">
				<left>12</left>
				<bottom>0</bottom>
				<width>189</width>
				<height>21</height>
				<control type="image">
					<texture background="true">views/OverlayBottomBar.png</texture>
					<colordiffuse>$VAR[DiffusePosterNF]</colordiffuse>
					<visible>[ListItem.IsFolder + Integer.IsGreater(ListItem.Property(WatchedEpisodes),0) + Integer.IsGreater(ListItem.Property(UnWatchedEpisodes),0)] | String.IsEqual(ListItem.Overlay,OverlayWatched.png) | ListItem.IsResumable | !String.IsEmpty(ListItem.PlayCount)</visible>
					<visible>[String.IsEqual(ListItem.DBTYPE,music) | String.IsEqual(ListItem.DBTYPE,song) | String.IsEqual(ListItem.DBTYPE,album) | String.IsEqual(ListItem.DBTYPE,artist)] + !Skin.HasSetting(MusicListenedToStatus) | [String.IsEqual(ListItem.DBTYPE,video) | String.IsEqual(ListItem.DBTYPE,movie) | String.IsEqual(ListItem.DBTYPE,set) | String.IsEqual(ListItem.DBTYPE,tvshow) | String.IsEqual(ListItem.DBTYPE,season) | String.IsEqual(ListItem.DBTYPE,episode) | String.IsEqual(ListItem.DBTYPE,musicvideo)] + !Skin.HasSetting(VideoWatchedStatus)</visible>
				</control>
				<control type="image">
					<width>21</width>
					<centerleft>95</centerleft>
					<texture background="true">$VAR[StatusOverlayWide]</texture>
					<colordiffuse>$VAR[DiffusePosterNF]</colordiffuse>
				</control>
			</control>
		</itemlayout>
	</include>
	<include name="Viewtype524_coords2_21:9">
		<itemlayout width="193" height="244">
			<!-- Image - Videos -->
			<include content="image-524">
				<param name="fallback">DefaultVideo.png</param>
				<param name="visible">Container.Content(videos)</param>
			</include>
			<!-- Watched status -->
			<control type="group">
				<left>4</left>
				<bottom>0</bottom>
				<width>189</width>
				<height>21</height>
				<control type="image">
					<texture background="true">views/OverlayBottomBar.png</texture>
					<colordiffuse>$VAR[DiffusePosterNF]</colordiffuse>
					<visible>[ListItem.IsFolder + Integer.IsGreater(ListItem.Property(WatchedEpisodes),0) + Integer.IsGreater(ListItem.Property(UnWatchedEpisodes),0)] | String.IsEqual(ListItem.Overlay,OverlayWatched.png) | ListItem.IsResumable | !String.IsEmpty(ListItem.PlayCount)</visible>
					<visible>[String.IsEqual(ListItem.DBTYPE,music) | String.IsEqual(ListItem.DBTYPE,song) | String.IsEqual(ListItem.DBTYPE,album) | String.IsEqual(ListItem.DBTYPE,artist)] + !Skin.HasSetting(MusicListenedToStatus) | [String.IsEqual(ListItem.DBTYPE,video) | String.IsEqual(ListItem.DBTYPE,movie) | String.IsEqual(ListItem.DBTYPE,set) | String.IsEqual(ListItem.DBTYPE,tvshow) | String.IsEqual(ListItem.DBTYPE,season) | String.IsEqual(ListItem.DBTYPE,episode) | String.IsEqual(ListItem.DBTYPE,musicvideo)] + !Skin.HasSetting(VideoWatchedStatus)</visible>
				</control>
				<control type="image">
					<width>21</width>
					<centerleft>95</centerleft>
					<texture background="true">$VAR[StatusOverlayWide]</texture>
					<colordiffuse>$VAR[DiffusePosterNF]</colordiffuse>
				</control>
			</control>
		</itemlayout>
	</include>
	<include name="Viewtype524_coords2_21:9_masked">
		<itemlayout width="193" height="244">
			<!-- Image - Videos -->
			<include content="image-524">
				<param name="fallback">DefaultVideo.png</param>
				<param name="visible">Container.Content(videos)</param>
			</include>
			<!-- Watched status -->
			<control type="group">
				<left>4</left>
				<bottom>0</bottom>
				<width>189</width>
				<height>21</height>
				<control type="image">
					<texture background="true">views/OverlayBottomBar.png</texture>
					<colordiffuse>$VAR[DiffusePosterNF]</colordiffuse>
					<visible>[ListItem.IsFolder + Integer.IsGreater(ListItem.Property(WatchedEpisodes),0) + Integer.IsGreater(ListItem.Property(UnWatchedEpisodes),0)] | String.IsEqual(ListItem.Overlay,OverlayWatched.png) | ListItem.IsResumable | !String.IsEmpty(ListItem.PlayCount)</visible>
					<visible>[String.IsEqual(ListItem.DBTYPE,music) | String.IsEqual(ListItem.DBTYPE,song) | String.IsEqual(ListItem.DBTYPE,album) | String.IsEqual(ListItem.DBTYPE,artist)] + !Skin.HasSetting(MusicListenedToStatus) | [String.IsEqual(ListItem.DBTYPE,video) | String.IsEqual(ListItem.DBTYPE,movie) | String.IsEqual(ListItem.DBTYPE,set) | String.IsEqual(ListItem.DBTYPE,tvshow) | String.IsEqual(ListItem.DBTYPE,season) | String.IsEqual(ListItem.DBTYPE,episode) | String.IsEqual(ListItem.DBTYPE,musicvideo)] + !Skin.HasSetting(VideoWatchedStatus)</visible>
				</control>
				<control type="image">
					<width>21</width>
					<centerleft>95</centerleft>
					<texture background="true">$VAR[StatusOverlayWide]</texture>
					<colordiffuse>$VAR[DiffusePosterNF]</colordiffuse>
				</control>
			</control>
		</itemlayout>
	</include>
	<include name="Viewtype524_coords2_4:3">
		<itemlayout width="199" height="244">
			<!-- Image - Videos -->
			<include content="image-524">
				<param name="fallback">DefaultVideo.png</param>
				<param name="visible">Container.Content(videos)</param>
			</include>
			<!-- Watched status -->
			<control type="group">
				<left>7</left>
				<bottom>0</bottom>
				<width>189</width>
				<height>21</height>
				<control type="image">
					<texture background="true">views/OverlayBottomBar.png</texture>
					<colordiffuse>$VAR[DiffusePosterNF]</colordiffuse>
					<visible>[ListItem.IsFolder + Integer.IsGreater(ListItem.Property(WatchedEpisodes),0) + Integer.IsGreater(ListItem.Property(UnWatchedEpisodes),0)] | String.IsEqual(ListItem.Overlay,OverlayWatched.png) | ListItem.IsResumable | !String.IsEmpty(ListItem.PlayCount)</visible>
					<visible>[String.IsEqual(ListItem.DBTYPE,music) | String.IsEqual(ListItem.DBTYPE,song) | String.IsEqual(ListItem.DBTYPE,album) | String.IsEqual(ListItem.DBTYPE,artist)] + !Skin.HasSetting(MusicListenedToStatus) | [String.IsEqual(ListItem.DBTYPE,video) | String.IsEqual(ListItem.DBTYPE,movie) | String.IsEqual(ListItem.DBTYPE,set) | String.IsEqual(ListItem.DBTYPE,tvshow) | String.IsEqual(ListItem.DBTYPE,season) | String.IsEqual(ListItem.DBTYPE,episode) | String.IsEqual(ListItem.DBTYPE,musicvideo)] + !Skin.HasSetting(VideoWatchedStatus)</visible>
				</control>
				<control type="image">
					<width>21</width>
					<centerleft>95</centerleft>
					<texture background="true">$VAR[StatusOverlayWide]</texture>
					<colordiffuse>$VAR[DiffusePosterNF]</colordiffuse>
				</control>
			</control>
		</itemlayout>
	</include>
	
	<include name="Viewtype524_coords3">
		<include condition="$EXP[NonMaskedCoordinates]">Viewtype524_coords3_16:9</include>
		<include condition="String.IsEqual(Skin.AspectRatio,21:9)">Viewtype524_coords3_21:9</include>
		<include condition="$EXP[MaskedCoordinates]">Viewtype524_coords3_21:9_masked</include>
		<include condition="String.IsEqual(Skin.AspectRatio,4:3)">Viewtype524_coords3_4:3</include>
	</include>
	<include name="Viewtype524_coords3_16:9">
		<focusedlayout width="248" height="244">
			<control type="group">
				<animation effect="zoom" start="76" end="100" center="124,152" time="300" tween="back" easing="out" reversible="false">Focus</animation>
				<!-- Image - Videos -->
				<include content="image-524-focus">
					<param name="fallback">DefaultVideo.png</param>
					<param name="visible">Container.Content(videos)</param>
				</include>
				<!-- Watched status -->
				<control type="group">
					<left>2</left>
					<bottom>0</bottom>
					<width>244</width>
					<height>27</height>
					<fadetime>200</fadetime>
					<control type="image">
						<texture background="true">views/OverlayBottomBar.png</texture>
						<visible>[ListItem.IsFolder + Integer.IsGreater(ListItem.Property(WatchedEpisodes),0) + Integer.IsGreater(ListItem.Property(UnWatchedEpisodes),0)] | String.IsEqual(ListItem.Overlay,OverlayWatched.png) | ListItem.IsResumable | !String.IsEmpty(ListItem.PlayCount)</visible>
						<visible>[String.IsEqual(ListItem.DBTYPE,music) | String.IsEqual(ListItem.DBTYPE,song) | String.IsEqual(ListItem.DBTYPE,album) | String.IsEqual(ListItem.DBTYPE,artist)] + !Skin.HasSetting(MusicListenedToStatus) | [String.IsEqual(ListItem.DBTYPE,video) | String.IsEqual(ListItem.DBTYPE,movie) | String.IsEqual(ListItem.DBTYPE,set) | String.IsEqual(ListItem.DBTYPE,tvshow) | String.IsEqual(ListItem.DBTYPE,season) | String.IsEqual(ListItem.DBTYPE,episode) | String.IsEqual(ListItem.DBTYPE,musicvideo)] + !Skin.HasSetting(VideoWatchedStatus)</visible>
					</control>
					<control type="image">
						<width>27</width>
						<centerleft>122</centerleft>
						<texture background="true">$VAR[StatusOverlayWide]</texture>
					</control>
				</control>
			</control>
		</focusedlayout>
	</include>
	<include name="Viewtype524_coords3_21:9">
		<focusedlayout width="244" height="244">
			<control type="group">
				<animation effect="zoom" start="77" end="100" center="122,152" time="300" tween="back" easing="out" reversible="false">Focus</animation>
				<!-- Image - Videos -->
				<include content="image-524-focus">
					<param name="fallback">DefaultVideo.png</param>
					<param name="visible">Container.Content(videos)</param>
				</include>
				<!-- Watched status -->
				<control type="group">
					<left>0</left>
					<bottom>0</bottom>
					<width>244</width>
					<height>27</height>
					<fadetime>200</fadetime>
					<control type="image">
						<texture background="true">views/OverlayBottomBar.png</texture>
						<visible>[ListItem.IsFolder + Integer.IsGreater(ListItem.Property(WatchedEpisodes),0) + Integer.IsGreater(ListItem.Property(UnWatchedEpisodes),0)] | String.IsEqual(ListItem.Overlay,OverlayWatched.png) | ListItem.IsResumable | !String.IsEmpty(ListItem.PlayCount)</visible>
						<visible>[String.IsEqual(ListItem.DBTYPE,music) | String.IsEqual(ListItem.DBTYPE,song) | String.IsEqual(ListItem.DBTYPE,album) | String.IsEqual(ListItem.DBTYPE,artist)] + !Skin.HasSetting(MusicListenedToStatus) | [String.IsEqual(ListItem.DBTYPE,video) | String.IsEqual(ListItem.DBTYPE,movie) | String.IsEqual(ListItem.DBTYPE,set) | String.IsEqual(ListItem.DBTYPE,tvshow) | String.IsEqual(ListItem.DBTYPE,season) | String.IsEqual(ListItem.DBTYPE,episode) | String.IsEqual(ListItem.DBTYPE,musicvideo)] + !Skin.HasSetting(VideoWatchedStatus)</visible>
					</control>
					<control type="image">
						<width>27</width>
						<centerleft>122</centerleft>
						<texture background="true">$VAR[StatusOverlayWide]</texture>
					</control>
				</control>
			</control>
		</focusedlayout>
	</include>
	<include name="Viewtype524_coords3_21:9_masked">
		<focusedlayout width="244" height="244">
			<control type="group">
				<animation effect="zoom" start="77" end="100" center="122,152" time="300" tween="back" easing="out" reversible="false">Focus</animation>
				<!-- Image - Videos -->
				<include content="image-524-focus">
					<param name="fallback">DefaultVideo.png</param>
					<param name="visible">Container.Content(videos)</param>
				</include>
				<!-- Watched status -->
				<control type="group">
					<left>0</left>
					<bottom>0</bottom>
					<width>244</width>
					<height>27</height>
					<fadetime>200</fadetime>
					<control type="image">
						<texture background="true">views/OverlayBottomBar.png</texture>
						<visible>[ListItem.IsFolder + Integer.IsGreater(ListItem.Property(WatchedEpisodes),0) + Integer.IsGreater(ListItem.Property(UnWatchedEpisodes),0)] | String.IsEqual(ListItem.Overlay,OverlayWatched.png) | ListItem.IsResumable | !String.IsEmpty(ListItem.PlayCount)</visible>
						<visible>[String.IsEqual(ListItem.DBTYPE,music) | String.IsEqual(ListItem.DBTYPE,song) | String.IsEqual(ListItem.DBTYPE,album) | String.IsEqual(ListItem.DBTYPE,artist)] + !Skin.HasSetting(MusicListenedToStatus) | [String.IsEqual(ListItem.DBTYPE,video) | String.IsEqual(ListItem.DBTYPE,movie) | String.IsEqual(ListItem.DBTYPE,set) | String.IsEqual(ListItem.DBTYPE,tvshow) | String.IsEqual(ListItem.DBTYPE,season) | String.IsEqual(ListItem.DBTYPE,episode) | String.IsEqual(ListItem.DBTYPE,musicvideo)] + !Skin.HasSetting(VideoWatchedStatus)</visible>
					</control>
					<control type="image">
						<width>27</width>
						<centerleft>122</centerleft>
						<texture background="true">$VAR[StatusOverlayWide]</texture>
					</control>
				</control>
			</control>
		</focusedlayout>
	</include>
	<include name="Viewtype524_coords3_4:3">
		<focusedlayout width="246" height="244">
			<control type="group">
				<animation effect="zoom" start="77" end="100" center="123,152" time="300" tween="back" easing="out" reversible="false">Focus</animation>
				<!-- Image - Videos -->
				<include content="image-524-focus">
					<param name="fallback">DefaultVideo.png</param>
					<param name="visible">Container.Content(videos)</param>
				</include>
				<!-- Watched status -->
				<control type="group">
					<left>1</left>
					<bottom>0</bottom>
					<width>244</width>
					<height>27</height>
					<fadetime>200</fadetime>
					<control type="image">
						<texture background="true">views/OverlayBottomBar.png</texture>
						<visible>[ListItem.IsFolder + Integer.IsGreater(ListItem.Property(WatchedEpisodes),0) + Integer.IsGreater(ListItem.Property(UnWatchedEpisodes),0)] | String.IsEqual(ListItem.Overlay,OverlayWatched.png) | ListItem.IsResumable | !String.IsEmpty(ListItem.PlayCount)</visible>
						<visible>[String.IsEqual(ListItem.DBTYPE,music) | String.IsEqual(ListItem.DBTYPE,song) | String.IsEqual(ListItem.DBTYPE,album) | String.IsEqual(ListItem.DBTYPE,artist)] + !Skin.HasSetting(MusicListenedToStatus) | [String.IsEqual(ListItem.DBTYPE,video) | String.IsEqual(ListItem.DBTYPE,movie) | String.IsEqual(ListItem.DBTYPE,set) | String.IsEqual(ListItem.DBTYPE,tvshow) | String.IsEqual(ListItem.DBTYPE,season) | String.IsEqual(ListItem.DBTYPE,episode) | String.IsEqual(ListItem.DBTYPE,musicvideo)] + !Skin.HasSetting(VideoWatchedStatus)</visible>
					</control>
					<control type="image">
						<width>27</width>
						<centerleft>90</centerleft>
						<texture background="true">$VAR[StatusOverlayWide]</texture>
					</control>
				</control>
			</control>
		</focusedlayout>
	</include>
	
	<include name="Viewtype524_coords4">
		<include condition="$EXP[NonMaskedCoordinates]">Viewtype524_coords4_16:9</include>
		<include condition="String.IsEqual(Skin.AspectRatio,21:9)">Viewtype524_coords4_21:9</include>
		<include condition="$EXP[MaskedCoordinates]">Viewtype524_coords4_21:9_masked</include>
		<include condition="String.IsEqual(Skin.AspectRatio,4:3)">Viewtype524_coords4_4:3</include>
	</include>
	<include name="Viewtype524_coords4_16:9">
		<centerleft>50%</centerleft>
		<top>850</top>
		<width>1680</width>
		<height>142</height>
	</include>
	<include name="Viewtype524_coords4_21:9">
		<centerleft>50%</centerleft>
		<top>850</top>
		<width>2320</width>
		<height>142</height>
	</include>
	<include name="Viewtype524_coords4_21:9_masked">
		<centerleft>50%</centerleft>
		<top>1030</top>
		<width>2320</width>
		<height>142</height>
	</include>
	<include name="Viewtype524_coords4_4:3">
		<centerleft>50%</centerleft>
		<top>850</top>
		<width>1200</width>
		<height>142</height>
	</include>
	
	<include name="Viewtype524_coords5">
		<include condition="$EXP[NonMaskedCoordinates]">Viewtype524_coords5_16:9</include>
		<include condition="String.IsEqual(Skin.AspectRatio,21:9)">Viewtype524_coords5_21:9</include>
		<include condition="$EXP[MaskedCoordinates]">Viewtype524_coords5_21:9_masked</include>
		<include condition="String.IsEqual(Skin.AspectRatio,4:3)">Viewtype524_coords5_4:3</include>
	</include>
	<include name="Viewtype524_coords5_16:9">
		<centerleft>50%</centerleft>
		<top>0</top>
		<width>1680</width>
		<height>72</height>
	</include>
	<include name="Viewtype524_coords5_21:9">
		<centerleft>50%</centerleft>
		<top>0</top>
		<width>2320</width>
		<height>72</height>
	</include>
	<include name="Viewtype524_coords5_21:9_masked">
		<centerleft>50%</centerleft>
		<top>0</top>
		<width>2320</width>
		<height>72</height>
	</include>
	<include name="Viewtype524_coords5_4:3">
		<centerleft>50%</centerleft>
		<top>0</top>
		<width>1200</width>
		<height>72</height>
	</include>
	
	<include name="Viewtype524_coords6">
		<include condition="$EXP[NonMaskedCoordinates]">Viewtype524_coords6_16:9</include>
		<include condition="String.IsEqual(Skin.AspectRatio,21:9)">Viewtype524_coords6_21:9</include>
		<include condition="$EXP[MaskedCoordinates]">Viewtype524_coords6_21:9_masked</include>
		<include condition="String.IsEqual(Skin.AspectRatio,4:3)">Viewtype524_coords6_4:3</include>
	</include>
	<include name="Viewtype524_coords6_16:9">
		<centerleft>50%</centerleft>
		<top>82</top>
		<width>800</width>
		<height>54</height>
	</include>
	<include name="Viewtype524_coords6_21:9">
		<centerleft>50%</centerleft>
		<top>82</top>
		<width>1440</width>
		<height>54</height>
	</include>
	<include name="Viewtype524_coords6_21:9_masked">
		<centerleft>50%</centerleft>
		<top>82</top>
		<width>1440</width>
		<height>54</height>
	</include>
	<include name="Viewtype524_coords6_4:3">
		<centerleft>50%</centerleft>
		<top>82</top>
		<width>320</width>
		<height>54</height>
	</include>
	
	<include name="Viewtype524_coords7">
		<include condition="$EXP[NonMaskedCoordinates]">Viewtype524_coords7_16:9</include>
		<include condition="String.IsEqual(Skin.AspectRatio,21:9)">Viewtype524_coords7_21:9</include>
		<include condition="$EXP[MaskedCoordinates]">Viewtype524_coords7_21:9_masked</include>
		<include condition="String.IsEqual(Skin.AspectRatio,4:3)">Viewtype524_coords7_4:3</include>
	</include>
	<include name="Viewtype524_coords7_16:9">
		<bottom>0</bottom>
		<left>12</left>
		<width>185</width>
		<height>185</height>
	</include>
	<include name="Viewtype524_coords7_21:9">
		<bottom>0</bottom>
		<left>4</left>
		<width>185</width>
		<height>185</height>
	</include>
	<include name="Viewtype524_coords7_21:9_masked">
		<bottom>0</bottom>
		<left>4</left>
		<width>185</width>
		<height>185</height>
	</include>
	<include name="Viewtype524_coords7_4:3">
		<bottom>0</bottom>
		<left>7</left>
		<width>185</width>
		<height>185</height>
	</include>
	
	<include name="Viewtype524_coords8">
		<include condition="$EXP[NonMaskedCoordinates]">Viewtype524_coords8_16:9</include>
		<include condition="String.IsEqual(Skin.AspectRatio,21:9)">Viewtype524_coords8_21:9</include>
		<include condition="$EXP[MaskedCoordinates]">Viewtype524_coords8_21:9_masked</include>
		<include condition="String.IsEqual(Skin.AspectRatio,4:3)">Viewtype524_coords8_4:3</include>
	</include>
	<include name="Viewtype524_coords8_16:9">
		<bottom>0</bottom>
		<left>2</left>
		<width>244</width>
		<height>244</height>
	</include>
	<include name="Viewtype524_coords8_21:9">
		<bottom>0</bottom>
		<left>0</left>
		<width>244</width>
		<height>244</height>
	</include>
	<include name="Viewtype524_coords8_21:9_masked">
		<bottom>0</bottom>
		<left>0</left>
		<width>244</width>
		<height>244</height>
	</include>
	<include name="Viewtype524_coords8_4:3">
		<bottom>0</bottom>
		<left>1</left>
		<width>244</width>
		<height>244</height>
	</include>

</includes>