<?xml version="1.0" encoding="UTF-8"?>
<includes>

	<include name="DialogFavourites_coords">
		<include condition="$EXP[NonMaskedCoordinates]">DialogFavourites_coords_16:9</include>
		<include condition="String.IsEqual(Skin.AspectRatio,21:9)">DialogFavourites_coords_21:9</include>
		<include condition="$EXP[MaskedCoordinates]">DialogFavourites_coords_21:9_masked</include>
		<include condition="String.IsEqual(Skin.AspectRatio,4:3)">DialogFavourites_coords_4:3</include>
	</include>
	<include name="DialogFavourites_coords_16:9">
		<left>0</left>
		<top>292</top>
		<width>1620</width>
		<height>40</height>
	</include>
	<include name="DialogFavourites_coords_21:9">
		<left>0</left>
		<top>472</top>
		<width>1620</width>
		<height>40</height>
	</include>
	<include name="DialogFavourites_coords_21:9_masked">
		<left>0</left>
		<top>292</top>
		<width>1620</width>
		<height>40</height>
	</include>
	<include name="DialogFavourites_coords_4:3">
		<left>150</left>
		<top>225</top>
		<width>405</width>
		<height>600</height>
	</include>

</includes>