<?xml version="1.0" encoding="UTF-8"?>
<includes>

	<include name="DialogPVRGroupManager_coords1">
		<include condition="$EXP[NonMaskedCoordinates]">DialogPVRGroupManager_coords1_16:9</include>
		<include condition="String.IsEqual(Skin.AspectRatio,21:9)">DialogPVRGroupManager_coords1_21:9</include>
		<include condition="$EXP[MaskedCoordinates]">DialogPVRGroupManager_coords1_21:9_masked</include>
		<include condition="String.IsEqual(Skin.AspectRatio,4:3)">DialogPVRGroupManager_coords1_4:3</include>
	</include>
	<include name="DialogPVRGroupManager_coords1_16:9">
		<left>150</left>
		<top>228</top>
		<width>513</width>
		<height>36</height>
	</include>
	<include name="DialogPVRGroupManager_coords1_21:9">
		<left>150</left>
		<top>228</top>
		<width>727</width>
		<height>36</height>
	</include>
	<include name="DialogPVRGroupManager_coords1_21:9_masked">
		<left>150</left>
		<top>408</top>
		<width>727</width>
		<height>36</height>
	</include>
	<include name="DialogPVRGroupManager_coords1_4:3">
		<left>150</left>
		<top>228</top>
		<width>353</width>
		<height>36</height>
	</include>
	
	<include name="DialogPVRGroupManager_coords2">
		<include condition="$EXP[NonMaskedCoordinates]">DialogPVRGroupManager_coords2_16:9</include>
		<include condition="String.IsEqual(Skin.AspectRatio,21:9)">DialogPVRGroupManager_coords2_21:9</include>
		<include condition="$EXP[MaskedCoordinates]">DialogPVRGroupManager_coords2_21:9_masked</include>
		<include condition="String.IsEqual(Skin.AspectRatio,4:3)">DialogPVRGroupManager_coords2_4:3</include>
	</include>
	<include name="DialogPVRGroupManager_coords2_16:9">
		<left>150</left>
		<top>284</top>
		<width>513</width>
		<height>594</height>
	</include>
	<include name="DialogPVRGroupManager_coords2_21:9">
		<left>150</left>
		<top>284</top>
		<width>727</width>
		<height>594</height>
	</include>
	<include name="DialogPVRGroupManager_coords2_21:9_masked">
		<left>150</left>
		<top>464</top>
		<width>727</width>
		<height>594</height>
	</include>
	<include name="DialogPVRGroupManager_coords2_4:3">
		<left>150</left>
		<top>284</top>
		<width>353</width>
		<height>594</height>
	</include>
	
	<include name="DialogPVRGroupManager_coords3">
		<include condition="$EXP[NonMaskedCoordinates]">DialogPVRGroupManager_coords3_16:9</include>
		<include condition="String.IsEqual(Skin.AspectRatio,21:9)">DialogPVRGroupManager_coords3_21:9</include>
		<include condition="$EXP[MaskedCoordinates]">DialogPVRGroupManager_coords3_21:9_masked</include>
		<include condition="String.IsEqual(Skin.AspectRatio,4:3)">DialogPVRGroupManager_coords3_4:3</include>
	</include>
	<include name="DialogPVRGroupManager_coords3_16:9">
		<itemlayout width="513" height="66">
			<control type="label">
				<width>513</width>
				<textcolor>$VAR[TextColorNF]</textcolor>
				<label>$INFO[ListItem.Label]</label>
			</control>
		</itemlayout>
	</include>
	<include name="DialogPVRGroupManager_coords3_21:9">
		<itemlayout width="727" height="66">
			<control type="label">
				<width>727</width>
				<textcolor>$VAR[TextColorNF]</textcolor>
				<label>$INFO[ListItem.Label]</label>
			</control>
		</itemlayout>
	</include>
	<include name="DialogPVRGroupManager_coords3_21:9_masked">
		<itemlayout width="727" height="66">
			<control type="label">
				<width>727</width>
				<textcolor>$VAR[TextColorNF]</textcolor>
				<label>$INFO[ListItem.Label]</label>
			</control>
		</itemlayout>
	</include>
	<include name="DialogPVRGroupManager_coords3_4:3">
		<itemlayout width="353" height="66">
			<control type="label">
				<width>353</width>
				<textcolor>$VAR[TextColorNF]</textcolor>
				<label>$INFO[ListItem.Label]</label>
			</control>
		</itemlayout>
	</include>
	
	<include name="DialogPVRGroupManager_coords4">
		<include condition="$EXP[NonMaskedCoordinates]">DialogPVRGroupManager_coords4_16:9</include>
		<include condition="String.IsEqual(Skin.AspectRatio,21:9)">DialogPVRGroupManager_coords4_21:9</include>
		<include condition="$EXP[MaskedCoordinates]">DialogPVRGroupManager_coords4_21:9_masked</include>
		<include condition="String.IsEqual(Skin.AspectRatio,4:3)">DialogPVRGroupManager_coords4_4:3</include>
	</include>
	<include name="DialogPVRGroupManager_coords4_16:9">
		<focusedlayout width="513" height="66">
			<control type="group">
				<include content="NonFocusFadeAnimation">
					<param name="id">13</param>
				</include>
				<control type="label">
					<width>513</width>
					<label>$INFO[ListItem.Label]</label>
					<textcolor>$VAR[TextColorFO]</textcolor>
					<scroll>True</scroll>
				</control>
				<control type="image">
					<width>513</width>
					<height>58</height>
					<texture colordiffuse="$VAR[TextColorFO]">$VAR[focus58]</texture>
				</control>
			</control>
		</focusedlayout>
	</include>
	<include name="DialogPVRGroupManager_coords4_21:9">
		<focusedlayout width="727" height="66">
			<control type="group">
				<include content="NonFocusFadeAnimation">
					<param name="id">13</param>
				</include>
				<control type="label">
					<width>727</width>
					<label>$INFO[ListItem.Label]</label>
					<textcolor>$VAR[TextColorFO]</textcolor>
					<scroll>True</scroll>
				</control>
				<control type="image">
					<width>727</width>
					<height>58</height>
					<texture colordiffuse="$VAR[TextColorFO]">$VAR[focus58]</texture>
				</control>
			</control>
		</focusedlayout>
	</include>
	<include name="DialogPVRGroupManager_coords4_21:9_masked">
		<focusedlayout width="727" height="66">
			<control type="group">
				<include content="NonFocusFadeAnimation">
					<param name="id">13</param>
				</include>
				<control type="label">
					<width>727</width>
					<label>$INFO[ListItem.Label]</label>
					<textcolor>$VAR[TextColorFO]</textcolor>
					<scroll>True</scroll>
				</control>
				<control type="image">
					<width>727</width>
					<height>58</height>
					<texture colordiffuse="$VAR[TextColorFO]">$VAR[focus58]</texture>
				</control>
			</control>
		</focusedlayout>
	</include>
	<include name="DialogPVRGroupManager_coords4_4:3">
		<focusedlayout width="353" height="66">
			<control type="group">
				<include content="NonFocusFadeAnimation">
					<param name="id">13</param>
				</include>
				<control type="label">
					<width>353</width>
					<label>$INFO[ListItem.Label]</label>
					<textcolor>$VAR[TextColorFO]</textcolor>
					<scroll>True</scroll>
				</control>
				<control type="image">
					<width>353</width>
					<height>58</height>
					<texture colordiffuse="$VAR[TextColorFO]">$VAR[focus58]</texture>
				</control>
			</control>
		</focusedlayout>
	</include>
	
	<include name="DialogPVRGroupManager_coords5">
		<include condition="$EXP[NonMaskedCoordinates]">DialogPVRGroupManager_coords5_16:9</include>
		<include condition="String.IsEqual(Skin.AspectRatio,21:9)">DialogPVRGroupManager_coords5_21:9</include>
		<include condition="$EXP[MaskedCoordinates]">DialogPVRGroupManager_coords5_21:9_masked</include>
		<include condition="String.IsEqual(Skin.AspectRatio,4:3)">DialogPVRGroupManager_coords5_4:3</include>
	</include>
	<include name="DialogPVRGroupManager_coords5_16:9">
		<left>120</left>
		<top>304</top>
		<width>20</width>
		<height>554</height>
	</include>
	<include name="DialogPVRGroupManager_coords5_21:9">
		<left>120</left>
		<top>304</top>
		<width>20</width>
		<height>554</height>
	</include>
	<include name="DialogPVRGroupManager_coords5_21:9_masked">
		<left>120</left>
		<top>484</top>
		<width>20</width>
		<height>554</height>
	</include>
	<include name="DialogPVRGroupManager_coords5_4:3">
		<left>120</left>
		<top>304</top>
		<width>20</width>
		<height>554</height>
	</include>
	
	<include name="DialogPVRGroupManager_coords6">
		<include condition="$EXP[NonMaskedCoordinates]">DialogPVRGroupManager_coords6_16:9</include>
		<include condition="String.IsEqual(Skin.AspectRatio,21:9)">DialogPVRGroupManager_coords6_21:9</include>
		<include condition="$EXP[MaskedCoordinates]">DialogPVRGroupManager_coords6_21:9_masked</include>
		<include condition="String.IsEqual(Skin.AspectRatio,4:3)">DialogPVRGroupManager_coords6_4:3</include>
	</include>
	<include name="DialogPVRGroupManager_coords6_16:9">
		<left>703</left>
		<top>228</top>
		<width>513</width>
		<height>36</height>
	</include>
	<include name="DialogPVRGroupManager_coords6_21:9">
		<left>917</left>
		<top>228</top>
		<width>727</width>
		<height>36</height>
	</include>
	<include name="DialogPVRGroupManager_coords6_21:9_masked">
		<left>917</left>
		<top>408</top>
		<width>727</width>
		<height>36</height>
	</include>
	<include name="DialogPVRGroupManager_coords6_4:3">
		<left>543</left>
		<top>228</top>
		<width>353</width>
		<height>36</height>
	</include>
	
	<include name="DialogPVRGroupManager_coords7">
		<include condition="$EXP[NonMaskedCoordinates]">DialogPVRGroupManager_coords7_16:9</include>
		<include condition="String.IsEqual(Skin.AspectRatio,21:9)">DialogPVRGroupManager_coords7_21:9</include>
		<include condition="$EXP[MaskedCoordinates]">DialogPVRGroupManager_coords7_21:9_masked</include>
		<include condition="String.IsEqual(Skin.AspectRatio,4:3)">DialogPVRGroupManager_coords7_4:3</include>
	</include>
	<include name="DialogPVRGroupManager_coords7_16:9">
		<left>703</left>
		<top>284</top>
		<width>513</width>
		<height>594</height>
	</include>
	<include name="DialogPVRGroupManager_coords7_21:9">
		<left>917</left>
		<top>284</top>
		<width>727</width>
		<height>594</height>
	</include>
	<include name="DialogPVRGroupManager_coords7_21:9_masked">
		<left>917</left>
		<top>464</top>
		<width>727</width>
		<height>594</height>
	</include>
	<include name="DialogPVRGroupManager_coords7_4:3">
		<left>543</left>
		<top>284</top>
		<width>353</width>
		<height>594</height>
	</include>
	
	<include name="DialogPVRGroupManager_coords8">
		<include condition="$EXP[NonMaskedCoordinates]">DialogPVRGroupManager_coords8_16:9</include>
		<include condition="String.IsEqual(Skin.AspectRatio,21:9)">DialogPVRGroupManager_coords8_21:9</include>
		<include condition="$EXP[MaskedCoordinates]">DialogPVRGroupManager_coords8_21:9_masked</include>
		<include condition="String.IsEqual(Skin.AspectRatio,4:3)">DialogPVRGroupManager_coords8_4:3</include>
	</include>
	<include name="DialogPVRGroupManager_coords8_16:9">
		<itemlayout width="513" height="66">
			<control type="label">
				<width>513</width>
				<textcolor>$VAR[TextColorNF]</textcolor>
				<label>$INFO[ListItem.ChannelNumberLabel,(,) ]$INFO[ListItem.ChannelName]</label>
			</control>
		</itemlayout>
	</include>
	<include name="DialogPVRGroupManager_coords8_21:9">
		<itemlayout width="727" height="66">
			<control type="label">
				<width>727</width>
				<textcolor>$VAR[TextColorNF]</textcolor>
				<label>$INFO[ListItem.ChannelNumberLabel,(,) ]$INFO[ListItem.ChannelName]</label>
			</control>
		</itemlayout>
	</include>
	<include name="DialogPVRGroupManager_coords8_21:9_masked">
		<itemlayout width="727" height="66">
			<control type="label">
				<width>727</width>
				<textcolor>$VAR[TextColorNF]</textcolor>
				<label>$INFO[ListItem.ChannelNumberLabel,(,) ]$INFO[ListItem.ChannelName]</label>
			</control>
		</itemlayout>
	</include>
	<include name="DialogPVRGroupManager_coords8_4:3">
		<itemlayout width="353" height="66">
			<control type="label">
				<width>353</width>
				<textcolor>$VAR[TextColorNF]</textcolor>
				<label>$INFO[ListItem.ChannelNumberLabel,(,) ]$INFO[ListItem.ChannelName]</label>
			</control>
		</itemlayout>
	</include>
	
	<include name="DialogPVRGroupManager_coords9">
		<include condition="$EXP[NonMaskedCoordinates]">DialogPVRGroupManager_coords9_16:9</include>
		<include condition="String.IsEqual(Skin.AspectRatio,21:9)">DialogPVRGroupManager_coords9_21:9</include>
		<include condition="$EXP[MaskedCoordinates]">DialogPVRGroupManager_coords9_21:9_masked</include>
		<include condition="String.IsEqual(Skin.AspectRatio,4:3)">DialogPVRGroupManager_coords9_4:3</include>
	</include>
	<include name="DialogPVRGroupManager_coords9_16:9">
		<focusedlayout width="513" height="66">
			<control type="group">
				<include content="NonFocusFadeAnimation">
					<param name="id">12</param>
				</include>
				<control type="label">
					<width>513</width>
					<textcolor>$VAR[TextColorFO]</textcolor>
					<label>$INFO[ListItem.ChannelNumberLabel,(,) ]$INFO[ListItem.ChannelName]</label>
					<scroll>True</scroll>
				</control>
				<control type="image">
					<width>513</width>
					<height>58</height>
					<texture colordiffuse="$VAR[TextColorFO]">$VAR[focus58]</texture>
				</control>
			</control>
		</focusedlayout>
	</include>
	<include name="DialogPVRGroupManager_coords9_21:9">
		<focusedlayout width="727" height="66">
			<control type="group">
				<include content="NonFocusFadeAnimation">
					<param name="id">12</param>
				</include>
				<control type="label">
					<width>727</width>
					<textcolor>$VAR[TextColorFO]</textcolor>
					<label>$INFO[ListItem.ChannelNumberLabel,(,) ]$INFO[ListItem.ChannelName]</label>
					<scroll>True</scroll>
				</control>
				<control type="image">
					<width>727</width>
					<height>58</height>
					<texture colordiffuse="$VAR[TextColorFO]">$VAR[focus58]</texture>
				</control>
			</control>
		</focusedlayout>
	</include>
	<include name="DialogPVRGroupManager_coords9_21:9_masked">
		<focusedlayout width="727" height="66">
			<control type="group">
				<include content="NonFocusFadeAnimation">
					<param name="id">12</param>
				</include>
				<control type="label">
					<width>727</width>
					<textcolor>$VAR[TextColorFO]</textcolor>
					<label>$INFO[ListItem.ChannelNumberLabel,(,) ]$INFO[ListItem.ChannelName]</label>
					<scroll>True</scroll>
				</control>
				<control type="image">
					<width>727</width>
					<height>58</height>
					<texture colordiffuse="$VAR[TextColorFO]">$VAR[focus58]</texture>
				</control>
			</control>
		</focusedlayout>
	</include>
	<include name="DialogPVRGroupManager_coords9_4:3">
		<focusedlayout width="353" height="66">
			<control type="group">
				<include content="NonFocusFadeAnimation">
					<param name="id">12</param>
				</include>
				<control type="label">
					<width>353</width>
					<textcolor>$VAR[TextColorFO]</textcolor>
					<label>$INFO[ListItem.ChannelNumberLabel,(,) ]$INFO[ListItem.ChannelName]</label>
					<scroll>True</scroll>
				</control>
				<control type="image">
					<width>353</width>
					<height>58</height>
					<texture colordiffuse="$VAR[TextColorFO]">$VAR[focus58]</texture>
				</control>
			</control>
		</focusedlayout>
	</include>
	
	<include name="DialogPVRGroupManager_coords10">
		<include condition="$EXP[NonMaskedCoordinates]">DialogPVRGroupManager_coords10_16:9</include>
		<include condition="String.IsEqual(Skin.AspectRatio,21:9)">DialogPVRGroupManager_coords10_21:9</include>
		<include condition="$EXP[MaskedCoordinates]">DialogPVRGroupManager_coords10_21:9_masked</include>
		<include condition="String.IsEqual(Skin.AspectRatio,4:3)">DialogPVRGroupManager_coords10_4:3</include>
	</include>
	<include name="DialogPVRGroupManager_coords10_16:9">
		<left>673</left>
		<top>304</top>
		<width>20</width>
		<height>554</height>
	</include>
	<include name="DialogPVRGroupManager_coords10_21:9">
		<left>887</left>
		<top>304</top>
		<width>20</width>
		<height>554</height>
	</include>
	<include name="DialogPVRGroupManager_coords10_21:9_masked">
		<left>887</left>
		<top>484</top>
		<width>20</width>
		<height>554</height>
	</include>
	<include name="DialogPVRGroupManager_coords10_4:3">
		<left>513</left>
		<top>304</top>
		<width>20</width>
		<height>554</height>
	</include>
	
	<include name="DialogPVRGroupManager_coords11">
		<include condition="$EXP[NonMaskedCoordinates]">DialogPVRGroupManager_coords11_16:9</include>
		<include condition="String.IsEqual(Skin.AspectRatio,21:9)">DialogPVRGroupManager_coords11_21:9</include>
		<include condition="$EXP[MaskedCoordinates]">DialogPVRGroupManager_coords11_21:9_masked</include>
		<include condition="String.IsEqual(Skin.AspectRatio,4:3)">DialogPVRGroupManager_coords11_4:3</include>
	</include>
	<include name="DialogPVRGroupManager_coords11_16:9">
		<left>1256</left>
		<top>228</top>
		<width>514</width>
		<height>36</height>
	</include>
	<include name="DialogPVRGroupManager_coords11_21:9">
		<left>1684</left>
		<top>228</top>
		<width>726</width>
		<height>36</height>
	</include>
	<include name="DialogPVRGroupManager_coords11_21:9_masked">
		<left>1684</left>
		<top>408</top>
		<width>726</width>
		<height>36</height>
	</include>
	<include name="DialogPVRGroupManager_coords11_4:3">
		<left>936</left>
		<top>228</top>
		<width>354</width>
		<height>36</height>
	</include>
	
	<include name="DialogPVRGroupManager_coords12">
		<include condition="$EXP[NonMaskedCoordinates]">DialogPVRGroupManager_coords12_16:9</include>
		<include condition="String.IsEqual(Skin.AspectRatio,21:9)">DialogPVRGroupManager_coords12_21:9</include>
		<include condition="$EXP[MaskedCoordinates]">DialogPVRGroupManager_coords12_21:9_masked</include>
		<include condition="String.IsEqual(Skin.AspectRatio,4:3)">DialogPVRGroupManager_coords12_4:3</include>
	</include>
	<include name="DialogPVRGroupManager_coords12_16:9">
		<left>1256</left>
		<top>284</top>
		<width>514</width>
		<height>594</height>
	</include>
	<include name="DialogPVRGroupManager_coords12_21:9">
		<left>1684</left>
		<top>284</top>
		<width>726</width>
		<height>594</height>
	</include>
	<include name="DialogPVRGroupManager_coords12_21:9_masked">
		<left>1684</left>
		<top>464</top>
		<width>726</width>
		<height>594</height>
	</include>
	<include name="DialogPVRGroupManager_coords12_4:3">
		<left>936</left>
		<top>284</top>
		<width>354</width>
		<height>594</height>
	</include>
	
	<include name="DialogPVRGroupManager_coords13">
		<include condition="$EXP[NonMaskedCoordinates]">DialogPVRGroupManager_coords13_16:9</include>
		<include condition="String.IsEqual(Skin.AspectRatio,21:9)">DialogPVRGroupManager_coords13_21:9</include>
		<include condition="$EXP[MaskedCoordinates]">DialogPVRGroupManager_coords13_21:9_masked</include>
		<include condition="String.IsEqual(Skin.AspectRatio,4:3)">DialogPVRGroupManager_coords13_4:3</include>
	</include>
	<include name="DialogPVRGroupManager_coords13_16:9">
		<itemlayout width="514" height="66">
			<control type="label">
				<width>514</width>
				<textcolor>$VAR[TextColorNF]</textcolor>
				<label>$INFO[ListItem.ChannelNumberLabel,(,) ]$INFO[ListItem.ChannelName]</label>
			</control>
		</itemlayout>
	</include>
	<include name="DialogPVRGroupManager_coords13_21:9">
		<itemlayout width="726" height="66">
			<control type="label">
				<width>726</width>
				<textcolor>$VAR[TextColorNF]</textcolor>
				<label>$INFO[ListItem.ChannelNumberLabel,(,) ]$INFO[ListItem.ChannelName]</label>
			</control>
		</itemlayout>
	</include>
	<include name="DialogPVRGroupManager_coords13_21:9_masked">
		<itemlayout width="726" height="66">
			<control type="label">
				<width>726</width>
				<textcolor>$VAR[TextColorNF]</textcolor>
				<label>$INFO[ListItem.ChannelNumberLabel,(,) ]$INFO[ListItem.ChannelName]</label>
			</control>
		</itemlayout>
	</include>
	<include name="DialogPVRGroupManager_coords13_4:3">
		<itemlayout width="354" height="66">
			<control type="label">
				<width>354</width>
				<textcolor>$VAR[TextColorNF]</textcolor>
				<label>$INFO[ListItem.ChannelNumberLabel,(,) ]$INFO[ListItem.ChannelName]</label>
			</control>
		</itemlayout>
	</include>
	
	<include name="DialogPVRGroupManager_coords14">
		<include condition="$EXP[NonMaskedCoordinates]">DialogPVRGroupManager_coords14_16:9</include>
		<include condition="String.IsEqual(Skin.AspectRatio,21:9)">DialogPVRGroupManager_coords14_21:9</include>
		<include condition="$EXP[MaskedCoordinates]">DialogPVRGroupManager_coords14_21:9_masked</include>
		<include condition="String.IsEqual(Skin.AspectRatio,4:3)">DialogPVRGroupManager_coords14_4:3</include>
	</include>
	<include name="DialogPVRGroupManager_coords14_16:9">
		<focusedlayout width="514" height="66">
			<control type="group">
				<include content="NonFocusFadeAnimation">
					<param name="id">11</param>
				</include>
				<control type="label">
					<width>514</width>
					<label>$INFO[ListItem.ChannelNumberLabel,(,) ]$INFO[ListItem.ChannelName]</label>
					<textcolor>$VAR[TextColorFO]</textcolor>
					<scroll>True</scroll>
				</control>
				<control type="image">
					<width>514</width>
					<height>58</height>
					<texture colordiffuse="$VAR[TextColorFO]">$VAR[focus58]</texture>
				</control>
			</control>
		</focusedlayout>
	</include>
	<include name="DialogPVRGroupManager_coords14_21:9">
		<focusedlayout width="726" height="66">
			<control type="group">
				<include content="NonFocusFadeAnimation">
					<param name="id">11</param>
				</include>
				<control type="label">
					<width>726</width>
					<label>$INFO[ListItem.ChannelNumberLabel,(,) ]$INFO[ListItem.ChannelName]</label>
					<textcolor>$VAR[TextColorFO]</textcolor>
					<scroll>True</scroll>
				</control>
				<control type="image">
					<width>726</width>
					<height>58</height>
					<texture colordiffuse="$VAR[TextColorFO]">$VAR[focus58]</texture>
				</control>
			</control>
		</focusedlayout>
	</include>
	<include name="DialogPVRGroupManager_coords14_21:9_masked">
		<focusedlayout width="726" height="66">
			<control type="group">
				<include content="NonFocusFadeAnimation">
					<param name="id">11</param>
				</include>
				<control type="label">
					<width>726</width>
					<label>$INFO[ListItem.ChannelNumberLabel,(,) ]$INFO[ListItem.ChannelName]</label>
					<textcolor>$VAR[TextColorFO]</textcolor>
					<scroll>True</scroll>
				</control>
				<control type="image">
					<width>726</width>
					<height>58</height>
					<texture colordiffuse="$VAR[TextColorFO]">$VAR[focus58]</texture>
				</control>
			</control>
		</focusedlayout>
	</include>
	<include name="DialogPVRGroupManager_coords14_4:3">
		<focusedlayout width="354" height="66">
			<control type="group">
				<include content="NonFocusFadeAnimation">
					<param name="id">11</param>
				</include>
				<control type="label">
					<width>354</width>
					<label>$INFO[ListItem.ChannelNumberLabel,(,) ]$INFO[ListItem.ChannelName]</label>
					<textcolor>$VAR[TextColorFO]</textcolor>
					<scroll>True</scroll>
				</control>
				<control type="image">
					<width>354</width>
					<height>58</height>
					<texture colordiffuse="$VAR[TextColorFO]">$VAR[focus58]</texture>
				</control>
			</control>
		</focusedlayout>
	</include>
	
	<include name="DialogPVRGroupManager_coords15">
		<include condition="$EXP[NonMaskedCoordinates]">DialogPVRGroupManager_coords15_16:9</include>
		<include condition="String.IsEqual(Skin.AspectRatio,21:9)">DialogPVRGroupManager_coords15_21:9</include>
		<include condition="$EXP[MaskedCoordinates]">DialogPVRGroupManager_coords15_21:9_masked</include>
		<include condition="String.IsEqual(Skin.AspectRatio,4:3)">DialogPVRGroupManager_coords15_4:3</include>
	</include>
	<include name="DialogPVRGroupManager_coords15_16:9">
		<left>1226</left>
		<top>304</top>
		<width>20</width>
		<height>554</height>
	</include>
	<include name="DialogPVRGroupManager_coords15_21:9">
		<left>1654</left>
		<top>304</top>
		<width>20</width>
		<height>554</height>
	</include>
	<include name="DialogPVRGroupManager_coords15_21:9_masked">
		<left>1654</left>
		<top>484</top>
		<width>20</width>
		<height>554</height>
	</include>
	<include name="DialogPVRGroupManager_coords15_4:3">
		<left>906</left>
		<top>304</top>
		<width>20</width>
		<height>554</height>
	</include>

</includes>