<?xml version="1.0" encoding="UTF-8"?>
<includes>

	<include name="DialogAddonSettings_coords1">
		<include condition="$EXP[NonMaskedCoordinates]">DialogAddonSettings_coords1_16:9</include>
		<include condition="String.IsEqual(Skin.AspectRatio,21:9)">DialogAddonSettings_coords1_21:9</include>
		<include condition="$EXP[MaskedCoordinates]">DialogAddonSettings_coords1_21:9_masked</include>
		<include condition="String.IsEqual(Skin.AspectRatio,4:3)">DialogAddonSettings_coords1_4:3</include>
	</include>
	<include name="DialogAddonSettings_coords1_16:9">
		<left>150</left>
		<top>210</top>
		<width>360</width>
		<height>594</height>
	</include>
	<include name="DialogAddonSettings_coords1_21:9">
		<left>150</left>
		<top>210</top>
		<width>360</width>
		<height>594</height>
	</include>
	<include name="DialogAddonSettings_coords1_21:9_masked">
		<left>150</left>
		<top>390</top>
		<width>360</width>
		<height>594</height>
	</include>
	<include name="DialogAddonSettings_coords1_4:3">
		<left>150</left>
		<top>210</top>
		<width>360</width>
		<height>594</height>
	</include>
	
	<include name="DialogAddonSettings_coords2">
		<include condition="$EXP[NonMaskedCoordinates]">DialogAddonSettings_coords2_16:9</include>
		<include condition="String.IsEqual(Skin.AspectRatio,21:9)">DialogAddonSettings_coords2_21:9</include>
		<include condition="$EXP[MaskedCoordinates]">DialogAddonSettings_coords2_21:9_masked</include>
		<include condition="String.IsEqual(Skin.AspectRatio,4:3)">DialogAddonSettings_coords2_4:3</include>
	</include>
	<include name="DialogAddonSettings_coords2_16:9">
		<width>360</width>
		<height>66</height>
	</include>
	<include name="DialogAddonSettings_coords2_21:9">
		<width>360</width>
		<height>66</height>
	</include>
	<include name="DialogAddonSettings_coords2_21:9_masked">
		<width>360</width>
		<height>66</height>
	</include>
	<include name="DialogAddonSettings_coords2_4:3">
		<width>360</width>
		<height>66</height>
	</include>
	
	<include name="DialogAddonSettings_coords3">
		<include condition="$EXP[NonMaskedCoordinates]">DialogAddonSettings_coords3_16:9</include>
		<include condition="String.IsEqual(Skin.AspectRatio,21:9)">DialogAddonSettings_coords3_21:9</include>
		<include condition="$EXP[MaskedCoordinates]">DialogAddonSettings_coords3_21:9_masked</include>
		<include condition="String.IsEqual(Skin.AspectRatio,4:3)">DialogAddonSettings_coords3_4:3</include>
	</include>
	<include name="DialogAddonSettings_coords3_16:9">
		<left>120</left>
		<top>230</top>
		<width>20</width>
		<height>554</height>
	</include>
	<include name="DialogAddonSettings_coords3_21:9">
		<left>120</left>
		<top>230</top>
		<width>20</width>
		<height>554</height>
	</include>
	<include name="DialogAddonSettings_coords3_21:9_masked">
		<left>120</left>
		<top>410</top>
		<width>20</width>
		<height>554</height>
	</include>
	<include name="DialogAddonSettings_coords3_4:3">
		<left>120</left>
		<top>230</top>
		<width>20</width>
		<height>554</height>
	</include>
	
	<include name="DialogAddonSettings_coords4">
		<include condition="$EXP[NonMaskedCoordinates]">DialogAddonSettings_coords4_16:9</include>
		<include condition="String.IsEqual(Skin.AspectRatio,21:9)">DialogAddonSettings_coords4_21:9</include>
		<include condition="$EXP[MaskedCoordinates]">DialogAddonSettings_coords4_21:9_masked</include>
		<include condition="String.IsEqual(Skin.AspectRatio,4:3)">DialogAddonSettings_coords4_4:3</include>
	</include>
	<include name="DialogAddonSettings_coords4_16:9">
		<left>150</left>
		<top>804</top>
		<width>360</width>
		<height>44</height>
	</include>
	<include name="DialogAddonSettings_coords4_21:9">
		<left>150</left>
		<top>804</top>
		<width>360</width>
		<height>44</height>
	</include>
	<include name="DialogAddonSettings_coords4_21:9_masked">
		<left>150</left>
		<top>984</top>
		<width>360</width>
		<height>44</height>
	</include>
	<include name="DialogAddonSettings_coords4_4:3">
		<left>150</left>
		<top>804</top>
		<width>360</width>
		<height>44</height>
	</include>
	
	<include name="DialogAddonSettings_coords5">
		<include condition="$EXP[NonMaskedCoordinates]">DialogAddonSettings_coords5_16:9</include>
		<include condition="String.IsEqual(Skin.AspectRatio,21:9)">DialogAddonSettings_coords5_21:9</include>
		<include condition="$EXP[MaskedCoordinates]">DialogAddonSettings_coords5_21:9_masked</include>
		<include condition="String.IsEqual(Skin.AspectRatio,4:3)">DialogAddonSettings_coords5_4:3</include>
	</include>
	<include name="DialogAddonSettings_coords5_16:9">
		<left>150</left>
		<top>837</top>
		<width>360</width>
		<height>66</height>
	</include>
	<include name="DialogAddonSettings_coords5_21:9">
		<left>150</left>
		<top>837</top>
		<width>360</width>
		<height>66</height>
	</include>
	<include name="DialogAddonSettings_coords5_21:9_masked">
		<left>150</left>
		<top>1017</top>
		<width>360</width>
		<height>66</height>
	</include>
	<include name="DialogAddonSettings_coords5_4:3">
		<left>150</left>
		<top>837</top>
		<width>360</width>
		<height>66</height>
	</include>
	
	<include name="DialogAddonSettings_coords6">
		<include condition="$EXP[NonMaskedCoordinates]">DialogAddonSettings_coords6_16:9</include>
		<include condition="String.IsEqual(Skin.AspectRatio,21:9)">DialogAddonSettings_coords6_21:9</include>
		<include condition="$EXP[MaskedCoordinates]">DialogAddonSettings_coords6_21:9_masked</include>
		<include condition="String.IsEqual(Skin.AspectRatio,4:3)">DialogAddonSettings_coords6_4:3</include>
	</include>
	<include name="DialogAddonSettings_coords6_16:9">
		<left>600</left>
		<top>210</top>
		<width>1170</width>
		<height>594</height>
	</include>
	<include name="DialogAddonSettings_coords6_21:9">
		<left>600</left>
		<top>210</top>
		<width>1810</width>
		<height>594</height>
	</include>
	<include name="DialogAddonSettings_coords6_21:9_masked">
		<left>600</left>
		<top>390</top>
		<width>1810</width>
		<height>594</height>
	</include>
	<include name="DialogAddonSettings_coords6_4:3">
		<left>600</left>
		<top>210</top>
		<width>690</width>
		<height>594</height>
	</include>
	
	<include name="DialogAddonSettings_coords7">
		<include condition="$EXP[NonMaskedCoordinates]">DialogAddonSettings_coords7_16:9</include>
		<include condition="String.IsEqual(Skin.AspectRatio,21:9)">DialogAddonSettings_coords7_21:9</include>
		<include condition="$EXP[MaskedCoordinates]">DialogAddonSettings_coords7_21:9_masked</include>
		<include condition="String.IsEqual(Skin.AspectRatio,4:3)">DialogAddonSettings_coords7_4:3</include>
	</include>
	<include name="DialogAddonSettings_coords7_16:9">
		<left>570</left>
		<top>248</top>
		<width>20</width>
		<height>554</height>
	</include>
	<include name="DialogAddonSettings_coords7_21:9">
		<left>570</left>
		<top>248</top>
		<width>20</width>
		<height>554</height>
	</include>
	<include name="DialogAddonSettings_coords7_21:9_masked">
		<left>570</left>
		<top>428</top>
		<width>20</width>
		<height>554</height>
	</include>
	<include name="DialogAddonSettings_coords7_4:3">
		<left>570</left>
		<top>248</top>
		<width>20</width>
		<height>554</height>
	</include>
	
	<include name="DialogAddonSettings_coords8">
		<include condition="$EXP[NonMaskedCoordinates]">DialogAddonSettings_coords8_16:9</include>
		<include condition="String.IsEqual(Skin.AspectRatio,21:9)">DialogAddonSettings_coords8_21:9</include>
		<include condition="$EXP[MaskedCoordinates]">DialogAddonSettings_coords8_21:9_masked</include>
		<include condition="String.IsEqual(Skin.AspectRatio,4:3)">DialogAddonSettings_coords8_4:3</include>
	</include>
	<include name="DialogAddonSettings_coords8_16:9">
		<width>1170</width>
		<height>66</height>
	</include>
	<include name="DialogAddonSettings_coords8_21:9">
		<width>1810</width>
		<height>66</height>
	</include>
	<include name="DialogAddonSettings_coords8_21:9_masked">
		<width>1810</width>
		<height>66</height>
	</include>
	<include name="DialogAddonSettings_coords8_4:3">
		<width>690</width>
		<height>66</height>
	</include>
	
	<include name="DialogAddonSettings_coords9">
		<include condition="$EXP[NonMaskedCoordinates]">DialogAddonSettings_coords9_16:9</include>
		<include condition="String.IsEqual(Skin.AspectRatio,21:9)">DialogAddonSettings_coords9_21:9</include>
		<include condition="$EXP[MaskedCoordinates]">DialogAddonSettings_coords9_21:9_masked</include>
		<include condition="String.IsEqual(Skin.AspectRatio,4:3)">DialogAddonSettings_coords9_4:3</include>
	</include>
	<include name="DialogAddonSettings_coords9_16:9">
		<width>1170</width>
		<height>66</height>
		<textwidth>1104</textwidth>
	</include>
	<include name="DialogAddonSettings_coords9_21:9">
		<width>1810</width>
		<height>66</height>
		<textwidth>1744</textwidth>
	</include>
	<include name="DialogAddonSettings_coords9_21:9_masked">
		<width>1810</width>
		<height>66</height>
		<textwidth>1744</textwidth>
	</include>
	<include name="DialogAddonSettings_coords9_4:3">
		<width>690</width>
		<height>66</height>
		<textwidth>624</textwidth>
	</include>
	
	<include name="DialogAddonSettings_coords10">
		<include condition="$EXP[NonMaskedCoordinates]">DialogAddonSettings_coords10_16:9</include>
		<include condition="String.IsEqual(Skin.AspectRatio,21:9)">DialogAddonSettings_coords10_21:9</include>
		<include condition="$EXP[MaskedCoordinates]">DialogAddonSettings_coords10_21:9_masked</include>
		<include condition="String.IsEqual(Skin.AspectRatio,4:3)">DialogAddonSettings_coords10_4:3</include>
	</include>
	<include name="DialogAddonSettings_coords10_16:9">
		<width>1170</width>
		<height>66</height>
	</include>
	<include name="DialogAddonSettings_coords10_21:9">
		<width>1810</width>
		<height>66</height>
	</include>
	<include name="DialogAddonSettings_coords10_21:9_masked">
		<width>1810</width>
		<height>66</height>
	</include>
	<include name="DialogAddonSettings_coords10_4:3">
		<width>690</width>
		<height>66</height>
	</include>
	
	<include name="DialogAddonSettings_coords11">
		<include condition="$EXP[NonMaskedCoordinates]">DialogAddonSettings_coords11_16:9</include>
		<include condition="String.IsEqual(Skin.AspectRatio,21:9)">DialogAddonSettings_coords11_21:9</include>
		<include condition="$EXP[MaskedCoordinates]">DialogAddonSettings_coords11_21:9_masked</include>
		<include condition="String.IsEqual(Skin.AspectRatio,4:3)">DialogAddonSettings_coords11_4:3</include>
	</include>
	<include name="DialogAddonSettings_coords11_16:9">
		<left>600</left>
		<bottom>180</bottom>
		<width>1170</width>
		<height>36</height>
	</include>
	<include name="DialogAddonSettings_coords11_21:9">
		<left>600</left>
		<bottom>180</bottom>
		<width>1810</width>
		<height>36</height>
	</include>
	<include name="DialogAddonSettings_coords11_21:9_masked">
		<left>600</left>
		<bottom>360</bottom>
		<width>1810</width>
		<height>36</height>
	</include>
	<include name="DialogAddonSettings_coords11_4:3">
		<left>600</left>
		<bottom>180</bottom>
		<width>690</width>
		<height>36</height>
	</include>

</includes>