<?xml version="1.0" encoding="UTF-8"?>
<includes>

	<include name="DialogPictureInfo_coords1">
		<include condition="$EXP[NonMaskedCoordinates]">DialogPictureInfo_coords1_16:9</include>
		<include condition="String.IsEqual(Skin.AspectRatio,21:9)">DialogPictureInfo_coords1_21:9</include>
		<include condition="$EXP[MaskedCoordinates]">DialogPictureInfo_coords1_21:9_masked</include>
		<include condition="String.IsEqual(Skin.AspectRatio,4:3)">DialogPictureInfo_coords1_4:3</include>
	</include>
	<include name="DialogPictureInfo_coords1_16:9">
		<left>150</left>
		<top>225</top>
		<width>405</width>
		<height>600</height>
	</include>
	<include name="DialogPictureInfo_coords1_21:9">
		<left>150</left>
		<top>225</top>
		<width>405</width>
		<height>600</height>
	</include>
	<include name="DialogPictureInfo_coords1_21:9_masked">
		<left>150</left>
		<top>405</top>
		<width>405</width>
		<height>600</height>
	</include>
	<include name="DialogPictureInfo_coords1_4:3">
		<left>150</left>
		<top>225</top>
		<width>405</width>
		<height>600</height>
	</include>

	<include name="DialogPictureInfo_coords2">
		<include condition="$EXP[NonMaskedCoordinates]">DialogPictureInfo_coords2_16:9</include>
		<include condition="String.IsEqual(Skin.AspectRatio,21:9)">DialogPictureInfo_coords2_21:9</include>
		<include condition="$EXP[MaskedCoordinates]">DialogPictureInfo_coords2_21:9_masked</include>
		<include condition="String.IsEqual(Skin.AspectRatio,4:3)">DialogPictureInfo_coords2_4:3</include>
	</include>
	<include name="DialogPictureInfo_coords2_16:9">
		<left>630</left>
		<top>235</top>
		<width>1140</width>
		<height>580</height>
	</include>
	<include name="DialogPictureInfo_coords2_21:9">
		<left>630</left>
		<top>235</top>
		<width>1780</width>
		<height>580</height>
	</include>
	<include name="DialogPictureInfo_coords2_21:9_masked">
		<left>630</left>
		<top>415</top>
		<width>1780</width>
		<height>580</height>
	</include>
	<include name="DialogPictureInfo_coords2_4:3">
		<left>630</left>
		<top>235</top>
		<width>660</width>
		<height>580</height>
	</include>
	
	<include name="DialogPictureInfo_coords3">
		<include condition="$EXP[NonMaskedCoordinates]">DialogPictureInfo_coords3_16:9</include>
		<include condition="String.IsEqual(Skin.AspectRatio,21:9)">DialogPictureInfo_coords3_21:9</include>
		<include condition="$EXP[MaskedCoordinates]">DialogPictureInfo_coords3_21:9_masked</include>
		<include condition="String.IsEqual(Skin.AspectRatio,4:3)">DialogPictureInfo_coords3_4:3</include>
	</include>
	<include name="DialogPictureInfo_coords3_16:9">
		<itemlayout width="1140" height="58">
			<control type="label">
				<width>320</width>
				<height>58</height>
				<font>Font36</font>
				<textcolor>$VAR[TextColorNF]</textcolor>
				<label>$INFO[ListItem.Label]</label>
			</control>
			<control type="label">
				<left>340</left>
				<width>800</width>
				<height>58</height>
				<font>Font36</font>
				<align>right</align>
				<textcolor>$VAR[TextColorNF]</textcolor>
				<label>$INFO[ListItem.Label2]</label>
			</control>
		</itemlayout>
	</include>
	<include name="DialogPictureInfo_coords3_21:9">
		<itemlayout width="1780" height="58">
			<control type="label">
				<width>320</width>
				<height>58</height>
				<font>Font36</font>
				<textcolor>$VAR[TextColorNF]</textcolor>
				<label>$INFO[ListItem.Label]</label>
			</control>
			<control type="label">
				<left>340</left>
				<width>1440</width>
				<height>58</height>
				<font>Font36</font>
				<align>right</align>
				<textcolor>$VAR[TextColorNF]</textcolor>
				<label>$INFO[ListItem.Label2]</label>
			</control>
		</itemlayout>
	</include>
	<include name="DialogPictureInfo_coords3_21:9_masked">
		<itemlayout width="1780" height="58">
			<control type="label">
				<width>320</width>
				<height>58</height>
				<font>Font36</font>
				<textcolor>$VAR[TextColorNF]</textcolor>
				<label>$INFO[ListItem.Label]</label>
			</control>
			<control type="label">
				<left>340</left>
				<width>1440</width>
				<height>58</height>
				<font>Font36</font>
				<align>right</align>
				<textcolor>$VAR[TextColorNF]</textcolor>
				<label>$INFO[ListItem.Label2]</label>
			</control>
		</itemlayout>
	</include>
	<include name="DialogPictureInfo_coords3_4:3">
		<itemlayout width="660" height="58">
			<control type="label">
				<width>320</width>
				<height>58</height>
				<font>Font36</font>
				<textcolor>$VAR[TextColorNF]</textcolor>
				<label>$INFO[ListItem.Label]</label>
			</control>
			<control type="label">
				<left>340</left>
				<width>320</width>
				<height>58</height>
				<font>Font36</font>
				<align>right</align>
				<textcolor>$VAR[TextColorNF]</textcolor>
				<label>$INFO[ListItem.Label2]</label>
			</control>
		</itemlayout>
	</include>
	
	<include name="DialogPictureInfo_coords4">
		<include condition="$EXP[NonMaskedCoordinates]">DialogPictureInfo_coords4_16:9</include>
		<include condition="String.IsEqual(Skin.AspectRatio,21:9)">DialogPictureInfo_coords4_21:9</include>
		<include condition="$EXP[MaskedCoordinates]">DialogPictureInfo_coords4_21:9_masked</include>
		<include condition="String.IsEqual(Skin.AspectRatio,4:3)">DialogPictureInfo_coords4_4:3</include>
	</include>
	<include name="DialogPictureInfo_coords4_16:9">
		<focusedlayout width="1140" height="58">
			<control type="group">
				<include content="NonFocusFadeAnimation">
					<param name="id">5</param>
				</include>
				<control type="label">
					<width>320</width>
					<height>58</height>
					<font>Font36</font>
					<textcolor>$VAR[TextColorFO]</textcolor>
					<label>$INFO[ListItem.Label]</label>
					<scroll>True</scroll>
				</control>
				<control type="image">
					<width>1140</width>
					<height>58</height>
					<texture colordiffuse="$VAR[TextColorFO]">$VAR[focus58]</texture>
				</control>
				<control type="label">
					<left>340</left>
					<width>800</width>
					<height>58</height>
					<font>Font36</font>
					<align>right</align>
					<textcolor>$VAR[TextColorFO]</textcolor>
					<label>$INFO[ListItem.Label2]</label>
					<scroll>True</scroll>
				</control>
			</control>
		</focusedlayout>
	</include>
	<include name="DialogPictureInfo_coords4_21:9">
		<focusedlayout width="1780" height="58">
			<control type="group">
				<include content="NonFocusFadeAnimation">
					<param name="id">5</param>
				</include>
				<control type="label">
					<width>320</width>
					<height>58</height>
					<font>Font36</font>
					<textcolor>$VAR[TextColorFO]</textcolor>
					<label>$INFO[ListItem.Label]</label>
					<scroll>True</scroll>
				</control>
				<control type="image">
					<width>1780</width>
					<height>58</height>
					<texture colordiffuse="$VAR[TextColorFO]">$VAR[focus58]</texture>
				</control>
				<control type="label">
					<left>300</left>
					<width>1440</width>
					<height>58</height>
					<font>Font36</font>
					<align>right</align>
					<textcolor>$VAR[TextColorFO]</textcolor>
					<label>$INFO[ListItem.Label2]</label>
					<scroll>True</scroll>
				</control>
			</control>
		</focusedlayout>
	</include>
	<include name="DialogPictureInfo_coords4_21:9_masked">
		<focusedlayout width="1780" height="58">
			<control type="group">
				<include content="NonFocusFadeAnimation">
					<param name="id">5</param>
				</include>
				<control type="label">
					<width>320</width>
					<height>58</height>
					<font>Font36</font>
					<textcolor>$VAR[TextColorFO]</textcolor>
					<label>$INFO[ListItem.Label]</label>
					<scroll>True</scroll>
				</control>
				<control type="image">
					<width>1780</width>
					<height>58</height>
					<texture colordiffuse="$VAR[TextColorFO]">$VAR[focus58]</texture>
				</control>
				<control type="label">
					<left>340</left>
					<width>1440</width>
					<height>58</height>
					<font>Font36</font>
					<align>right</align>
					<textcolor>$VAR[TextColorFO]</textcolor>
					<label>$INFO[ListItem.Label2]</label>
					<scroll>True</scroll>
				</control>
			</control>
		</focusedlayout>
	</include>
	<include name="DialogPictureInfo_coords4_4:3">
		<focusedlayout width="660" height="58">
			<control type="group">
				<include content="NonFocusFadeAnimation">
					<param name="id">5</param>
				</include>
				<control type="label">
					<width>320</width>
					<height>58</height>
					<font>Font36</font>
					<textcolor>$VAR[TextColorFO]</textcolor>
					<label>$INFO[ListItem.Label]</label>
					<scroll>True</scroll>
				</control>
				<control type="image">
					<width>660</width>
					<height>58</height>
					<texture colordiffuse="$VAR[TextColorFO]">$VAR[focus58]</texture>
				</control>
				<control type="label">
					<left>340</left>
					<width>320</width>
					<height>58</height>
					<font>Font36</font>
					<align>right</align>
					<textcolor>$VAR[TextColorFO]</textcolor>
					<label>$INFO[ListItem.Label2]</label>
					<scroll>True</scroll>
				</control>
			</control>
		</focusedlayout>
	</include>
	
	<include name="DialogPictureInfo_coords5">
		<include condition="$EXP[NonMaskedCoordinates]">DialogPictureInfo_coords5_16:9</include>
		<include condition="String.IsEqual(Skin.AspectRatio,21:9)">DialogPictureInfo_coords5_21:9</include>
		<include condition="$EXP[MaskedCoordinates]">DialogPictureInfo_coords5_21:9_masked</include>
		<include condition="String.IsEqual(Skin.AspectRatio,4:3)">DialogPictureInfo_coords5_4:3</include>
	</include>
	<include name="DialogPictureInfo_coords5_16:9">
		<left>593</left>
		<top>255</top>
		<width>20</width>
		<height>540</height>
	</include>
	<include name="DialogPictureInfo_coords5_21:9">
		<left>593</left>
		<top>255</top>
		<width>20</width>
		<height>540</height>
	</include>
	<include name="DialogPictureInfo_coords5_21:9_masked">
		<left>593</left>
		<top>435</top>
		<width>20</width>
		<height>540</height>
	</include>
	<include name="DialogPictureInfo_coords5_4:3">
		<left>593</left>
		<top>255</top>
		<width>20</width>
		<height>540</height>
	</include>

</includes>