<?xml version="1.0" encoding="UTF-8"?>
<includes>

	<include name="SkinSettings_coords1">
		<include condition="$EXP[NonMaskedCoordinates]">SkinSettings_coords1_16:9</include>
		<include condition="String.IsEqual(Skin.AspectRatio,21:9)">SkinSettings_coords1_21:9</include>
		<include condition="$EXP[MaskedCoordinates]">SkinSettings_coords1_21:9_masked</include>
		<include condition="String.IsEqual(Skin.AspectRatio,4:3)">SkinSettings_coords1_4:3</include>
	</include>
	<include name="SkinSettings_coords1_16:9">
		<left>120</left>
	</include>
	<include name="SkinSettings_coords1_21:9">
		<left>120</left>
	</include>
	<include name="SkinSettings_coords1_21:9_masked">
		<left>120</left>
	</include>
	<include name="SkinSettings_coords1_4:3">
		<left>120</left>
	</include>
	
	<include name="SkinSettings_coords2">
		<include condition="$EXP[NonMaskedCoordinates]">SkinSettings_coords2_16:9</include>
		<include condition="String.IsEqual(Skin.AspectRatio,21:9)">SkinSettings_coords2_21:9</include>
		<include condition="$EXP[MaskedCoordinates]">SkinSettings_coords2_21:9_masked</include>
		<include condition="String.IsEqual(Skin.AspectRatio,4:3)">SkinSettings_coords2_4:3</include>
	</include>
	<include name="SkinSettings_coords2_16:9">
		<left>0</left>
		<top>228</top>
		<width>300</width>
		<height>660</height>
	</include>
	<include name="SkinSettings_coords2_21:9">
		<left>0</left>
		<top>228</top>
		<width>300</width>
		<height>660</height>
	</include>
	<include name="SkinSettings_coords2_21:9_masked">
		<left>0</left>
		<top>408</top>
		<width>300</width>
		<height>660</height>
	</include>
	<include name="SkinSettings_coords2_4:3">
		<left>0</left>
		<top>228</top>
		<width>300</width>
		<height>660</height>
	</include>
	
	<include name="SkinSettings_coords3">
		<include condition="$EXP[NonMaskedCoordinates]">SkinSettings_coords3_16:9</include>
		<include condition="String.IsEqual(Skin.AspectRatio,21:9)">SkinSettings_coords3_21:9</include>
		<include condition="$EXP[MaskedCoordinates]">SkinSettings_coords3_21:9_masked</include>
		<include condition="String.IsEqual(Skin.AspectRatio,4:3)">SkinSettings_coords3_4:3</include>
	</include>
	<include name="SkinSettings_coords3_16:9">
		<itemlayout height="66" width="300">
			<control type="label">
				<width>300</width>
				<height>66</height>
				<label>$INFO[ListItem.Label]</label>
				<font>Font33</font>
				<textcolor>$VAR[TextColorNF]</textcolor>
			</control>
		</itemlayout>
	</include>
	<include name="SkinSettings_coords3_21:9">
		<itemlayout height="66" width="300">
			<control type="label">
				<width>300</width>
				<height>66</height>
				<label>$INFO[ListItem.Label]</label>
				<font>Font33</font>
				<textcolor>$VAR[TextColorNF]</textcolor>
			</control>
		</itemlayout>
	</include>
	<include name="SkinSettings_coords3_21:9_masked">
		<itemlayout height="66" width="300">
			<control type="label">
				<width>300</width>
				<height>66</height>
				<label>$INFO[ListItem.Label]</label>
				<font>Font33</font>
				<textcolor>$VAR[TextColorNF]</textcolor>
			</control>
		</itemlayout>
	</include>
	<include name="SkinSettings_coords3_4:3">
		<itemlayout height="66" width="300">
			<control type="label">
				<width>300</width>
				<height>66</height>
				<label>$INFO[ListItem.Label]</label>
				<font>Font33</font>
				<textcolor>$VAR[TextColorNF]</textcolor>
			</control>
		</itemlayout>
	</include>
	
	<include name="SkinSettings_coords4">
		<include condition="$EXP[NonMaskedCoordinates]">SkinSettings_coords4_16:9</include>
		<include condition="String.IsEqual(Skin.AspectRatio,21:9)">SkinSettings_coords4_21:9</include>
		<include condition="$EXP[MaskedCoordinates]">SkinSettings_coords4_21:9_masked</include>
		<include condition="String.IsEqual(Skin.AspectRatio,4:3)">SkinSettings_coords4_4:3</include>
	</include>
	<include name="SkinSettings_coords4_16:9">
		<focusedlayout height="66" width="300">
			<control type="group">
				<include content="NonFocusFadeAnimation">
					<param name="id">9000</param>
				</include>
				<control type="label">
					<width>300</width>
					<height>66</height>
					<label>$INFO[ListItem.Label]</label>
					<font>Font33</font>
					<textcolor>$VAR[TextColorFO]</textcolor>
				</control>
				<control type="image">
					<width>300</width>
					<height>66</height>
					<texture colordiffuse="$VAR[TextColorFO]">$VAR[focus66]</texture>
				</control>
			</control>
		</focusedlayout>
	</include>
	<include name="SkinSettings_coords4_21:9">
		<focusedlayout height="66" width="300">
			<control type="group">
				<include content="NonFocusFadeAnimation">
					<param name="id">9000</param>
				</include>
				<control type="label">
					<width>300</width>
					<height>66</height>
					<label>$INFO[ListItem.Label]</label>
					<font>Font33</font>
					<textcolor>$VAR[TextColorFO]</textcolor>
				</control>
				<control type="image">
					<width>300</width>
					<height>66</height>
					<texture colordiffuse="$VAR[TextColorFO]">$VAR[focus66]</texture>
				</control>
			</control>
		</focusedlayout>
	</include>
	<include name="SkinSettings_coords4_21:9_masked">
		<focusedlayout height="66" width="300">
			<control type="group">
				<include content="NonFocusFadeAnimation">
					<param name="id">9000</param>
				</include>
				<control type="label">
					<width>300</width>
					<height>66</height>
					<label>$INFO[ListItem.Label]</label>
					<font>Font33</font>
					<textcolor>$VAR[TextColorFO]</textcolor>
				</control>
				<control type="image">
					<width>300</width>
					<height>66</height>
					<texture colordiffuse="$VAR[TextColorFO]">$VAR[focus66]</texture>
				</control>
			</control>
		</focusedlayout>
	</include>
	<include name="SkinSettings_coords4_4:3">
		<focusedlayout height="66" width="300">
			<control type="group">
				<include content="NonFocusFadeAnimation">
					<param name="id">9000</param>
				</include>
				<control type="label">
					<width>300</width>
					<height>66</height>
					<label>$INFO[ListItem.Label]</label>
					<font>Font33</font>
					<textcolor>$VAR[TextColorFO]</textcolor>
				</control>
				<control type="image">
					<width>300</width>
					<height>66</height>
					<texture colordiffuse="$VAR[TextColorFO]">$VAR[focus66]</texture>
				</control>
			</control>
		</focusedlayout>
	</include>
	
	<include name="SkinSettings_coords5">
		<include condition="$EXP[NonMaskedCoordinates]">SkinSettings_coords5_16:9</include>
		<include condition="String.IsEqual(Skin.AspectRatio,21:9)">SkinSettings_coords5_21:9</include>
		<include condition="$EXP[MaskedCoordinates]">SkinSettings_coords5_21:9_masked</include>
		<include condition="String.IsEqual(Skin.AspectRatio,4:3)">SkinSettings_coords5_4:3</include>
	</include>
	<include name="SkinSettings_coords5_16:9">
		<include content="Indicators">
			<param name="left">500</param>
			<param name="top">253</param>
			<param name="height">610</param>
			<param name="container">100</param>
		</include>
	</include>
	<include name="SkinSettings_coords5_21:9">
		<include content="Indicators">
			<param name="left">500</param>
			<param name="top">253</param>
			<param name="height">610</param>
			<param name="container">100</param>
		</include>
	</include>
	<include name="SkinSettings_coords5_21:9_masked">
		<include content="Indicators">
			<param name="left">500</param>
			<param name="top">433</param>
			<param name="height">610</param>
			<param name="container">100</param>
		</include>
	</include>
	<include name="SkinSettings_coords5_4:3">
		<include content="Indicators">
			<param name="left">500</param>
			<param name="top">253</param>
			<param name="height">610</param>
			<param name="container">100</param>
		</include>
	</include>
	
	<include name="SkinSettings_coords6">
		<include condition="$EXP[NonMaskedCoordinates]">SkinSettings_coords6_16:9</include>
		<include condition="String.IsEqual(Skin.AspectRatio,21:9)">SkinSettings_coords6_21:9</include>
		<include condition="$EXP[MaskedCoordinates]">SkinSettings_coords6_21:9_masked</include>
		<include condition="String.IsEqual(Skin.AspectRatio,4:3)">SkinSettings_coords6_4:3</include>
	</include>
	<include name="SkinSettings_coords6_16:9">
		<include content="Indicators">
			<param name="left">500</param>
			<param name="top">253</param>
			<param name="height">610</param>
			<param name="container">200</param>
		</include>
	</include>
	<include name="SkinSettings_coords6_21:9">
		<include content="Indicators">
			<param name="left">500</param>
			<param name="top">253</param>
			<param name="height">610</param>
			<param name="container">200</param>
		</include>
	</include>
	<include name="SkinSettings_coords6_21:9_masked">
		<include content="Indicators">
			<param name="left">500</param>
			<param name="top">433</param>
			<param name="height">610</param>
			<param name="container">200</param>
		</include>
	</include>
	<include name="SkinSettings_coords6_4:3">
		<include content="Indicators">
			<param name="left">500</param>
			<param name="top">253</param>
			<param name="height">610</param>
			<param name="container">200</param>
		</include>
	</include>
	
	<include name="SkinSettings_coords7">
		<include condition="$EXP[NonMaskedCoordinates]">SkinSettings_coords7_16:9</include>
		<include condition="String.IsEqual(Skin.AspectRatio,21:9)">SkinSettings_coords7_21:9</include>
		<include condition="$EXP[MaskedCoordinates]">SkinSettings_coords7_21:9_masked</include>
		<include condition="String.IsEqual(Skin.AspectRatio,4:3)">SkinSettings_coords7_4:3</include>
	</include>
	<include name="SkinSettings_coords7_16:9">
		<include content="Indicators">
			<param name="left">500</param>
			<param name="top">253</param>
			<param name="height">610</param>
			<param name="container">300</param>
		</include>
	</include>
	<include name="SkinSettings_coords7_21:9">
		<include content="Indicators">
			<param name="left">500</param>
			<param name="top">253</param>
			<param name="height">610</param>
			<param name="container">300</param>
		</include>
	</include>
	<include name="SkinSettings_coords7_21:9_masked">
		<include content="Indicators">
			<param name="left">500</param>
			<param name="top">433</param>
			<param name="height">610</param>
			<param name="container">300</param>
		</include>
	</include>
	<include name="SkinSettings_coords7_4:3">
		<include content="Indicators">
			<param name="left">500</param>
			<param name="top">253</param>
			<param name="height">610</param>
			<param name="container">300</param>
		</include>
	</include>
	
	<include name="SkinSettings_coords8">
		<include condition="$EXP[NonMaskedCoordinates]">SkinSettings_coords8_16:9</include>
		<include condition="String.IsEqual(Skin.AspectRatio,21:9)">SkinSettings_coords8_21:9</include>
		<include condition="$EXP[MaskedCoordinates]">SkinSettings_coords8_21:9_masked</include>
		<include condition="String.IsEqual(Skin.AspectRatio,4:3)">SkinSettings_coords8_4:3</include>
	</include>
	<include name="SkinSettings_coords8_16:9">
		<include content="Indicators">
			<param name="left">500</param>
			<param name="top">253</param>
			<param name="height">610</param>
			<param name="container">400</param>
		</include>
	</include>
	<include name="SkinSettings_coords8_21:9">
		<include content="Indicators">
			<param name="left">500</param>
			<param name="top">253</param>
			<param name="height">610</param>
			<param name="container">400</param>
		</include>
	</include>
	<include name="SkinSettings_coords8_21:9_masked">
		<include content="Indicators">
			<param name="left">500</param>
			<param name="top">433</param>
			<param name="height">610</param>
			<param name="container">400</param>
		</include>
	</include>
	<include name="SkinSettings_coords8_4:3">
		<include content="Indicators">
			<param name="left">500</param>
			<param name="top">253</param>
			<param name="height">610</param>
			<param name="container">400</param>
		</include>
	</include>
	
	<include name="SkinSettings_coords9">
		<include condition="$EXP[NonMaskedCoordinates]">SkinSettings_coords9_16:9</include>
		<include condition="String.IsEqual(Skin.AspectRatio,21:9)">SkinSettings_coords9_21:9</include>
		<include condition="$EXP[MaskedCoordinates]">SkinSettings_coords9_21:9_masked</include>
		<include condition="String.IsEqual(Skin.AspectRatio,4:3)">SkinSettings_coords9_4:3</include>
	</include>
	<include name="SkinSettings_coords9_16:9">
		<include content="Indicators">
			<param name="left">500</param>
			<param name="top">253</param>
			<param name="height">610</param>
			<param name="container">500</param>
		</include>
	</include>
	<include name="SkinSettings_coords9_21:9">
		<include content="Indicators">
			<param name="left">500</param>
			<param name="top">253</param>
			<param name="height">610</param>
			<param name="container">500</param>
		</include>
	</include>
	<include name="SkinSettings_coords9_21:9_masked">
		<include content="Indicators">
			<param name="left">500</param>
			<param name="top">433</param>
			<param name="height">610</param>
			<param name="container">500</param>
		</include>
	</include>
	<include name="SkinSettings_coords9_4:3">
		<include content="Indicators">
			<param name="left">500</param>
			<param name="top">253</param>
			<param name="height">610</param>
			<param name="container">500</param>
		</include>
	</include>
	
	<include name="SkinSettings_coords10">
		<include condition="$EXP[NonMaskedCoordinates]">SkinSettings_coords10_16:9</include>
		<include condition="String.IsEqual(Skin.AspectRatio,21:9)">SkinSettings_coords10_21:9</include>
		<include condition="$EXP[MaskedCoordinates]">SkinSettings_coords10_21:9_masked</include>
		<include condition="String.IsEqual(Skin.AspectRatio,4:3)">SkinSettings_coords10_4:3</include>
	</include>
	<include name="SkinSettings_coords10_16:9">
		<include content="Indicators">
			<param name="left">500</param>
			<param name="top">253</param>
			<param name="height">610</param>
			<param name="container">600</param>
		</include>
	</include>
	<include name="SkinSettings_coords10_21:9">
		<include content="Indicators">
			<param name="left">500</param>
			<param name="top">253</param>
			<param name="height">610</param>
			<param name="container">600</param>
		</include>
	</include>
	<include name="SkinSettings_coords10_21:9_masked">
		<include content="Indicators">
			<param name="left">500</param>
			<param name="top">433</param>
			<param name="height">610</param>
			<param name="container">600</param>
		</include>
	</include>
	<include name="SkinSettings_coords10_4:3">
		<include content="Indicators">
			<param name="left">500</param>
			<param name="top">253</param>
			<param name="height">610</param>
			<param name="container">600</param>
		</include>
	</include>
	
	<include name="SkinSettings_coords11">
		<include condition="$EXP[NonMaskedCoordinates]">SkinSettings_coords11_16:9</include>
		<include condition="String.IsEqual(Skin.AspectRatio,21:9)">SkinSettings_coords11_21:9</include>
		<include condition="$EXP[MaskedCoordinates]">SkinSettings_coords11_21:9_masked</include>
		<include condition="String.IsEqual(Skin.AspectRatio,4:3)">SkinSettings_coords11_4:3</include>
	</include>
	<include name="SkinSettings_coords11_16:9">
		<include content="Indicators">
			<param name="left">500</param>
			<param name="top">253</param>
			<param name="height">610</param>
			<param name="container">700</param>
		</include>
	</include>
	<include name="SkinSettings_coords11_21:9">
		<include content="Indicators">
			<param name="left">500</param>
			<param name="top">253</param>
			<param name="height">610</param>
			<param name="container">700</param>
		</include>
	</include>
	<include name="SkinSettings_coords11_21:9_masked">
		<include content="Indicators">
			<param name="left">500</param>
			<param name="top">433</param>
			<param name="height">610</param>
			<param name="container">700</param>
		</include>
	</include>
	<include name="SkinSettings_coords11_4:3">
		<include content="Indicators">
			<param name="left">500</param>
			<param name="top">253</param>
			<param name="height">610</param>
			<param name="container">700</param>
		</include>
	</include>
	
	<include name="SkinSettings_coords12">
		<include condition="$EXP[NonMaskedCoordinates]">SkinSettings_coords12_16:9</include>
		<include condition="String.IsEqual(Skin.AspectRatio,21:9)">SkinSettings_coords12_21:9</include>
		<include condition="$EXP[MaskedCoordinates]">SkinSettings_coords12_21:9_masked</include>
		<include condition="String.IsEqual(Skin.AspectRatio,4:3)">SkinSettings_coords12_4:3</include>
	</include>
	<include name="SkinSettings_coords12_16:9">
		<include content="Indicators">
			<param name="left">500</param>
			<param name="top">253</param>
			<param name="height">610</param>
			<param name="container">800</param>
		</include>
	</include>
	<include name="SkinSettings_coords12_21:9">
		<include content="Indicators">
			<param name="left">500</param>
			<param name="top">253</param>
			<param name="height">610</param>
			<param name="container">800</param>
		</include>
	</include>
	<include name="SkinSettings_coords12_21:9_masked">
		<include content="Indicators">
			<param name="left">500</param>
			<param name="top">433</param>
			<param name="height">610</param>
			<param name="container">800</param>
		</include>
	</include>
	<include name="SkinSettings_coords12_4:3">
		<include content="Indicators">
			<param name="left">500</param>
			<param name="top">253</param>
			<param name="height">610</param>
			<param name="container">800</param>
		</include>
	</include>
	
	<include name="SkinSettings_coords13">
		<include condition="$EXP[NonMaskedCoordinates]">SkinSettings_coords13_16:9</include>
		<include condition="String.IsEqual(Skin.AspectRatio,21:9)">SkinSettings_coords13_21:9</include>
		<include condition="$EXP[MaskedCoordinates]">SkinSettings_coords13_21:9_masked</include>
		<include condition="String.IsEqual(Skin.AspectRatio,4:3)">SkinSettings_coords13_4:3</include>
	</include>
	<include name="SkinSettings_coords13_16:9">
		<include content="Indicators">
			<param name="left">120</param>
			<param name="top">210</param>
			<param name="height">740</param>
			<param name="container">9000</param>
		</include>
	</include>
	<include name="SkinSettings_coords13_21:9">
		<include content="Indicators">
			<param name="left">120</param>
			<param name="top">210</param>
			<param name="height">740</param>
			<param name="container">9000</param>
		</include>
	</include>
	<include name="SkinSettings_coords13_21:9_masked">
		<include content="Indicators">
			<param name="left">120</param>
			<param name="top">390</param>
			<param name="height">740</param>
			<param name="container">9000</param>
		</include>
	</include>
	<include name="SkinSettings_coords13_4:3">
		<include content="Indicators">
			<param name="left">120</param>
			<param name="top">210</param>
			<param name="height">740</param>
			<param name="container">9000</param>
		</include>
	</include>
	
	<include name="SkinSettings_coords14">
		<include condition="$EXP[NonMaskedCoordinates]">SkinSettings_coords14_16:9</include>
		<include condition="String.IsEqual(Skin.AspectRatio,21:9)">SkinSettings_coords14_21:9</include>
		<include condition="$EXP[MaskedCoordinates]">SkinSettings_coords14_21:9_masked</include>
		<include condition="String.IsEqual(Skin.AspectRatio,4:3)">SkinSettings_coords14_4:3</include>
	</include>
	<include name="SkinSettings_coords14_16:9">
		<left>550</left>
	</include>
	<include name="SkinSettings_coords14_21:9">
		<left>550</left>
	</include>
	<include name="SkinSettings_coords14_21:9_masked">
		<left>550</left>
	</include>
	<include name="SkinSettings_coords14_4:3">
		<left>550</left>
	</include>
	
	<include name="SkinSettings_coords15">
		<include condition="$EXP[NonMaskedCoordinates]">SkinSettings_coords15_16:9</include>
		<include condition="String.IsEqual(Skin.AspectRatio,21:9)">SkinSettings_coords15_21:9</include>
		<include condition="$EXP[MaskedCoordinates]">SkinSettings_coords15_21:9_masked</include>
		<include condition="String.IsEqual(Skin.AspectRatio,4:3)">SkinSettings_coords15_4:3</include>
	</include>
	<include name="SkinSettings_coords15_16:9">
		<left>0</left>
		<top>228</top>
		<width>1250</width>
		<height>660</height>
	</include>
	<include name="SkinSettings_coords15_21:9">
		<left>0</left>
		<top>228</top>
		<width>1890</width>
		<height>660</height>
	</include>
	<include name="SkinSettings_coords15_21:9_masked">
		<left>0</left>
		<top>408</top>
		<width>1890</width>
		<height>660</height>
	</include>
	<include name="SkinSettings_coords15_4:3">
		<left>0</left>
		<top>228</top>
		<width>770</width>
		<height>660</height>
	</include>
	
	<include name="SkinSettings_coords16">
		<include condition="$EXP[NonMaskedCoordinates]">SkinSettings_coords16_16:9</include>
		<include condition="String.IsEqual(Skin.AspectRatio,21:9)">SkinSettings_coords16_21:9</include>
		<include condition="$EXP[MaskedCoordinates]">SkinSettings_coords16_21:9_masked</include>
		<include condition="String.IsEqual(Skin.AspectRatio,4:3)">SkinSettings_coords16_4:3</include>
	</include>
	<include name="SkinSettings_coords16_16:9">
		<width>1250</width>
		<height>66</height>
		<textwidth>1184</textwidth>
	</include>
	<include name="SkinSettings_coords16_21:9">
		<width>1890</width>
		<height>66</height>
		<textwidth>1824</textwidth>
	</include>
	<include name="SkinSettings_coords16_21:9_masked">
		<width>1890</width>
		<height>66</height>
		<textwidth>1824</textwidth>
	</include>
	<include name="SkinSettings_coords16_4:3">
		<width>770</width>
		<height>66</height>
		<textwidth>704</textwidth>
	</include>
	
	<include name="SkinSettings_coords17">
		<include condition="$EXP[NonMaskedCoordinates]">SkinSettings_coords17_16:9</include>
		<include condition="String.IsEqual(Skin.AspectRatio,21:9)">SkinSettings_coords17_21:9</include>
		<include condition="$EXP[MaskedCoordinates]">SkinSettings_coords17_21:9_masked</include>
		<include condition="String.IsEqual(Skin.AspectRatio,4:3)">SkinSettings_coords17_4:3</include>
	</include>
	<include name="SkinSettings_coords17_16:9">
		<width>1250</width>
		<height>66</height>
	</include>
	<include name="SkinSettings_coords17_21:9">
		<width>1890</width>
		<height>66</height>
	</include>
	<include name="SkinSettings_coords17_21:9_masked">
		<width>1890</width>
		<height>66</height>
	</include>
	<include name="SkinSettings_coords17_4:3">
		<width>770</width>
		<height>66</height>
	</include>
	
	<include name="SkinSettings_coords18">
		<include condition="$EXP[NonMaskedCoordinates]">SkinSettings_coords18_16:9</include>
		<include condition="String.IsEqual(Skin.AspectRatio,21:9)">SkinSettings_coords18_21:9</include>
		<include condition="$EXP[MaskedCoordinates]">SkinSettings_coords18_21:9_masked</include>
		<include condition="String.IsEqual(Skin.AspectRatio,4:3)">SkinSettings_coords18_4:3</include>
	</include>
	<include name="SkinSettings_coords18_16:9">
		<top>10</top>
		<left>10</left>
		<width>50</width>
		<height>50</height>
	</include>
	<include name="SkinSettings_coords18_21:9">
		<top>10</top>
		<left>10</left>
		<width>50</width>
		<height>50</height>
	</include>
	<include name="SkinSettings_coords18_21:9_masked">
		<top>10</top>
		<left>10</left>
		<width>50</width>
		<height>50</height>
	</include>
	<include name="SkinSettings_coords18_4:3">
		<top>10</top>
		<left>10</left>
		<width>50</width>
		<height>50</height>
	</include>
	
	<include name="SkinSettings_coords19">
		<include condition="$EXP[NonMaskedCoordinates]">SkinSettings_coords19_16:9</include>
		<include condition="String.IsEqual(Skin.AspectRatio,21:9)">SkinSettings_coords19_21:9</include>
		<include condition="$EXP[MaskedCoordinates]">SkinSettings_coords19_21:9_masked</include>
		<include condition="String.IsEqual(Skin.AspectRatio,4:3)">SkinSettings_coords19_4:3</include>
	</include>
	<include name="SkinSettings_coords19_16:9">
		<top>-60</top>
		<left>70</left>
		<width>1180</width>
		<height>66</height>
		<textwidth>1114</textwidth>
	</include>
	<include name="SkinSettings_coords19_21:9">
		<top>-60</top>
		<left>70</left>
		<width>1820</width>
		<height>66</height>
		<textwidth>1754</textwidth>
	</include>
	<include name="SkinSettings_coords19_21:9_masked">
		<top>-60</top>
		<left>70</left>
		<width>1820</width>
		<height>66</height>
		<textwidth>1754</textwidth>
	</include>
	<include name="SkinSettings_coords19_4:3">
		<top>-60</top>
		<left>70</left>
		<width>700</width>
		<height>66</height>
		<textwidth>634</textwidth>
	</include>
	
	<include name="SkinSettings_coords20">
		<include condition="$EXP[NonMaskedCoordinates]">SkinSettings_coords20_16:9</include>
		<include condition="String.IsEqual(Skin.AspectRatio,21:9)">SkinSettings_coords20_21:9</include>
		<include condition="$EXP[MaskedCoordinates]">SkinSettings_coords20_21:9_masked</include>
		<include condition="String.IsEqual(Skin.AspectRatio,4:3)">SkinSettings_coords20_4:3</include>
	</include>
	<include name="SkinSettings_coords20_16:9">
		<left>550</left>
		<top>900</top>
		<width>1250</width>
		<height>94</height>
	</include>
	<include name="SkinSettings_coords20_21:9">
		<left>550</left>
		<top>900</top>
		<width>1890</width>
		<height>94</height>
	</include>
	<include name="SkinSettings_coords20_21:9_masked">
		<left>550</left>
		<top>1080</top>
		<width>1890</width>
		<height>94</height>
	</include>
	<include name="SkinSettings_coords20_4:3">
		<left>550</left>
		<top>900</top>
		<width>770</width>
		<height>94</height>
	</include>
	
	<include name="SkinSettings_coords21">
		<include condition="$EXP[NonMaskedCoordinates]">SkinSettings_coords21_16:9</include>
		<include condition="String.IsEqual(Skin.AspectRatio,21:9)">SkinSettings_coords21_21:9</include>
		<include condition="$EXP[MaskedCoordinates]">SkinSettings_coords21_21:9_masked</include>
		<include condition="String.IsEqual(Skin.AspectRatio,4:3)">SkinSettings_coords21_4:3</include>
	</include>
	<include name="SkinSettings_coords21_16:9">
		<left>550</left>
		<top>900</top>
		<width>1250</width>
		<height>70</height>
	</include>
	<include name="SkinSettings_coords21_21:9">
		<left>550</left>
		<top>900</top>
		<width>1890</width>
		<height>70</height>
	</include>
	<include name="SkinSettings_coords21_21:9_masked">
		<left>550</left>
		<top>1080</top>
		<width>1890</width>
		<height>70</height>
	</include>
	<include name="SkinSettings_coords21_4:3">
		<left>550</left>
		<top>900</top>
		<width>770</width>
		<height>70</height>
	</include>
	
	<include name="SkinSettings_coords22">
		<include condition="$EXP[NonMaskedCoordinates]">SkinSettings_coords22_16:9</include>
		<include condition="String.IsEqual(Skin.AspectRatio,21:9)">SkinSettings_coords22_21:9</include>
		<include condition="$EXP[MaskedCoordinates]">SkinSettings_coords22_21:9_masked</include>
		<include condition="String.IsEqual(Skin.AspectRatio,4:3)">SkinSettings_coords22_4:3</include>
	</include>
	<include name="SkinSettings_coords22_16:9">
		<left>550</left>
		<top>900</top>
		<width>1250</width>
		<height>80</height>
	</include>
	<include name="SkinSettings_coords22_21:9">
		<left>550</left>
		<top>900</top>
		<width>1890</width>
		<height>80</height>
	</include>
	<include name="SkinSettings_coords22_21:9_masked">
		<left>550</left>
		<top>1080</top>
		<width>1890</width>
		<height>80</height>
	</include>
	<include name="SkinSettings_coords22_4:3">
		<left>550</left>
		<top>900</top>
		<width>770</width>
		<height>80</height>
	</include>

</includes>