<?xml version="1.0" encoding="UTF-8"?>
<includes>

	<include name="MyVideoNav_coords1">
		<include condition="$EXP[NonMaskedCoordinates]">MyVideoNav_coords1_16:9</include>
		<include condition="String.IsEqual(Skin.AspectRatio,21:9)">MyVideoNav_coords1_21:9</include>
		<include condition="$EXP[MaskedCoordinates]">MyVideoNav_coords1_21:9_masked</include>
		<include condition="String.IsEqual(Skin.AspectRatio,4:3)">MyVideoNav_coords1_4:3</include>
	</include>
	<include name="MyVideoNav_coords1_16:9">
		<left>690</left>
		<centertop>50%</centertop>
		<width>20</width>
		<height>680</height>
	</include>
	<include name="MyVideoNav_coords1_21:9">
		<left>690</left>
		<centertop>50%</centertop>
		<width>20</width>
		<height>680</height>
	</include>
	<include name="MyVideoNav_coords1_21:9_masked">
		<left>690</left>
		<centertop>50%</centertop>
		<width>20</width>
		<height>680</height>
	</include>
	<include name="MyVideoNav_coords1_4:3">
		<left>690</left>
		<centertop>50%</centertop>
		<width>20</width>
		<height>680</height>
	</include>
	
	<include name="MyVideoNav_coords2">
		<include condition="$EXP[NonMaskedCoordinates]">MyVideoNav_coords2_16:9</include>
		<include condition="String.IsEqual(Skin.AspectRatio,21:9)">MyVideoNav_coords2_21:9</include>
		<include condition="$EXP[MaskedCoordinates]">MyVideoNav_coords2_21:9_masked</include>
		<include condition="String.IsEqual(Skin.AspectRatio,4:3)">MyVideoNav_coords2_4:3</include>
	</include>
	<include name="MyVideoNav_coords2_16:9">
		<centerleft>50%</centerleft>
		<top>812</top>
		<width>1680</width>
		<height>20</height>
	</include>
	<include name="MyVideoNav_coords2_21:9">
		<centerleft>50%</centerleft>
		<top>812</top>
		<width>2320</width>
		<height>20</height>
	</include>
	<include name="MyVideoNav_coords2_21:9_masked">
		<centerleft>50%</centerleft>
		<top>992</top>
		<width>2320</width>
		<height>20</height>
	</include>
	<include name="MyVideoNav_coords2_4:3">
		<centerleft>50%</centerleft>
		<top>812</top>
		<width>1200</width>
		<height>20</height>
	</include>
	
	<include name="MyVideoNav_coords3">
		<include condition="$EXP[NonMaskedCoordinates]">MyVideoNav_coords3_16:9</include>
		<include condition="String.IsEqual(Skin.AspectRatio,21:9)">MyVideoNav_coords3_21:9</include>
		<include condition="$EXP[MaskedCoordinates]">MyVideoNav_coords3_21:9_masked</include>
		<include condition="String.IsEqual(Skin.AspectRatio,4:3)">MyVideoNav_coords3_4:3</include>
	</include>
	<include name="MyVideoNav_coords3_16:9">
		<centerleft>50%</centerleft>
		<top>900</top>
		<width>1680</width>
		<height>20</height>
	</include>
	<include name="MyVideoNav_coords3_21:9">
		<centerleft>50%</centerleft>
		<top>900</top>
		<width>2320</width>
		<height>20</height>
	</include>
	<include name="MyVideoNav_coords3_21:9_masked">
		<centerleft>50%</centerleft>
		<top>1080</top>
		<width>2320</width>
		<height>20</height>
	</include>
	<include name="MyVideoNav_coords3_4:3">
		<centerleft>50%</centerleft>
		<top>900</top>
		<width>1200</width>
		<height>20</height>
	</include>
	
	<include name="MyVideoNav_coords4">
		<include condition="$EXP[NonMaskedCoordinates]">MyVideoNav_coords4_16:9</include>
		<include condition="String.IsEqual(Skin.AspectRatio,21:9)">MyVideoNav_coords4_21:9</include>
		<include condition="$EXP[MaskedCoordinates]">MyVideoNav_coords4_21:9_masked</include>
		<include condition="String.IsEqual(Skin.AspectRatio,4:3)">MyVideoNav_coords4_4:3</include>
	</include>
	<include name="MyVideoNav_coords4_16:9">
		<left>120</left>
		<top>195</top>
		<width>20</width>
		<height>626</height>
	</include>
	<include name="MyVideoNav_coords4_21:9">
		<left>120</left>
		<top>195</top>
		<width>20</width>
		<height>626</height>
	</include>
	<include name="MyVideoNav_coords4_21:9_masked">
		<left>120</left>
		<top>375</top>
		<width>20</width>
		<height>626</height>
	</include>
	<include name="MyVideoNav_coords4_4:3">
		<left>120</left>
		<top>195</top>
		<width>20</width>
		<height>626</height>
	</include>
	
	<include name="MyVideoNav_coords5">
		<include condition="$EXP[NonMaskedCoordinates]">MyVideoNav_coords5_16:9</include>
		<include condition="String.IsEqual(Skin.AspectRatio,21:9)">MyVideoNav_coords5_21:9</include>
		<include condition="$EXP[MaskedCoordinates]">MyVideoNav_coords5_21:9_masked</include>
		<include condition="String.IsEqual(Skin.AspectRatio,4:3)">MyVideoNav_coords5_4:3</include>
	</include>
	<include name="MyVideoNav_coords5_16:9">
		<left>120</left>
		<top>440</top>
		<width>20</width>
		<height>360</height>
	</include>
	<include name="MyVideoNav_coords5_21:9">
		<left>120</left>
		<top>440</top>
		<width>20</width>
		<height>360</height>
	</include>
	<include name="MyVideoNav_coords5_21:9_masked">
		<left>120</left>
		<top>620</top>
		<width>20</width>
		<height>360</height>
	</include>
	<include name="MyVideoNav_coords5_4:3">
		<left>120</left>
		<top>440</top>
		<width>20</width>
		<height>360</height>
	</include>

</includes>