<?xml version="1.0" encoding="UTF-8"?>
<includes>

	<include name="DialogNumeric_coords1">
		<include condition="$EXP[NonMaskedCoordinates]">DialogNumeric_coords1_16:9</include>
		<include condition="String.IsEqual(Skin.AspectRatio,21:9)">DialogNumeric_coords1_21:9</include>
		<include condition="$EXP[MaskedCoordinates]">DialogNumeric_coords1_21:9_masked</include>
		<include condition="String.IsEqual(Skin.AspectRatio,4:3)">DialogNumeric_coords1_4:3</include>
	</include>
	<include name="DialogNumeric_coords1_16:9">
		<centerleft>50%</centerleft>
		<top>300</top>
	</include>
	<include name="DialogNumeric_coords1_21:9">
		<centerleft>50%</centerleft>
		<top>300</top>
	</include>
	<include name="DialogNumeric_coords1_21:9_masked">
		<centerleft>50%</centerleft>
		<top>480</top>
	</include>
	<include name="DialogNumeric_coords1_4:3">
		<centerleft>50%</centerleft>
		<top>300</top>
	</include>
	
	<include name="DialogNumeric_coords2">
		<include condition="$EXP[NonMaskedCoordinates]">DialogNumeric_coords2_16:9</include>
		<include condition="String.IsEqual(Skin.AspectRatio,21:9)">DialogNumeric_coords2_21:9</include>
		<include condition="$EXP[MaskedCoordinates]">DialogNumeric_coords2_21:9_masked</include>
		<include condition="String.IsEqual(Skin.AspectRatio,4:3)">DialogNumeric_coords2_4:3</include>
	</include>
	<include name="DialogNumeric_coords2_16:9">
		<left>0</left>
		<top>0</top>
		<height>74</height>
	</include>
	<include name="DialogNumeric_coords2_21:9">
		<left>0</left>
		<top>0</top>
		<height>74</height>
	</include>
	<include name="DialogNumeric_coords2_21:9_masked">
		<left>0</left>
		<top>0</top>
		<height>74</height>
	</include>
	<include name="DialogNumeric_coords2_4:3">
		<left>0</left>
		<top>0</top>
		<height>74</height>
	</include>
	
	<include name="DialogNumeric_coords3">
		<include condition="$EXP[NonMaskedCoordinates]">DialogNumeric_coords3_16:9</include>
		<include condition="String.IsEqual(Skin.AspectRatio,21:9)">DialogNumeric_coords3_21:9</include>
		<include condition="$EXP[MaskedCoordinates]">DialogNumeric_coords3_21:9_masked</include>
		<include condition="String.IsEqual(Skin.AspectRatio,4:3)">DialogNumeric_coords3_4:3</include>
	</include>
	<include name="DialogNumeric_coords3_16:9">
		<left>0</left>
		<top>80</top>
		<height>74</height>
	</include>
	<include name="DialogNumeric_coords3_21:9">
		<left>0</left>
		<top>80</top>
		<height>74</height>
	</include>
	<include name="DialogNumeric_coords3_21:9_masked">
		<left>0</left>
		<top>80</top>
		<height>74</height>
	</include>
	<include name="DialogNumeric_coords3_4:3">
		<left>0</left>
		<top>80</top>
		<height>74</height>
	</include>
	
	<include name="DialogNumeric_coords4">
		<include condition="$EXP[NonMaskedCoordinates]">DialogNumeric_coords4_16:9</include>
		<include condition="String.IsEqual(Skin.AspectRatio,21:9)">DialogNumeric_coords4_21:9</include>
		<include condition="$EXP[MaskedCoordinates]">DialogNumeric_coords4_21:9_masked</include>
		<include condition="String.IsEqual(Skin.AspectRatio,4:3)">DialogNumeric_coords4_4:3</include>
	</include>
	<include name="DialogNumeric_coords4_16:9">
		<left>0</left>
		<top>160</top>
		<height>74</height>
	</include>
	<include name="DialogNumeric_coords4_21:9">
		<left>0</left>
		<top>160</top>
		<height>74</height>
	</include>
	<include name="DialogNumeric_coords4_21:9_masked">
		<left>0</left>
		<top>160</top>
		<height>74</height>
	</include>
	<include name="DialogNumeric_coords4_4:3">
		<left>0</left>
		<top>160</top>
		<height>74</height>
	</include>
	
	<include name="DialogNumeric_coords5">
		<include condition="$EXP[NonMaskedCoordinates]">DialogNumeric_coords5_16:9</include>
		<include condition="String.IsEqual(Skin.AspectRatio,21:9)">DialogNumeric_coords5_21:9</include>
		<include condition="$EXP[MaskedCoordinates]">DialogNumeric_coords5_21:9_masked</include>
		<include condition="String.IsEqual(Skin.AspectRatio,4:3)">DialogNumeric_coords5_4:3</include>
	</include>
	<include name="DialogNumeric_coords5_16:9">
		<left>0</left>
		<top>240</top>
		<height>74</height>
	</include>
	<include name="DialogNumeric_coords5_21:9">
		<left>0</left>
		<top>240</top>
		<height>74</height>
	</include>
	<include name="DialogNumeric_coords5_21:9_masked">
		<left>0</left>
		<top>240</top>
		<height>74</height>
	</include>
	<include name="DialogNumeric_coords5_4:3">
		<left>0</left>
		<top>240</top>
		<height>74</height>
	</include>
	
	<include name="DialogNumeric_coords6">
		<include condition="$EXP[NonMaskedCoordinates]">DialogNumeric_coords6_16:9</include>
		<include condition="String.IsEqual(Skin.AspectRatio,21:9)">DialogNumeric_coords6_21:9</include>
		<include condition="$EXP[MaskedCoordinates]">DialogNumeric_coords6_21:9_masked</include>
		<include condition="String.IsEqual(Skin.AspectRatio,4:3)">DialogNumeric_coords6_4:3</include>
	</include>
	<include name="DialogNumeric_coords6_16:9">
		<left>0</left>
		<top>320</top>
		<height>74</height>
	</include>
	<include name="DialogNumeric_coords6_21:9">
		<left>0</left>
		<top>320</top>
		<height>74</height>
	</include>
	<include name="DialogNumeric_coords6_21:9_masked">
		<left>0</left>
		<top>320</top>
		<height>74</height>
	</include>
	<include name="DialogNumeric_coords6_4:3">
		<left>0</left>
		<top>320</top>
		<height>74</height>
	</include>
	
	<include name="DialogNumeric_coords7">
		<include condition="$EXP[NonMaskedCoordinates]">DialogNumeric_coords7_16:9</include>
		<include condition="String.IsEqual(Skin.AspectRatio,21:9)">DialogNumeric_coords7_21:9</include>
		<include condition="$EXP[MaskedCoordinates]">DialogNumeric_coords7_21:9_masked</include>
		<include condition="String.IsEqual(Skin.AspectRatio,4:3)">DialogNumeric_coords7_4:3</include>
	</include>
	<include name="DialogNumeric_coords7_16:9">
		<centerleft>50%</centerleft>
		<top>425</top>
		<width>440</width>
		<height>74</height>
	</include>
	<include name="DialogNumeric_coords7_21:9">
		<centerleft>50%</centerleft>
		<top>425</top>
		<width>440</width>
		<height>74</height>
	</include>
	<include name="DialogNumeric_coords7_21:9_masked">
		<centerleft>50%</centerleft>
		<top>425</top>
		<width>440</width>
		<height>74</height>
	</include>
	<include name="DialogNumeric_coords7_4:3">
		<centerleft>50%</centerleft>
		<top>425</top>
		<width>440</width>
		<height>74</height>
	</include>

</includes>