<?xml version="1.0" encoding="UTF-8"?>
<includes>

	<include name="MusicVisualisation_coords1">
		<include condition="$EXP[NonMaskedCoordinates]">MusicVisualisation_coords1_16:9</include>
		<include condition="String.IsEqual(Skin.AspectRatio,21:9)">MusicVisualisation_coords1_21:9</include>
		<include condition="$EXP[MaskedCoordinates]">MusicVisualisation_coords1_21:9_masked</include>
		<include condition="String.IsEqual(Skin.AspectRatio,4:3)">MusicVisualisation_coords1_4:3</include>
	</include>
	<include name="MusicVisualisation_coords1_16:9">
		<left>150</left>
		<top>75</top>
		<width>1620</width>
		<height>930</height>
	</include>
	<include name="MusicVisualisation_coords1_21:9">
		<left>150</left>
		<top>75</top>
		<width>2260</width>
		<height>930</height>
	</include>
	<include name="MusicVisualisation_coords1_21:9_masked">
		<left>150</left>
		<top>255</top>
		<width>2260</width>
		<height>930</height>
	</include>
	<include name="MusicVisualisation_coords1_4:3">
		<left>150</left>
		<top>75</top>
		<width>1140</width>
		<height>930</height>
	</include>

	<include name="MusicVisualisation_coords2">
		<include condition="$EXP[NonMaskedCoordinates]">MusicVisualisation_coords2_16:9</include>
		<include condition="String.IsEqual(Skin.AspectRatio,21:9)">MusicVisualisation_coords2_21:9</include>
		<include condition="$EXP[MaskedCoordinates]">MusicVisualisation_coords2_21:9_masked</include>
		<include condition="String.IsEqual(Skin.AspectRatio,4:3)">MusicVisualisation_coords2_4:3</include>
	</include>
	<include name="MusicVisualisation_coords2_16:9">
		<top>795</top>
		<width>1620</width>
		<height>60</height>
	</include>
	<include name="MusicVisualisation_coords2_21:9">
		<top>795</top>
		<width>2260</width>
		<height>60</height>
	</include>
	<include name="MusicVisualisation_coords2_21:9_masked">
		<top>795</top>
		<width>2260</width>
		<height>60</height>
	</include>
	<include name="MusicVisualisation_coords2_4:3">
		<top>795</top>
		<width>1140</width>
		<height>60</height>
	</include>
	
	<include name="MusicVisualisation_coords3">
		<include condition="$EXP[NonMaskedCoordinates]">MusicVisualisation_coords3_16:9</include>
		<include condition="String.IsEqual(Skin.AspectRatio,21:9)">MusicVisualisation_coords3_21:9</include>
		<include condition="$EXP[MaskedCoordinates]">MusicVisualisation_coords3_21:9_masked</include>
		<include condition="String.IsEqual(Skin.AspectRatio,4:3)">MusicVisualisation_coords3_4:3</include>
	</include>
	<include name="MusicVisualisation_coords3_16:9">
		<width>140</width>
		<height>60</height>
	</include>
	<include name="MusicVisualisation_coords3_21:9">
		<width>140</width>
		<height>60</height>
	</include>
	<include name="MusicVisualisation_coords3_21:9_masked">
		<width>140</width>
		<height>60</height>
	</include>
	<include name="MusicVisualisation_coords3_4:3">
		<width>140</width>
		<height>60</height>
	</include>
	
	<include name="MusicVisualisation_coords4">
		<include condition="$EXP[NonMaskedCoordinates]">MusicVisualisation_coords4_16:9</include>
		<include condition="String.IsEqual(Skin.AspectRatio,21:9)">MusicVisualisation_coords4_21:9</include>
		<include condition="$EXP[MaskedCoordinates]">MusicVisualisation_coords4_21:9_masked</include>
		<include condition="String.IsEqual(Skin.AspectRatio,4:3)">MusicVisualisation_coords4_4:3</include>
	</include>
	<include name="MusicVisualisation_coords4_16:9">
		<left>40</left>
		<width>60</width>
		<height>60</height>
	</include>
	<include name="MusicVisualisation_coords4_21:9">
		<left>40</left>
		<width>60</width>
		<height>60</height>
	</include>
	<include name="MusicVisualisation_coords4_21:9_masked">
		<left>40</left>
		<width>60</width>
		<height>60</height>
	</include>
	<include name="MusicVisualisation_coords4_4:3">
		<left>40</left>
		<width>60</width>
		<height>60</height>
	</include>
	
	<include name="MusicVisualisation_coords5">
		<include condition="$EXP[NonMaskedCoordinates]">MusicVisualisation_coords5_16:9</include>
		<include condition="String.IsEqual(Skin.AspectRatio,21:9)">MusicVisualisation_coords5_21:9</include>
		<include condition="$EXP[MaskedCoordinates]">MusicVisualisation_coords5_21:9_masked</include>
		<include condition="String.IsEqual(Skin.AspectRatio,4:3)">MusicVisualisation_coords5_4:3</include>
	</include>
	<include name="MusicVisualisation_coords5_16:9">
		<right>0</right>
		<width>140</width>
		<height>60</height>
	</include>
	<include name="MusicVisualisation_coords5_21:9">
		<right>0</right>
		<width>140</width>
		<height>60</height>
	</include>
	<include name="MusicVisualisation_coords5_21:9_masked">
		<right>0</right>
		<width>140</width>
		<height>60</height>
	</include>
	<include name="MusicVisualisation_coords5_4:3">
		<right>0</right>
		<width>140</width>
		<height>60</height>
	</include>
	
	<include name="MusicVisualisation_coords6">
		<include condition="$EXP[NonMaskedCoordinates]">MusicVisualisation_coords6_16:9</include>
		<include condition="String.IsEqual(Skin.AspectRatio,21:9)">MusicVisualisation_coords6_21:9</include>
		<include condition="$EXP[MaskedCoordinates]">MusicVisualisation_coords6_21:9_masked</include>
		<include condition="String.IsEqual(Skin.AspectRatio,4:3)">MusicVisualisation_coords6_4:3</include>
	</include>
	<include name="MusicVisualisation_coords6_16:9">
		<top>75</top>
		<width>1620</width>
		<height>60</height>
	</include>
	<include name="MusicVisualisation_coords6_21:9">
		<top>75</top>
		<width>2260</width>
		<height>60</height>
	</include>
	<include name="MusicVisualisation_coords6_21:9_masked">
		<top>75</top>
		<width>2260</width>
		<height>60</height>
	</include>
	<include name="MusicVisualisation_coords6_4:3">
		<top>75</top>
		<width>1140</width>
		<height>60</height>
	</include>
	
	<include name="MusicVisualisation_coords7">
		<include condition="$EXP[NonMaskedCoordinates]">MusicVisualisation_coords7_16:9</include>
		<include condition="String.IsEqual(Skin.AspectRatio,21:9)">MusicVisualisation_coords7_21:9</include>
		<include condition="$EXP[MaskedCoordinates]">MusicVisualisation_coords7_21:9_masked</include>
		<include condition="String.IsEqual(Skin.AspectRatio,4:3)">MusicVisualisation_coords7_4:3</include>
	</include>
	<include name="MusicVisualisation_coords7_16:9">
		<width>1620</width>
		<height>60</height>
	</include>
	<include name="MusicVisualisation_coords7_21:9">
		<width>2260</width>
		<height>60</height>
	</include>
	<include name="MusicVisualisation_coords7_21:9_masked">
		<width>2260</width>
		<height>60</height>
	</include>
	<include name="MusicVisualisation_coords7_4:3">
		<width>1140</width>
		<height>60</height>
	</include>
	
	<include name="MusicVisualisation_coords8">
		<include condition="$EXP[NonMaskedCoordinates]">MusicVisualisation_coords8_16:9</include>
		<include condition="String.IsEqual(Skin.AspectRatio,21:9)">MusicVisualisation_coords8_21:9</include>
		<include condition="$EXP[MaskedCoordinates]">MusicVisualisation_coords8_21:9_masked</include>
		<include condition="String.IsEqual(Skin.AspectRatio,4:3)">MusicVisualisation_coords8_4:3</include>
	</include>
	<include name="MusicVisualisation_coords8_16:9">
		<width>180</width>
		<height>60</height>
	</include>
	<include name="MusicVisualisation_coords8_21:9">
		<width>180</width>
		<height>60</height>
	</include>
	<include name="MusicVisualisation_coords8_21:9_masked">
		<width>180</width>
		<height>60</height>
	</include>
	<include name="MusicVisualisation_coords8_4:3">
		<width>180</width>
		<height>60</height>
	</include>
	
	<include name="MusicVisualisation_coords9">
		<include condition="$EXP[NonMaskedCoordinates]">MusicVisualisation_coords9_16:9</include>
		<include condition="String.IsEqual(Skin.AspectRatio,21:9)">MusicVisualisation_coords9_21:9</include>
		<include condition="$EXP[MaskedCoordinates]">MusicVisualisation_coords9_21:9_masked</include>
		<include condition="String.IsEqual(Skin.AspectRatio,4:3)">MusicVisualisation_coords9_4:3</include>
	</include>
	<include name="MusicVisualisation_coords9_16:9">
		<left>1280</left>
		<width>340</width>
		<height>60</height>
	</include>
	<include name="MusicVisualisation_coords9_21:9">
		<left>1920</left>
		<width>340</width>
		<height>60</height>
	</include>
	<include name="MusicVisualisation_coords9_21:9_masked">
		<left>1920</left>
		<width>340</width>
		<height>60</height>
	</include>
	<include name="MusicVisualisation_coords9_4:3">
		<left>800</left>
		<width>340</width>
		<height>60</height>
	</include>
	
	<include name="MusicVisualisation_coords10">
		<include condition="$EXP[NonMaskedCoordinates]">MusicVisualisation_coords10_16:9</include>
		<include condition="String.IsEqual(Skin.AspectRatio,21:9)">MusicVisualisation_coords10_21:9</include>
		<include condition="$EXP[MaskedCoordinates]">MusicVisualisation_coords10_21:9_masked</include>
		<include condition="String.IsEqual(Skin.AspectRatio,4:3)">MusicVisualisation_coords10_4:3</include>
	</include>
	<include name="MusicVisualisation_coords10_16:9">
		<left>20</left>
		<width>260</width>
		<height>60</height>
	</include>
	<include name="MusicVisualisation_coords10_21:9">
		<left>20</left>
		<width>260</width>
		<height>60</height>
	</include>
	<include name="MusicVisualisation_coords10_21:9_masked">
		<left>20</left>
		<width>260</width>
		<height>60</height>
	</include>
	<include name="MusicVisualisation_coords10_4:3">
		<left>20</left>
		<width>260</width>
		<height>60</height>
	</include>
	
	<include name="MusicVisualisation_coords11">
		<include condition="$EXP[NonMaskedCoordinates]">MusicVisualisation_coords11_16:9</include>
		<include condition="String.IsEqual(Skin.AspectRatio,21:9)">MusicVisualisation_coords11_21:9</include>
		<include condition="$EXP[MaskedCoordinates]">MusicVisualisation_coords11_21:9_masked</include>
		<include condition="String.IsEqual(Skin.AspectRatio,4:3)">MusicVisualisation_coords11_4:3</include>
	</include>
	<include name="MusicVisualisation_coords11_16:9">
		<left>20</left>
		<width>140</width>
		<height>60</height>
	</include>
	<include name="MusicVisualisation_coords11_21:9">
		<left>20</left>
		<width>140</width>
		<height>60</height>
	</include>
	<include name="MusicVisualisation_coords11_21:9_masked">
		<left>20</left>
		<width>140</width>
		<height>60</height>
	</include>
	<include name="MusicVisualisation_coords11_4:3">
		<left>20</left>
		<width>140</width>
		<height>60</height>
	</include>
	
	<include name="MusicVisualisation_coords12">
		<include condition="$EXP[NonMaskedCoordinates]">MusicVisualisation_coords12_16:9</include>
		<include condition="String.IsEqual(Skin.AspectRatio,21:9)">MusicVisualisation_coords12_21:9</include>
		<include condition="$EXP[MaskedCoordinates]">MusicVisualisation_coords12_21:9_masked</include>
		<include condition="String.IsEqual(Skin.AspectRatio,4:3)">MusicVisualisation_coords12_4:3</include>
	</include>
	<include name="MusicVisualisation_coords12_16:9">
		<left>280</left>
		<top>20</top>
		<width>920</width>
		<height>20</height>
	</include>
	<include name="MusicVisualisation_coords12_21:9">
		<left>280</left>
		<top>20</top>
		<width>1560</width>
		<height>20</height>
	</include>
	<include name="MusicVisualisation_coords12_21:9_masked">
		<left>280</left>
		<top>20</top>
		<width>1560</width>
		<height>20</height>
	</include>
	<include name="MusicVisualisation_coords12_4:3">
		<left>280</left>
		<top>20</top>
		<width>440</width>
		<height>20</height>
	</include>
	
	<include name="MusicVisualisation_coords13">
		<include condition="$EXP[NonMaskedCoordinates]">MusicVisualisation_coords13_16:9</include>
		<include condition="String.IsEqual(Skin.AspectRatio,21:9)">MusicVisualisation_coords13_21:9</include>
		<include condition="$EXP[MaskedCoordinates]">MusicVisualisation_coords13_21:9_masked</include>
		<include condition="String.IsEqual(Skin.AspectRatio,4:3)">MusicVisualisation_coords13_4:3</include>
	</include>
	<include name="MusicVisualisation_coords13_16:9">
		<left>280</left>
		<top>12</top>
		<width>920</width>
		<height>20</height>
	</include>
	<include name="MusicVisualisation_coords13_21:9">
		<left>280</left>
		<top>12</top>
		<width>1560</width>
		<height>20</height>
	</include>
	<include name="MusicVisualisation_coords13_21:9_masked">
		<left>280</left>
		<top>12</top>
		<width>1560</width>
		<height>20</height>
	</include>
	<include name="MusicVisualisation_coords13_4:3">
		<left>280</left>
		<top>12</top>
		<width>440</width>
		<height>20</height>
	</include>
	
	<include name="MusicVisualisation_coords14">
		<include condition="$EXP[NonMaskedCoordinates]">MusicVisualisation_coords14_16:9</include>
		<include condition="String.IsEqual(Skin.AspectRatio,21:9)">MusicVisualisation_coords14_21:9</include>
		<include condition="$EXP[MaskedCoordinates]">MusicVisualisation_coords14_21:9_masked</include>
		<include condition="String.IsEqual(Skin.AspectRatio,4:3)">MusicVisualisation_coords14_4:3</include>
	</include>
	<include name="MusicVisualisation_coords14_16:9">
		<right>20</right>
		<width>600</width>
		<height>60</height>
	</include>
	<include name="MusicVisualisation_coords14_21:9">
		<right>20</right>
		<width>600</width>
		<height>60</height>
	</include>
	<include name="MusicVisualisation_coords14_21:9_masked">
		<right>20</right>
		<width>600</width>
		<height>60</height>
	</include>
	<include name="MusicVisualisation_coords14_4:3">
		<right>20</right>
		<width>600</width>
		<height>60</height>
	</include>
	
	<include name="MusicVisualisation_coords15">
		<include condition="$EXP[NonMaskedCoordinates]">MusicVisualisation_coords15_16:9</include>
		<include condition="String.IsEqual(Skin.AspectRatio,21:9)">MusicVisualisation_coords15_21:9</include>
		<include condition="$EXP[MaskedCoordinates]">MusicVisualisation_coords15_21:9_masked</include>
		<include condition="String.IsEqual(Skin.AspectRatio,4:3)">MusicVisualisation_coords15_4:3</include>
	</include>
	<include name="MusicVisualisation_coords15_16:9">
		<right>20</right>
		<width>300</width>
		<height>60</height>
	</include>
	<include name="MusicVisualisation_coords15_21:9">
		<right>20</right>
		<width>300</width>
		<height>60</height>
	</include>
	<include name="MusicVisualisation_coords15_21:9_masked">
		<right>20</right>
		<width>300</width>
		<height>60</height>
	</include>
	<include name="MusicVisualisation_coords15_4:3">
		<right>20</right>
		<width>300</width>
		<height>60</height>
	</include>
	
	<include name="MusicVisualisation_coords16">
		<include condition="$EXP[NonMaskedCoordinates]">MusicVisualisation_coords16_16:9</include>
		<include condition="String.IsEqual(Skin.AspectRatio,21:9)">MusicVisualisation_coords16_21:9</include>
		<include condition="$EXP[MaskedCoordinates]">MusicVisualisation_coords16_21:9_masked</include>
		<include condition="String.IsEqual(Skin.AspectRatio,4:3)">MusicVisualisation_coords16_4:3</include>
	</include>
	<include name="MusicVisualisation_coords16_16:9">
		<width>1620</width>
		<height>690</height>
	</include>
	<include name="MusicVisualisation_coords16_21:9">
		<width>2260</width>
		<height>690</height>
	</include>
	<include name="MusicVisualisation_coords16_21:9_masked">
		<width>2260</width>
		<height>690</height>
	</include>
	<include name="MusicVisualisation_coords16_4:3">
		<width>1140</width>
		<height>690</height>
	</include>

	<include name="MusicVisualisation_coords17">
		<include condition="$EXP[NonMaskedCoordinates]">MusicVisualisation_coords17_16:9</include>
		<include condition="String.IsEqual(Skin.AspectRatio,21:9)">MusicVisualisation_coords17_21:9</include>
		<include condition="$EXP[MaskedCoordinates]">MusicVisualisation_coords17_21:9_masked</include>
		<include condition="String.IsEqual(Skin.AspectRatio,4:3)">MusicVisualisation_coords17_4:3</include>
	</include>
	<include name="MusicVisualisation_coords17_16:9">
		<top>150</top>
		<width>470</width>
		<height>516</height>
	</include>
	<include name="MusicVisualisation_coords17_21:9">
		<top>150</top>
		<width>470</width>
		<height>516</height>
	</include>
	<include name="MusicVisualisation_coords17_21:9_masked">
		<top>150</top>
		<width>470</width>
		<height>516</height>
	</include>
	<include name="MusicVisualisation_coords17_4:3">
		<top>150</top>
		<width>470</width>
		<height>516</height>
	</include>
	
	<include name="MusicVisualisation_coords18">
		<include condition="$EXP[NonMaskedCoordinates]">MusicVisualisation_coords18_16:9</include>
		<include condition="String.IsEqual(Skin.AspectRatio,21:9)">MusicVisualisation_coords18_21:9</include>
		<include condition="$EXP[MaskedCoordinates]">MusicVisualisation_coords18_21:9_masked</include>
		<include condition="String.IsEqual(Skin.AspectRatio,4:3)">MusicVisualisation_coords18_4:3</include>
	</include>
	<include name="MusicVisualisation_coords18_16:9">
		<left>520</left>
		<top>150</top>
		<height>276</height>
	</include>
	<include name="MusicVisualisation_coords18_21:9">
		<left>520</left>
		<top>150</top>
		<height>276</height>
	</include>
	<include name="MusicVisualisation_coords18_21:9_masked">
		<left>520</left>
		<top>150</top>
		<height>276</height>
	</include>
	<include name="MusicVisualisation_coords18_4:3">
		<left>520</left>
		<top>150</top>
		<height>276</height>
	</include>
	
	<include name="MusicVisualisation_coords19">
		<include condition="$EXP[NonMaskedCoordinates]">MusicVisualisation_coords19_16:9</include>
		<include condition="String.IsEqual(Skin.AspectRatio,21:9)">MusicVisualisation_coords19_21:9</include>
		<include condition="$EXP[MaskedCoordinates]">MusicVisualisation_coords19_21:9_masked</include>
		<include condition="String.IsEqual(Skin.AspectRatio,4:3)">MusicVisualisation_coords19_4:3</include>
	</include>
	<include name="MusicVisualisation_coords19_16:9">
		<width>1100</width>
		<height>36</height>
	</include>
	<include name="MusicVisualisation_coords19_21:9">
		<width>1740</width>
		<height>36</height>
	</include>
	<include name="MusicVisualisation_coords19_21:9_masked">
		<width>1740</width>
		<height>36</height>
	</include>
	<include name="MusicVisualisation_coords19_4:3">
		<width>620</width>
		<height>36</height>
	</include>
	
	<include name="MusicVisualisation_coords20">
		<include condition="$EXP[NonMaskedCoordinates]">MusicVisualisation_coords20_16:9</include>
		<include condition="String.IsEqual(Skin.AspectRatio,21:9)">MusicVisualisation_coords20_21:9</include>
		<include condition="$EXP[MaskedCoordinates]">MusicVisualisation_coords20_21:9_masked</include>
		<include condition="String.IsEqual(Skin.AspectRatio,4:3)">MusicVisualisation_coords20_4:3</include>
	</include>
	<include name="MusicVisualisation_coords20_16:9">
		<width>200</width>
		<height>36</height>
	</include>
	<include name="MusicVisualisation_coords20_21:9">
		<width>200</width>
		<height>36</height>
	</include>
	<include name="MusicVisualisation_coords20_21:9_masked">
		<width>200</width>
		<height>36</height>
	</include>
	<include name="MusicVisualisation_coords20_4:3">
		<width>200</width>
		<height>36</height>
	</include>
	
	<include name="MusicVisualisation_coords21">
		<include condition="$EXP[NonMaskedCoordinates]">MusicVisualisation_coords21_16:9</include>
		<include condition="String.IsEqual(Skin.AspectRatio,21:9)">MusicVisualisation_coords21_21:9</include>
		<include condition="$EXP[MaskedCoordinates]">MusicVisualisation_coords21_21:9_masked</include>
		<include condition="String.IsEqual(Skin.AspectRatio,4:3)">MusicVisualisation_coords21_4:3</include>
	</include>
	<include name="MusicVisualisation_coords21_16:9">
		<left>220</left>
		<width>880</width>
		<height>36</height>
	</include>
	<include name="MusicVisualisation_coords21_21:9">
		<left>220</left>
		<width>1520</width>
		<height>36</height>
	</include>
	<include name="MusicVisualisation_coords21_21:9_masked">
		<left>220</left>
		<width>1520</width>
		<height>36</height>
	</include>
	<include name="MusicVisualisation_coords21_4:3">
		<left>220</left>
		<width>400</width>
		<height>36</height>
	</include>
	
	<include name="MusicVisualisation_coords22">
		<include condition="$EXP[NonMaskedCoordinates]">MusicVisualisation_coords22_16:9</include>
		<include condition="String.IsEqual(Skin.AspectRatio,21:9)">MusicVisualisation_coords22_21:9</include>
		<include condition="$EXP[MaskedCoordinates]">MusicVisualisation_coords22_21:9_masked</include>
		<include condition="String.IsEqual(Skin.AspectRatio,4:3)">MusicVisualisation_coords22_4:3</include>
	</include>
	<include name="MusicVisualisation_coords22_16:9">
		<left>520</left>
		<top>486</top>
		<height>180</height>
	</include>
	<include name="MusicVisualisation_coords22_21:9">
		<left>520</left>
		<top>486</top>
		<height>180</height>
	</include>
	<include name="MusicVisualisation_coords22_21:9_masked">
		<left>520</left>
		<top>486</top>
		<height>180</height>
	</include>
	<include name="MusicVisualisation_coords22_4:3">
		<left>520</left>
		<top>486</top>
		<height>180</height>
	</include>
	
	<include name="MusicVisualisation_coords23">
		<include condition="$EXP[NonMaskedCoordinates]">MusicVisualisation_coords23_16:9</include>
		<include condition="String.IsEqual(Skin.AspectRatio,21:9)">MusicVisualisation_coords23_21:9</include>
		<include condition="$EXP[MaskedCoordinates]">MusicVisualisation_coords23_21:9_masked</include>
		<include condition="String.IsEqual(Skin.AspectRatio,4:3)">MusicVisualisation_coords23_4:3</include>
	</include>
	<include name="MusicVisualisation_coords23_16:9">
		<left>520</left>
		<top>150</top>
		<height>516</height>
		<width>1100</width>
	</include>
	<include name="MusicVisualisation_coords23_21:9">
		<left>520</left>
		<top>150</top>
		<height>516</height>
		<width>1740</width>
	</include>
	<include name="MusicVisualisation_coords23_21:9_masked">
		<left>520</left>
		<top>150</top>
		<height>516</height>
		<width>1740</width>
	</include>
	<include name="MusicVisualisation_coords23_4:3">
		<left>520</left>
		<top>150</top>
		<height>516</height>
		<width>620</width>
	</include>
	
	<include name="MusicVisualisation_coords24">
		<include condition="$EXP[NonMaskedCoordinates]">MusicVisualisation_coords24_16:9</include>
		<include condition="String.IsEqual(Skin.AspectRatio,21:9)">MusicVisualisation_coords24_21:9</include>
		<include condition="$EXP[MaskedCoordinates]">MusicVisualisation_coords24_21:9_masked</include>
		<include condition="String.IsEqual(Skin.AspectRatio,4:3)">MusicVisualisation_coords24_4:3</include>
	</include>
	<include name="MusicVisualisation_coords24_16:9">
		<top>48</top>
		<height>440</height>
		<width>1100</width>
	</include>
	<include name="MusicVisualisation_coords24_21:9">
		<top>48</top>
		<height>440</height>
		<width>1740</width>
	</include>
	<include name="MusicVisualisation_coords24_21:9_masked">
		<top>48</top>
		<height>440</height>
		<width>1740</width>
	</include>
	<include name="MusicVisualisation_coords24_4:3">
		<top>48</top>
		<height>440</height>
		<width>620</width>
	</include>
	
	<include name="MusicVisualisation_coords25">
		<include condition="$EXP[NonMaskedCoordinates]">MusicVisualisation_coords25_16:9</include>
		<include condition="String.IsEqual(Skin.AspectRatio,21:9)">MusicVisualisation_coords25_21:9</include>
		<include condition="$EXP[MaskedCoordinates]">MusicVisualisation_coords25_21:9_masked</include>
		<include condition="String.IsEqual(Skin.AspectRatio,4:3)">MusicVisualisation_coords25_4:3</include>
	</include>
	<include name="MusicVisualisation_coords25_16:9">
		<top>48</top>
		<height>455</height>
		<width>1100</width>
	</include>
	<include name="MusicVisualisation_coords25_21:9">
		<top>48</top>
		<height>455</height>
		<width>1740</width>
	</include>
	<include name="MusicVisualisation_coords25_21:9_masked">
		<top>48</top>
		<height>455</height>
		<width>1740</width>
	</include>
	<include name="MusicVisualisation_coords25_4:3">
		<top>48</top>
		<height>455</height>
		<width>620</width>
	</include>
	
	<include name="MusicVisualisation_coords26">
		<include condition="$EXP[NonMaskedCoordinates]">MusicVisualisation_coords24_16:9</include>
		<include condition="String.IsEqual(Skin.AspectRatio,21:9)">MusicVisualisation_coords24_21:9</include>
		<include condition="$EXP[MaskedCoordinates]">MusicVisualisation_coords24_21:9_masked</include>
		<include condition="String.IsEqual(Skin.AspectRatio,4:3)">MusicVisualisation_coords24_4:3</include>
	</include>
	<include name="MusicVisualisation_coords24_16:9">
		<top>48</top>
		<height>437</height>
		<width>1100</width>
	</include>
	<include name="MusicVisualisation_coords24_21:9">
		<top>48</top>
		<height>437</height>
		<width>1740</width>
	</include>
	<include name="MusicVisualisation_coords24_21:9_masked">
		<top>48</top>
		<height>437</height>
		<width>1740</width>
	</include>
	<include name="MusicVisualisation_coords24_4:3">
		<top>48</top>
		<height>437</height>
		<width>620</width>
	</include>

</includes>