<?xml version="1.0" encoding="UTF-8"?>
<includes>

	<include name="FullscreenDimensions">
		<include condition="$EXP[NonMaskedCoordinates]">FullscreenDimensions_16:9</include>
		<include condition="String.IsEqual(Skin.AspectRatio,21:9)">FullscreenDimensions_21:9</include>
		<include condition="$EXP[MaskedCoordinates]">FullscreenDimensions_21:9_masked</include>
		<include condition="String.IsEqual(Skin.AspectRatio,4:3)">FullscreenDimensions_4:3</include>
	</include>
	<include name="FullscreenDimensions_16:9">
		<left>0</left>
		<top>0</top>
		<width>1920</width>
		<height>1080</height>
	</include>
	<include name="FullscreenDimensions_21:9">
		<left>0</left>
		<top>0</top>
		<width>2560</width>
		<height>1080</height>
	</include>
	<include name="FullscreenDimensions_21:9_masked">
		<left>0</left>
		<top>0</top>
		<width>2560</width>
		<height>1440</height>
	</include>
	<include name="FullscreenDimensions_4:3">
		<left>0</left>
		<top>0</top>
		<width>1440</width>
		<height>1080</height>
	</include>
	
	<include name="WindowBackgroundImageVertical">
		<include condition="$EXP[NonMaskedCoordinates]">WindowBackgroundImageVertical_16:9</include>
		<include condition="String.IsEqual(Skin.AspectRatio,21:9)">WindowBackgroundImageVertical_21:9</include>
		<include condition="$EXP[MaskedCoordinates]">WindowBackgroundImageVertical_21:9_masked</include>
		<include condition="String.IsEqual(Skin.AspectRatio,4:3)">WindowBackgroundImageVertical_4:3</include>
	</include>
	<include name="WindowBackgroundImageVertical_16:9">
		<include content="WindowBackgroundImage">
			<param name="left1">0</param>
			<param name="top1">0</param>
			<param name="width1">698</param>
			<param name="height1">1080</param>
			<param name="texture1">$VAR[BackgroundOverlayStyle]</param>
			<param name="left2">698</param>
			<param name="top2">0</param>
			<param name="width2">1222</param>
			<param name="height2">1080</param>
			<param name="texture2">common/Background1.png</param>
		</include>
	</include>
	<include name="WindowBackgroundImageVertical_21:9">
		<include content="WindowBackgroundImage">
			<param name="left1">0</param>
			<param name="top1">0</param>
			<param name="width1">698</param>
			<param name="height1">1080</param>
			<param name="texture1">$VAR[BackgroundOverlayStyle]</param>
			<param name="left2">698</param>
			<param name="top2">0</param>
			<param name="width2">1862</param>
			<param name="height2">1080</param>
			<param name="texture2">common/Background1.png</param>
		</include>
	</include>
	<include name="WindowBackgroundImageVertical_21:9_masked">
		<include content="WindowBackgroundImage">
			<param name="left1">0</param>
			<param name="top1">0</param>
			<param name="width1">698</param>
			<param name="height1">1440</param>
			<param name="texture1">$VAR[BackgroundOverlayStyle]</param>
			<param name="left2">698</param>
			<param name="top2">0</param>
			<param name="width2">1862</param>
			<param name="height2">1440</param>
			<param name="texture2">common/Background1.png</param>
		</include>
	</include>
	<include name="WindowBackgroundImageVertical_4:3">
		<include content="WindowBackgroundImage">
			<param name="left1">0</param>
			<param name="top1">0</param>
			<param name="width1">698</param>
			<param name="height1">1080</param>
			<param name="texture1">$VAR[BackgroundOverlayStyle]</param>
			<param name="left2">698</param>
			<param name="top2">0</param>
			<param name="width2">742</param>
			<param name="height2">1080</param>
			<param name="texture2">common/Background1.png</param>
		</include>
	</include>
	
	<include name="WindowBackgroundImageVerticalHome">
		<include condition="$EXP[NonMaskedCoordinates]">WindowBackgroundImageVerticalHome_16:9</include>
		<include condition="String.IsEqual(Skin.AspectRatio,21:9)">WindowBackgroundImageVerticalHome_21:9</include>
		<include condition="$EXP[MaskedCoordinates]">WindowBackgroundImageVerticalHome_21:9_masked</include>
		<include condition="String.IsEqual(Skin.AspectRatio,4:3)">WindowBackgroundImageVerticalHome_4:3</include>
	</include>
	<include name="WindowBackgroundImageVerticalHome_16:9">
		<include content="WindowBackgroundImage">
			<param name="left1">0</param>
			<param name="top1">0</param>
			<param name="width1">470</param>
			<param name="height1">1080</param>
			<param name="texture1">$VAR[BackgroundOverlayStyle]</param>
			<param name="left2">470</param>
			<param name="top2">0</param>
			<param name="width2">1450</param>
			<param name="height2">1080</param>
			<param name="texture2">common/Background1.png</param>
		</include>
	</include>
	<include name="WindowBackgroundImageVerticalHome_21:9">
		<include content="WindowBackgroundImage">
			<param name="left1">0</param>
			<param name="top1">0</param>
			<param name="width1">470</param>
			<param name="height1">1080</param>
			<param name="texture1">$VAR[BackgroundOverlayStyle]</param>
			<param name="left2">470</param>
			<param name="top2">0</param>
			<param name="width2">2090</param>
			<param name="height2">1080</param>
			<param name="texture2">common/Background1.png</param>
		</include>
	</include>
	<include name="WindowBackgroundImageVerticalHome_21:9_masked">
		<include content="WindowBackgroundImage">
			<param name="left1">0</param>
			<param name="top1">0</param>
			<param name="width1">470</param>
			<param name="height1">1440</param>
			<param name="texture1">$VAR[BackgroundOverlayStyle]</param>
			<param name="left2">470</param>
			<param name="top2">0</param>
			<param name="width2">2090</param>
			<param name="height2">1440</param>
			<param name="texture2">common/Background1.png</param>
		</include>
	</include>
	<include name="WindowBackgroundImageVerticalHome_4:3">
		<include content="WindowBackgroundImage">
			<param name="left1">0</param>
			<param name="top1">0</param>
			<param name="width1">470</param>
			<param name="height1">1080</param>
			<param name="texture1">$VAR[BackgroundOverlayStyle]</param>
			<param name="left2">470</param>
			<param name="top2">0</param>
			<param name="width2">970</param>
			<param name="height2">1080</param>
			<param name="texture2">common/Background1.png</param>
		</include>
	</include>
	
	<include name="WindowBackgroundImageHorizontal">
		<include condition="$EXP[NonMaskedCoordinates]">WindowBackgroundImageHorizontal_16:9</include>
		<include condition="String.IsEqual(Skin.AspectRatio,21:9)">WindowBackgroundImageHorizontal_21:9</include>
		<include condition="$EXP[MaskedCoordinates]">WindowBackgroundImageHorizontal_21:9_masked</include>
		<include condition="String.IsEqual(Skin.AspectRatio,4:3)">WindowBackgroundImageHorizontal_4:3</include>
	</include>
	<include name="WindowBackgroundImageHorizontal_16:9">
		<include content="WindowBackgroundImage">
			<param name="left1">0</param>
			<param name="top1">0</param>
			<param name="width1">1920</param>
			<param name="height1">824</param>
			<param name="texture1">common/Background1.png</param>
			<param name="left2">0</param>
			<param name="top2">824</param>
			<param name="width2">1920</param>
			<param name="height2">256</param>
			<param name="texture2">$VAR[BackgroundOverlayStyle]</param>
		</include>
	</include>
	<include name="WindowBackgroundImageHorizontal_21:9">
		<include content="WindowBackgroundImage">
			<param name="left1">0</param>
			<param name="top1">0</param>
			<param name="width1">2560</param>
			<param name="height1">824</param>
			<param name="texture1">common/Background1.png</param>
			<param name="left2">0</param>
			<param name="top2">824</param>
			<param name="width2">2560</param>
			<param name="height2">256</param>
			<param name="texture2">$VAR[BackgroundOverlayStyle]</param>
		</include>
	</include>
	<include name="WindowBackgroundImageHorizontal_21:9_masked">
		<include content="WindowBackgroundImage">
			<param name="left1">0</param>
			<param name="top1">0</param>
			<param name="width1">2560</param>
			<param name="height1">1004</param>
			<param name="texture1">common/Background1.png</param>
			<param name="left2">0</param>
			<param name="top2">1004</param>
			<param name="width2">2560</param>
			<param name="height2">436</param>
			<param name="texture2">$VAR[BackgroundOverlayStyle]</param>
		</include>
	</include>
	<include name="WindowBackgroundImageHorizontal_4:3">
		<include content="WindowBackgroundImage">
			<param name="left1">0</param>
			<param name="top1">0</param>
			<param name="width1">1440</param>
			<param name="height1">824</param>
			<param name="texture1">common/Background1.png</param>
			<param name="left2">0</param>
			<param name="top2">824</param>
			<param name="width2">1440</param>
			<param name="height2">256</param>
			<param name="texture2">$VAR[BackgroundOverlayStyle]</param>
		</include>
	</include>
	
	<include name="WindowBackgroundImageHorizontalWall">
		<include condition="$EXP[NonMaskedCoordinates]">WindowBackgroundImageHorizontalWall_16:9</include>
		<include condition="String.IsEqual(Skin.AspectRatio,21:9)">WindowBackgroundImageHorizontalWall_21:9</include>
		<include condition="$EXP[MaskedCoordinates]">WindowBackgroundImageHorizontalWall_21:9_masked</include>
		<include condition="String.IsEqual(Skin.AspectRatio,4:3)">WindowBackgroundImageHorizontalWall_4:3</include>
	</include>
	<include name="WindowBackgroundImageHorizontalWall_16:9">
		<include content="WindowBackgroundImage">
			<param name="left1">0</param>
			<param name="top1">0</param>
			<param name="width1">1920</param>
			<param name="height1">857</param>
			<param name="texture1">common/Background1.png</param>
			<param name="left2">0</param>
			<param name="top2">857</param>
			<param name="width2">1920</param>
			<param name="height2">223</param>
			<param name="texture2">$VAR[BackgroundOverlayStyle]</param>
		</include>
	</include>
	<include name="WindowBackgroundImageHorizontalWall_21:9">
		<include content="WindowBackgroundImage">
			<param name="left1">0</param>
			<param name="top1">0</param>
			<param name="width1">2560</param>
			<param name="height1">857</param>
			<param name="texture1">common/Background1.png</param>
			<param name="left2">0</param>
			<param name="top2">857</param>
			<param name="width2">2560</param>
			<param name="height2">223</param>
			<param name="texture2">$VAR[BackgroundOverlayStyle]</param>
		</include>
	</include>
	<include name="WindowBackgroundImageHorizontalWall_21:9_masked">
		<include content="WindowBackgroundImage">
			<param name="left1">0</param>
			<param name="top1">0</param>
			<param name="width1">2560</param>
			<param name="height1">1037</param>
			<param name="texture1">common/Background1.png</param>
			<param name="left2">0</param>
			<param name="top2">1037</param>
			<param name="width2">2560</param>
			<param name="height2">403</param>
			<param name="texture2">$VAR[BackgroundOverlayStyle]</param>
		</include>
	</include>
	<include name="WindowBackgroundImageHorizontalWall_4:3">
		<include content="WindowBackgroundImage">
			<param name="left1">0</param>
			<param name="top1">0</param>
			<param name="width1">1440</param>
			<param name="height1">857</param>
			<param name="texture1">common/Background1.png</param>
			<param name="left2">0</param>
			<param name="top2">857</param>
			<param name="width2">1440</param>
			<param name="height2">223</param>
			<param name="texture2">$VAR[BackgroundOverlayStyle]</param>
		</include>
	</include>
	
	<include name="WindowBackgroundImageHorizontalLow1">
		<include condition="$EXP[NonMaskedCoordinates]">WindowBackgroundImageHorizontalLow1_16:9</include>
		<include condition="String.IsEqual(Skin.AspectRatio,21:9)">WindowBackgroundImageHorizontalLow1_21:9</include>
		<include condition="$EXP[MaskedCoordinates]">WindowBackgroundImageHorizontalLow1_21:9_masked</include>
		<include condition="String.IsEqual(Skin.AspectRatio,4:3)">WindowBackgroundImageHorizontalLow1_4:3</include>
	</include>
	<include name="WindowBackgroundImageHorizontalLow1_16:9">
		<include content="WindowBackgroundImage">
			<param name="left1">0</param>
			<param name="top1">0</param>
			<param name="width1">1920</param>
			<param name="height1">912</param>
			<param name="texture1">common/Background1.png</param>
			<param name="left2">0</param>
			<param name="top2">912</param>
			<param name="width2">1920</param>
			<param name="height2">168</param>
			<param name="texture2">$VAR[BackgroundOverlayStyle]</param>
		</include>
	</include>
	<include name="WindowBackgroundImageHorizontalLow1_21:9">
		<include content="WindowBackgroundImage">
			<param name="left1">0</param>
			<param name="top1">0</param>
			<param name="width1">2560</param>
			<param name="height1">912</param>
			<param name="texture1">common/Background1.png</param>
			<param name="left2">0</param>
			<param name="top2">912</param>
			<param name="width2">2560</param>
			<param name="height2">168</param>
			<param name="texture2">$VAR[BackgroundOverlayStyle]</param>
		</include>
	</include>
	<include name="WindowBackgroundImageHorizontalLow1_21:9_masked">
		<include content="WindowBackgroundImage">
			<param name="left1">0</param>
			<param name="top1">0</param>
			<param name="width1">2560</param>
			<param name="height1">1092</param>
			<param name="texture1">common/Background1.png</param>
			<param name="left2">0</param>
			<param name="top2">1092</param>
			<param name="width2">2560</param>
			<param name="height2">348</param>
			<param name="texture2">$VAR[BackgroundOverlayStyle]</param>
		</include>
	</include>
	<include name="WindowBackgroundImageHorizontalLow1_4:3">
		<include content="WindowBackgroundImage">
			<param name="left1">0</param>
			<param name="top1">0</param>
			<param name="width1">1440</param>
			<param name="height1">912</param>
			<param name="texture1">common/Background1.png</param>
			<param name="left2">0</param>
			<param name="top2">912</param>
			<param name="width2">1440</param>
			<param name="height2">168</param>
			<param name="texture2">$VAR[BackgroundOverlayStyle]</param>
		</include>
	</include>
	
	<include name="WindowBackgroundImageHorizontalLow2">
		<include condition="$EXP[NonMaskedCoordinates]">WindowBackgroundImageHorizontalLow2_16:9</include>
		<include condition="String.IsEqual(Skin.AspectRatio,21:9)">WindowBackgroundImageHorizontalLow2_21:9</include>
		<include condition="$EXP[MaskedCoordinates]">WindowBackgroundImageHorizontalLow2_21:9_masked</include>
		<include condition="String.IsEqual(Skin.AspectRatio,4:3)">WindowBackgroundImageHorizontalLow2_4:3</include>
	</include>
	<include name="WindowBackgroundImageHorizontalLow2_16:9">
		<include content="WindowBackgroundImage">
			<param name="left1">0</param>
			<param name="top1">0</param>
			<param name="width1">1920</param>
			<param name="height1">917</param>
			<param name="texture1">common/Background1.png</param>
			<param name="left2">0</param>
			<param name="top2">917</param>
			<param name="width2">1920</param>
			<param name="height2">163</param>
			<param name="texture2">$VAR[BackgroundOverlayStyle]</param>
		</include>
	</include>
	<include name="WindowBackgroundImageHorizontalLow2_21:9">
		<include content="WindowBackgroundImage">
			<param name="left1">0</param>
			<param name="top1">0</param>
			<param name="width1">2560</param>
			<param name="height1">917</param>
			<param name="texture1">common/Background1.png</param>
			<param name="left2">0</param>
			<param name="top2">917</param>
			<param name="width2">2560</param>
			<param name="height2">163</param>
			<param name="texture2">$VAR[BackgroundOverlayStyle]</param>
		</include>
	</include>
	<include name="WindowBackgroundImageHorizontalLow2_21:9_masked">
		<include content="WindowBackgroundImage">
			<param name="left1">0</param>
			<param name="top1">0</param>
			<param name="width1">2560</param>
			<param name="height1">1097</param>
			<param name="texture1">common/Background1.png</param>
			<param name="left2">0</param>
			<param name="top2">1097</param>
			<param name="width2">2560</param>
			<param name="height2">343</param>
			<param name="texture2">$VAR[BackgroundOverlayStyle]</param>
		</include>
	</include>
	<include name="WindowBackgroundImageHorizontalLow2_4:3">
		<include content="WindowBackgroundImage">
			<param name="left1">0</param>
			<param name="top1">0</param>
			<param name="width1">1440</param>
			<param name="height1">917</param>
			<param name="texture1">common/Background1.png</param>
			<param name="left2">0</param>
			<param name="top2">917</param>
			<param name="width2">1440</param>
			<param name="height2">163</param>
			<param name="texture2">$VAR[BackgroundOverlayStyle]</param>
		</include>
	</include>
	
	<include name="WindowBackgroundImageHorizontalEPG">
		<include condition="$EXP[NonMaskedCoordinates]">WindowBackgroundImageHorizontalEPG_16:9</include>
		<include condition="String.IsEqual(Skin.AspectRatio,21:9)">WindowBackgroundImageHorizontalEPG_21:9</include>
		<include condition="$EXP[MaskedCoordinates]">WindowBackgroundImageHorizontalEPG_21:9_masked</include>
		<include condition="String.IsEqual(Skin.AspectRatio,4:3)">WindowBackgroundImageHorizontalEPG_4:3</include>
	</include>
	<include name="WindowBackgroundImageHorizontalEPG_16:9">
		<include content="WindowBackgroundImage">
			<param name="left1">0</param>
			<param name="top1">0</param>
			<param name="width1">1920</param>
			<param name="height1">795</param>
			<param name="texture1">common/Background1.png</param>
			<param name="left2">0</param>
			<param name="top2">795</param>
			<param name="width2">1920</param>
			<param name="height2">285</param>
			<param name="texture2">$VAR[BackgroundOverlayStyle]</param>
		</include>
	</include>
	<include name="WindowBackgroundImageHorizontalEPG_21:9">
		<include content="WindowBackgroundImage">
			<param name="left1">0</param>
			<param name="top1">0</param>
			<param name="width1">2560</param>
			<param name="height1">795</param>
			<param name="texture1">common/Background1.png</param>
			<param name="left2">0</param>
			<param name="top2">795</param>
			<param name="width2">2560</param>
			<param name="height2">285</param>
			<param name="texture2">$VAR[BackgroundOverlayStyle]</param>
		</include>
	</include>
	<include name="WindowBackgroundImageHorizontalEPG_21:9_masked">
		<include content="WindowBackgroundImage">
			<param name="left1">0</param>
			<param name="top1">0</param>
			<param name="width1">2560</param>
			<param name="height1">975</param>
			<param name="texture1">common/Background1.png</param>
			<param name="left2">0</param>
			<param name="top2">975</param>
			<param name="width2">2560</param>
			<param name="height2">465</param>
			<param name="texture2">$VAR[BackgroundOverlayStyle]</param>
		</include>
	</include>
	<include name="WindowBackgroundImageHorizontalEPG_4:3">
		<include content="WindowBackgroundImage">
			<param name="left1">0</param>
			<param name="top1">0</param>
			<param name="width1">1440</param>
			<param name="height1">795</param>
			<param name="texture1">common/Background1.png</param>
			<param name="left2">0</param>
			<param name="top2">795</param>
			<param name="width2">1440</param>
			<param name="height2">285</param>
			<param name="texture2">$VAR[BackgroundOverlayStyle]</param>
		</include>
	</include>
	
	<include name="WindowBackgroundImageHorizontalWeather">
		<include condition="$EXP[NonMaskedCoordinates]">WindowBackgroundImageHorizontalWeather_16:9</include>
		<include condition="String.IsEqual(Skin.AspectRatio,21:9)">WindowBackgroundImageHorizontalWeather_21:9</include>
		<include condition="$EXP[MaskedCoordinates]">WindowBackgroundImageHorizontalWeather_21:9_masked</include>
		<include condition="String.IsEqual(Skin.AspectRatio,4:3)">WindowBackgroundImageHorizontalWeather_4:3</include>
	</include>
	<include name="WindowBackgroundImageHorizontalWeather_16:9">
		<include content="WindowBackgroundImage">
			<param name="left1">0</param>
			<param name="top1">0</param>
			<param name="width1">1920</param>
			<param name="height1">714</param>
			<param name="texture1">common/Background1.png</param>
			<param name="left2">0</param>
			<param name="top2">714</param>
			<param name="width2">1920</param>
			<param name="height2">366</param>
			<param name="texture2">$VAR[BackgroundOverlayStyle]</param>
		</include>
	</include>
	<include name="WindowBackgroundImageHorizontalWeather_21:9">
		<include content="WindowBackgroundImage">
			<param name="left1">0</param>
			<param name="top1">0</param>
			<param name="width1">2560</param>
			<param name="height1">714</param>
			<param name="texture1">common/Background1.png</param>
			<param name="left2">0</param>
			<param name="top2">714</param>
			<param name="width2">2560</param>
			<param name="height2">366</param>
			<param name="texture2">$VAR[BackgroundOverlayStyle]</param>
		</include>
	</include>
	<include name="WindowBackgroundImageHorizontalWeather_21:9_masked">
		<include content="WindowBackgroundImage">
			<param name="left1">0</param>
			<param name="top1">0</param>
			<param name="width1">2560</param>
			<param name="height1">894</param>
			<param name="texture1">common/Background1.png</param>
			<param name="left2">0</param>
			<param name="top2">894</param>
			<param name="width2">2560</param>
			<param name="height2">546</param>
			<param name="texture2">$VAR[BackgroundOverlayStyle]</param>
		</include>
	</include>
	<include name="WindowBackgroundImageHorizontalWeather_4:3">
		<include content="WindowBackgroundImage">
			<param name="left1">0</param>
			<param name="top1">0</param>
			<param name="width1">1440</param>
			<param name="height1">714</param>
			<param name="texture1">common/Background1.png</param>
			<param name="left2">0</param>
			<param name="top2">714</param>
			<param name="width2">1440</param>
			<param name="height2">366</param>
			<param name="texture2">$VAR[BackgroundOverlayStyle]</param>
		</include>
	</include>
	
	<include name="WindowBackgroundImagePlain">
		<include condition="$EXP[NonMaskedCoordinates]">WindowBackgroundImagePlain_16:9</include>
		<include condition="String.IsEqual(Skin.AspectRatio,21:9)">WindowBackgroundImagePlain_21:9</include>
		<include condition="$EXP[MaskedCoordinates]">WindowBackgroundImagePlain_21:9_masked</include>
		<include condition="String.IsEqual(Skin.AspectRatio,4:3)">WindowBackgroundImagePlain_4:3</include>
	</include>
	<include name="WindowBackgroundImagePlain_16:9">
		<include content="WindowBackgroundImage">
			<param name="left1">0</param>
			<param name="top1">0</param>
			<param name="width1">1920</param>
			<param name="height1">1080</param>
			<param name="texture1">common/Background1.png</param>
			<param name="left2"></param>
			<param name="top2"></param>
			<param name="width2"></param>
			<param name="height2"></param>
			<param name="texture2"></param>
		</include>
	</include>
	<include name="WindowBackgroundImagePlain_21:9">
		<include content="WindowBackgroundImage">
			<param name="left1">0</param>
			<param name="top1">0</param>
			<param name="width1">2560</param>
			<param name="height1">1080</param>
			<param name="texture1">common/Background1.png</param>
			<param name="left2"></param>
			<param name="top2"></param>
			<param name="width2"></param>
			<param name="height2"></param>
			<param name="texture2"></param>
		</include>
	</include>
	<include name="WindowBackgroundImagePlain_21:9_masked">
		<include content="WindowBackgroundImage">
			<param name="left1">0</param>
			<param name="top1">0</param>
			<param name="width1">2560</param>
			<param name="height1">1440</param>
			<param name="texture1">common/Background1.png</param>
			<param name="left2"></param>
			<param name="top2"></param>
			<param name="width2"></param>
			<param name="height2"></param>
			<param name="texture2"></param>
		</include>
	</include>
	<include name="WindowBackgroundImagePlain_4:3">
		<include content="WindowBackgroundImage">
			<param name="left1">0</param>
			<param name="top1">0</param>
			<param name="width1">1440</param>
			<param name="height1">1080</param>
			<param name="texture1">common/Background1.png</param>
			<param name="left2"></param>
			<param name="top2"></param>
			<param name="width2"></param>
			<param name="height2"></param>
			<param name="texture2"></param>
		</include>
	</include>
	
	<include name="BackgroundOverlayDialog1">
		<include condition="$EXP[NonMaskedCoordinates]">BackgroundOverlayDialog1_16:9</include>
		<include condition="String.IsEqual(Skin.AspectRatio,21:9)">BackgroundOverlayDialog1_21:9</include>
		<include condition="$EXP[MaskedCoordinates]">BackgroundOverlayDialog1_21:9_masked</include>
		<include condition="String.IsEqual(Skin.AspectRatio,4:3)">BackgroundOverlayDialog1_4:3</include>
	</include>
	<include name="BackgroundOverlayDialog1_16:9">
		<width>1920</width>
		<height>905</height>
	</include>
	<include name="BackgroundOverlayDialog1_21:9">
		<width>2560</width>
		<height>905</height>
	</include>
	<include name="BackgroundOverlayDialog1_21:9_masked">
		<width>2560</width>
		<height>1085</height>
	</include>
	<include name="BackgroundOverlayDialog1_4:3">
		<width>1440</width>
		<height>905</height>
	</include>
	
	<include name="BackgroundOverlayDialog2">
		<include condition="$EXP[NonMaskedCoordinates]">BackgroundOverlayDialog2_16:9</include>
		<include condition="String.IsEqual(Skin.AspectRatio,21:9)">BackgroundOverlayDialog2_21:9</include>
		<include condition="$EXP[MaskedCoordinates]">BackgroundOverlayDialog2_21:9_masked</include>
		<include condition="String.IsEqual(Skin.AspectRatio,4:3)">BackgroundOverlayDialog2_4:3</include>
	</include>
	<include name="BackgroundOverlayDialog2_16:9">
		<top>905</top>
		<width>1920</width>
		<height>175</height>
	</include>
	<include name="BackgroundOverlayDialog2_21:9">
		<top>905</top>
		<width>2560</width>
		<height>175</height>
	</include>
	<include name="BackgroundOverlayDialog2_21:9_masked">
		<top>1085</top>
		<width>2560</width>
		<height>355</height>
	</include>
	<include name="BackgroundOverlayDialog2_4:3">
		<top>905</top>
		<width>1440</width>
		<height>175</height>
	</include>
	
	<include name="BackgroundOverlayDialog3">
		<include condition="$EXP[NonMaskedCoordinates]">BackgroundOverlayDialog3_16:9</include>
		<include condition="String.IsEqual(Skin.AspectRatio,21:9)">BackgroundOverlayDialog3_21:9</include>
		<include condition="$EXP[MaskedCoordinates]">BackgroundOverlayDialog3_21:9_masked</include>
		<include condition="String.IsEqual(Skin.AspectRatio,4:3)">BackgroundOverlayDialog3_4:3</include>
	</include>
	<include name="BackgroundOverlayDialog3_16:9">
		<top>989</top>
		<width>1920</width>
		<height>91</height>
	</include>
	<include name="BackgroundOverlayDialog3_21:9">
		<top>989</top>
		<width>2560</width>
		<height>91</height>
	</include>
	<include name="BackgroundOverlayDialog3_21:9_masked">
		<top>1169</top>
		<width>2560</width>
		<height>271</height>
	</include>
	<include name="BackgroundOverlayDialog3_4:3">
		<top>989</top>
		<width>1440</width>
		<height>91</height>
	</include>
	
	<include name="BackgroundOverlayDialog4">
		<include condition="$EXP[NonMaskedCoordinates]">BackgroundOverlayDialog4_16:9</include>
		<include condition="String.IsEqual(Skin.AspectRatio,21:9)">BackgroundOverlayDialog4_21:9</include>
		<include condition="$EXP[MaskedCoordinates]">BackgroundOverlayDialog4_21:9_masked</include>
		<include condition="String.IsEqual(Skin.AspectRatio,4:3)">BackgroundOverlayDialog4_4:3</include>
	</include>
	<include name="BackgroundOverlayDialog4_16:9">
		<top>905</top>
		<width>1920</width>
		<height>84</height>
	</include>
	<include name="BackgroundOverlayDialog4_21:9">
		<top>905</top>
		<width>2560</width>
		<height>84</height>
	</include>
	<include name="BackgroundOverlayDialog4_21:9_masked">
		<top>1085</top>
		<width>2560</width>
		<height>84</height>
	</include>
	<include name="BackgroundOverlayDialog4_4:3">
		<top>905</top>
		<width>1440</width>
		<height>84</height>
	</include>
	
</includes>
