<?xml version="1.0" encoding="UTF-8"?>
<includes>
	
	<include name="Custom_Skin_Shortcuts_Help_coords1">
		<include condition="$EXP[NonMaskedCoordinates]">Custom_Skin_Shortcuts_Help_coords1_16:9</include>
		<include condition="String.IsEqual(Skin.AspectRatio,21:9)">Custom_Skin_Shortcuts_Help_coords1_21:9</include>
		<include condition="$EXP[MaskedCoordinates]">Custom_Skin_Shortcuts_Help_coords1_21:9_masked</include>
		<include condition="String.IsEqual(Skin.AspectRatio,4:3)">Custom_Skin_Shortcuts_Help_coords1_4:3</include>
	</include>
	<include name="Custom_Skin_Shortcuts_Help_coords1_16:9">
		<left>0</left>
		<width>100</width>
		<top>210</top>
		<bottom>190</bottom>
	</include>
	<include name="Custom_Skin_Shortcuts_Help_coords1_21:9">
		<left>0</left>
		<width>100</width>
		<top>210</top>
		<bottom>190</bottom>
	</include>
	<include name="Custom_Skin_Shortcuts_Help_coords1_21:9_masked">
		<left>0</left>
		<width>100</width>
		<top>390</top>
		<bottom>370</bottom>
	</include>
	<include name="Custom_Skin_Shortcuts_Help_coords1_4:3">
		<left>0</left>
		<width>100</width>
		<top>210</top>
		<bottom>190</bottom>
	</include>
	
	<include name="Custom_Skin_Shortcuts_Help_coords2">
		<include condition="$EXP[NonMaskedCoordinates]">Custom_Skin_Shortcuts_Help_coords2_16:9</include>
		<include condition="String.IsEqual(Skin.AspectRatio,21:9)">Custom_Skin_Shortcuts_Help_coords2_21:9</include>
		<include condition="$EXP[MaskedCoordinates]">Custom_Skin_Shortcuts_Help_coords2_21:9_masked</include>
		<include condition="String.IsEqual(Skin.AspectRatio,4:3)">Custom_Skin_Shortcuts_Help_coords2_4:3</include>
	</include>
	<include name="Custom_Skin_Shortcuts_Help_coords2_16:9">
		<left>0</left>
		<right>0</right>
		<top>0</top>
		<height>210</height>
	</include>
	<include name="Custom_Skin_Shortcuts_Help_coords2_21:9">
		<left>0</left>
		<right>0</right>
		<top>0</top>
		<height>390</height>
	</include>
	<include name="Custom_Skin_Shortcuts_Help_coords2_21:9_masked">
		<left>0</left>
		<right>0</right>
		<top>0</top>
		<height>370</height>
	</include>
	<include name="Custom_Skin_Shortcuts_Help_coords2_4:3">
		<left>0</left>
		<right>0</right>
		<top>0</top>
		<height>210</height>
	</include>
	
	<include name="Custom_Skin_Shortcuts_Help_coords3">
		<include condition="$EXP[NonMaskedCoordinates]">Custom_Skin_Shortcuts_Help_coords3_16:9</include>
		<include condition="String.IsEqual(Skin.AspectRatio,21:9)">Custom_Skin_Shortcuts_Help_coords3_21:9</include>
		<include condition="$EXP[MaskedCoordinates]">Custom_Skin_Shortcuts_Help_coords3_21:9_masked</include>
		<include condition="String.IsEqual(Skin.AspectRatio,4:3)">Custom_Skin_Shortcuts_Help_coords3_4:3</include>
	</include>
	<include name="Custom_Skin_Shortcuts_Help_coords3_16:9">
		<left>0</left>
		<right>0</right>
		<bottom>175</bottom>
		<height>15</height>
	</include>
	<include name="Custom_Skin_Shortcuts_Help_coords3_21:9">
		<left>0</left>
		<right>0</right>
		<bottom>175</bottom>
		<height>15</height>
	</include>
	<include name="Custom_Skin_Shortcuts_Help_coords3_21:9_masked">
		<left>0</left>
		<right>0</right>
		<bottom>355</bottom>
		<height>15</height>
	</include>
	<include name="Custom_Skin_Shortcuts_Help_coords3_4:3">
		<left>0</left>
		<right>0</right>
		<bottom>175</bottom>
		<height>15</height>
	</include>
	
	<include name="Custom_Skin_Shortcuts_Help_coords4">
		<include condition="$EXP[NonMaskedCoordinates]">Custom_Skin_Shortcuts_Help_coords4_16:9</include>
		<include condition="String.IsEqual(Skin.AspectRatio,21:9)">Custom_Skin_Shortcuts_Help_coords4_21:9</include>
		<include condition="$EXP[MaskedCoordinates]">Custom_Skin_Shortcuts_Help_coords4_21:9_masked</include>
		<include condition="String.IsEqual(Skin.AspectRatio,4:3)">Custom_Skin_Shortcuts_Help_coords4_4:3</include>
	</include>
	<include name="Custom_Skin_Shortcuts_Help_coords4_16:9">
		<right>0</right>
		<left>530</left>
		<top>210</top>
		<bottom>190</bottom>
	</include>
	<include name="Custom_Skin_Shortcuts_Help_coords4_21:9">
		<right>0</right>
		<left>530</left>
		<top>210</top>
		<bottom>190</bottom>
	</include>
	<include name="Custom_Skin_Shortcuts_Help_coords4_21:9_masked">
		<right>0</right>
		<left>530</left>
		<top>390</top>
		<bottom>370</bottom>
	</include>
	<include name="Custom_Skin_Shortcuts_Help_coords4_4:3">
		<right>0</right>
		<left>530</left>
		<top>210</top>
		<bottom>190</bottom>
	</include>
	
	<include name="Custom_Skin_Shortcuts_Help_coords5">
		<include condition="$EXP[NonMaskedCoordinates]">Custom_Skin_Shortcuts_Help_coords5_16:9</include>
		<include condition="String.IsEqual(Skin.AspectRatio,21:9)">Custom_Skin_Shortcuts_Help_coords5_21:9</include>
		<include condition="$EXP[MaskedCoordinates]">Custom_Skin_Shortcuts_Help_coords5_21:9_masked</include>
		<include condition="String.IsEqual(Skin.AspectRatio,4:3)">Custom_Skin_Shortcuts_Help_coords5_4:3</include>
	</include>
	<include name="Custom_Skin_Shortcuts_Help_coords5_16:9">
		<left>0</left>
		<top>210</top>
		<bottom>236</bottom>
		<width>550</width>
	</include>
	<include name="Custom_Skin_Shortcuts_Help_coords5_21:9">
		<left>0</left>
		<top>210</top>
		<bottom>236</bottom>
		<width>550</width>
	</include>
	<include name="Custom_Skin_Shortcuts_Help_coords5_21:9_masked">
		<left>0</left>
		<top>390</top>
		<bottom>416</bottom>
		<width>550</width>
	</include>
	<include name="Custom_Skin_Shortcuts_Help_coords5_4:3">
		<left>0</left>
		<top>210</top>
		<bottom>236</bottom>
		<width>550</width>
	</include>
	
	<include name="Custom_Skin_Shortcuts_Help_coords6">
		<include condition="$EXP[NonMaskedCoordinates]">Custom_Skin_Shortcuts_Help_coords6_16:9</include>
		<include condition="String.IsEqual(Skin.AspectRatio,21:9)">Custom_Skin_Shortcuts_Help_coords6_21:9</include>
		<include condition="$EXP[MaskedCoordinates]">Custom_Skin_Shortcuts_Help_coords6_21:9_masked</include>
		<include condition="String.IsEqual(Skin.AspectRatio,4:3)">Custom_Skin_Shortcuts_Help_coords6_4:3</include>
	</include>
	<include name="Custom_Skin_Shortcuts_Help_coords6_16:9">
		<left>0</left>
		<right>0</right>
		<top>0</top>
		<height>210</height>
	</include>
	<include name="Custom_Skin_Shortcuts_Help_coords6_21:9">
		<left>0</left>
		<right>0</right>
		<top>0</top>
		<height>210</height>
	</include>
	<include name="Custom_Skin_Shortcuts_Help_coords6_21:9_masked">
		<left>0</left>
		<right>0</right>
		<top>0</top>
		<height>390</height>
	</include>
	<include name="Custom_Skin_Shortcuts_Help_coords6_4:3">
		<left>0</left>
		<right>0</right>
		<top>0</top>
		<height>210</height>
	</include>
	
	<include name="Custom_Skin_Shortcuts_Help_coords7">
		<include condition="$EXP[NonMaskedCoordinates]">Custom_Skin_Shortcuts_Help_coords7_16:9</include>
		<include condition="String.IsEqual(Skin.AspectRatio,21:9)">Custom_Skin_Shortcuts_Help_coords7_21:9</include>
		<include condition="$EXP[MaskedCoordinates]">Custom_Skin_Shortcuts_Help_coords7_21:9_masked</include>
		<include condition="String.IsEqual(Skin.AspectRatio,4:3)">Custom_Skin_Shortcuts_Help_coords7_4:3</include>
	</include>
	<include name="Custom_Skin_Shortcuts_Help_coords7_16:9">
		<left>0</left>
		<right>0</right>
		<bottom>175</bottom>
		<height>61</height>
	</include>
	<include name="Custom_Skin_Shortcuts_Help_coords7_21:9">
		<left>0</left>
		<right>0</right>
		<bottom>175</bottom>
		<height>61</height>
	</include>
	<include name="Custom_Skin_Shortcuts_Help_coords7_21:9_masked">
		<left>0</left>
		<right>0</right>
		<bottom>355</bottom>
		<height>61</height>
	</include>
	<include name="Custom_Skin_Shortcuts_Help_coords7_4:3">
		<left>0</left>
		<right>0</right>
		<bottom>175</bottom>
		<height>61</height>
	</include>
	
	<include name="Custom_Skin_Shortcuts_Help_coords8">
		<include condition="$EXP[NonMaskedCoordinates]">Custom_Skin_Shortcuts_Help_coords8_16:9</include>
		<include condition="String.IsEqual(Skin.AspectRatio,21:9)">Custom_Skin_Shortcuts_Help_coords8_21:9</include>
		<include condition="$EXP[MaskedCoordinates]">Custom_Skin_Shortcuts_Help_coords8_21:9_masked</include>
		<include condition="String.IsEqual(Skin.AspectRatio,4:3)">Custom_Skin_Shortcuts_Help_coords8_4:3</include>
	</include>
	<include name="Custom_Skin_Shortcuts_Help_coords8_16:9">
		<right>0</right>
		<bottom>236</bottom>
		<top>210</top>
		<width>130</width>
	</include>
	<include name="Custom_Skin_Shortcuts_Help_coords8_21:9">
		<right>0</right>
		<bottom>236</bottom>
		<top>210</top>
		<width>130</width>
	</include>
	<include name="Custom_Skin_Shortcuts_Help_coords8_21:9_masked">
		<right>0</right>
		<bottom>390</bottom>
		<top>390</top>
		<width>130</width>
	</include>
	<include name="Custom_Skin_Shortcuts_Help_coords8_4:3">
		<right>0</right>
		<bottom>236</bottom>
		<top>210</top>
		<width>130</width>
	</include>
	
	<include name="Custom_Skin_Shortcuts_Help_coords9">
		<include condition="$EXP[NonMaskedCoordinates]">Custom_Skin_Shortcuts_Help_coords9_16:9</include>
		<include condition="String.IsEqual(Skin.AspectRatio,21:9)">Custom_Skin_Shortcuts_Help_coords9_21:9</include>
		<include condition="$EXP[MaskedCoordinates]">Custom_Skin_Shortcuts_Help_coords9_21:9_masked</include>
		<include condition="String.IsEqual(Skin.AspectRatio,4:3)">Custom_Skin_Shortcuts_Help_coords9_4:3</include>
	</include>
	<include name="Custom_Skin_Shortcuts_Help_coords9_16:9">
		<left>600</left>
		<bottom>180</bottom>
		<width>1170</width>
		<height>36</height>
	</include>
	<include name="Custom_Skin_Shortcuts_Help_coords9_21:9">
		<left>600</left>
		<bottom>180</bottom>
		<width>1810</width>
		<height>36</height>
	</include>
	<include name="Custom_Skin_Shortcuts_Help_coords9_21:9_masked">
		<left>600</left>
		<bottom>360</bottom>
		<width>1810</width>
		<height>36</height>
	</include>
	<include name="Custom_Skin_Shortcuts_Help_coords9_4:3">
		<left>600</left>
		<bottom>180</bottom>
		<width>690</width>
		<height>36</height>
	</include>

</includes>