<?xml version="1.0" encoding="UTF-8"?>
<includes>
	
	<include name="Viewtype511_coords1">
		<include condition="$EXP[NonMaskedCoordinates]">Viewtype511_coords1_16:9</include>
		<include condition="String.IsEqual(Skin.AspectRatio,21:9)">Viewtype511_coords1_21:9</include>
		<include condition="$EXP[MaskedCoordinates]">Viewtype511_coords1_21:9_masked</include>
		<include condition="String.IsEqual(Skin.AspectRatio,4:3)">Viewtype511_coords1_4:3</include>
	</include>
	<include name="Viewtype511_coords1_16:9">
		<left>214</left>
		<top>225</top>
		<width>263</width>
		<height>394</height>
	</include>
	<include name="Viewtype511_coords1_21:9">
		<left>214</left>
		<top>225</top>
		<width>263</width>
		<height>394</height>
	</include>
	<include name="Viewtype511_coords1_21:9_masked">
		<left>214</left>
		<top>405</top>
		<width>263</width>
		<height>394</height>
	</include>
	<include name="Viewtype511_coords1_4:3">
		<left>214</left>
		<top>225</top>
		<width>263</width>
		<height>394</height>
	</include>
	
	<include name="Viewtype511_coords2">
		<include condition="$EXP[NonMaskedCoordinates]">Viewtype511_coords2_16:9</include>
		<include condition="String.IsEqual(Skin.AspectRatio,21:9)">Viewtype511_coords2_21:9</include>
		<include condition="$EXP[MaskedCoordinates]">Viewtype511_coords2_21:9_masked</include>
		<include condition="String.IsEqual(Skin.AspectRatio,4:3)">Viewtype511_coords2_4:3</include>
	</include>
	<include name="Viewtype511_coords2_16:9">
		<left>0</left>
		<bottom>0</bottom>
		<width>57</width>
		<height>57</height>
	</include>
	<include name="Viewtype511_coords2_21:9">
		<left>0</left>
		<bottom>0</bottom>
		<width>57</width>
		<height>57</height>
	</include>
	<include name="Viewtype511_coords2_21:9_masked">
		<left>0</left>
		<bottom>0</bottom>
		<width>57</width>
		<height>57</height>
	</include>
	<include name="Viewtype511_coords2_4:3">
		<left>0</left>
		<bottom>0</bottom>
		<width>57</width>
		<height>57</height>
	</include>
	
	<include name="Viewtype511_coords3">
		<include condition="$EXP[NonMaskedCoordinates]">Viewtype511_coords3_16:9</include>
		<include condition="String.IsEqual(Skin.AspectRatio,21:9)">Viewtype511_coords3_21:9</include>
		<include condition="$EXP[MaskedCoordinates]">Viewtype511_coords3_21:9_masked</include>
		<include condition="String.IsEqual(Skin.AspectRatio,4:3)">Viewtype511_coords3_4:3</include>
	</include>
	<include name="Viewtype511_coords3_16:9">
		<left>120</left>
		<top>664</top>
		<width>450</width>
		<height>190</height>
	</include>
	<include name="Viewtype511_coords3_21:9">
		<left>120</left>
		<top>664</top>
		<width>450</width>
		<height>190</height>
	</include>
	<include name="Viewtype511_coords3_21:9_masked">
		<left>120</left>
		<top>844</top>
		<width>450</width>
		<height>190</height>
	</include>
	<include name="Viewtype511_coords3_4:3">
		<left>120</left>
		<top>664</top>
		<width>450</width>
		<height>190</height>
	</include>
	
	<include name="Viewtype511_coords4">
		<include condition="$EXP[NonMaskedCoordinates]">Viewtype511_coords4_16:9</include>
		<include condition="String.IsEqual(Skin.AspectRatio,21:9)">Viewtype511_coords4_21:9</include>
		<include condition="$EXP[MaskedCoordinates]">Viewtype511_coords4_21:9_masked</include>
		<include condition="String.IsEqual(Skin.AspectRatio,4:3)">Viewtype511_coords4_4:3</include>
	</include>
	<include name="Viewtype511_coords4_16:9">
		<height>189</height>
	</include>
	<include name="Viewtype511_coords4_21:9">
		<height>189</height>
	</include>
	<include name="Viewtype511_coords4_21:9_masked">
		<height>189</height>
	</include>
	<include name="Viewtype511_coords4_4:3">
		<height>189</height>
	</include>
	
	<include name="Viewtype511_coords5">
		<include condition="$EXP[NonMaskedCoordinates]">Viewtype511_coords5_16:9</include>
		<include condition="String.IsEqual(Skin.AspectRatio,21:9)">Viewtype511_coords5_21:9</include>
		<include condition="$EXP[MaskedCoordinates]">Viewtype511_coords5_21:9_masked</include>
		<include condition="String.IsEqual(Skin.AspectRatio,4:3)">Viewtype511_coords5_4:3</include>
	</include>
	<include name="Viewtype511_coords5_16:9">
		<height>177</height>
	</include>
	<include name="Viewtype511_coords5_21:9">
		<height>177</height>
	</include>
	<include name="Viewtype511_coords5_21:9_masked">
		<height>177</height>
	</include>
	<include name="Viewtype511_coords5_4:3">
		<height>177</height>
	</include>
	
	<include name="Viewtype511_coords6">
		<include condition="$EXP[NonMaskedCoordinates]">Viewtype511_coords6_16:9</include>
		<include condition="String.IsEqual(Skin.AspectRatio,21:9)">Viewtype511_coords6_21:9</include>
		<include condition="$EXP[MaskedCoordinates]">Viewtype511_coords6_21:9_masked</include>
		<include condition="String.IsEqual(Skin.AspectRatio,4:3)">Viewtype511_coords6_4:3</include>
	</include>
	<include name="Viewtype511_coords6_16:9">
		<height>161</height>
	</include>
	<include name="Viewtype511_coords6_21:9">
		<height>161</height>
	</include>
	<include name="Viewtype511_coords6_21:9_masked">
		<height>161</height>
	</include>
	<include name="Viewtype511_coords6_4:3">
		<height>161</height>
	</include>
	
	<include name="Viewtype511_coords7">
		<include condition="$EXP[NonMaskedCoordinates]">Viewtype511_coords7_16:9</include>
		<include condition="String.IsEqual(Skin.AspectRatio,21:9)">Viewtype511_coords7_21:9</include>
		<include condition="$EXP[MaskedCoordinates]">Viewtype511_coords7_21:9_masked</include>
		<include condition="String.IsEqual(Skin.AspectRatio,4:3)">Viewtype511_coords7_4:3</include>
	</include>
	<include name="Viewtype511_coords7_16:9">
		<left>120</left>
		<top>504</top>
	</include>
	<include name="Viewtype511_coords7_21:9">
		<left>120</left>
		<top>504</top>
	</include>
	<include name="Viewtype511_coords7_21:9_masked">
		<left>120</left>
		<top>684</top>
	</include>
	<include name="Viewtype511_coords7_4:3">
		<left>120</left>
		<top>504</top>
	</include>
	
	<include name="Viewtype511_coords8">
		<include condition="$EXP[NonMaskedCoordinates]">Viewtype511_coords8_16:9</include>
		<include condition="String.IsEqual(Skin.AspectRatio,21:9)">Viewtype511_coords8_21:9</include>
		<include condition="$EXP[MaskedCoordinates]">Viewtype511_coords8_21:9_masked</include>
		<include condition="String.IsEqual(Skin.AspectRatio,4:3)">Viewtype511_coords8_4:3</include>
	</include>
	<include name="Viewtype511_coords8_16:9">
		<left>0</left>
		<top>0</top>
		<width>450</width>
		<height>45</height>
	</include>
	<include name="Viewtype511_coords8_21:9">
		<left>0</left>
		<top>0</top>
		<width>450</width>
		<height>45</height>
	</include>
	<include name="Viewtype511_coords8_21:9_masked">
		<left>0</left>
		<top>0</top>
		<width>450</width>
		<height>45</height>
	</include>
	<include name="Viewtype511_coords8_4:3">
		<left>0</left>
		<top>0</top>
		<width>450</width>
		<height>45</height>
	</include>
	
	<include name="Viewtype511_coords9">
		<include condition="$EXP[NonMaskedCoordinates]">Viewtype511_coords9_16:9</include>
		<include condition="String.IsEqual(Skin.AspectRatio,21:9)">Viewtype511_coords9_21:9</include>
		<include condition="$EXP[MaskedCoordinates]">Viewtype511_coords9_21:9_masked</include>
		<include condition="String.IsEqual(Skin.AspectRatio,4:3)">Viewtype511_coords9_4:3</include>
	</include>
	<include name="Viewtype511_coords9_16:9">
		<left>0</left>
		<top>52</top>
		<width>450</width>
		<height>45</height>
	</include>
	<include name="Viewtype511_coords9_21:9">
		<left>0</left>
		<top>52</top>
		<width>450</width>
		<height>45</height>
	</include>
	<include name="Viewtype511_coords9_21:9_masked">
		<left>0</left>
		<top>52</top>
		<width>450</width>
		<height>45</height>
	</include>
	<include name="Viewtype511_coords9_4:3">
		<left>0</left>
		<top>52</top>
		<width>450</width>
		<height>45</height>
	</include>
	
	<include name="Viewtype511_coords10">
		<include condition="$EXP[NonMaskedCoordinates]">Viewtype511_coords10_16:9</include>
		<include condition="String.IsEqual(Skin.AspectRatio,21:9)">Viewtype511_coords10_21:9</include>
		<include condition="$EXP[MaskedCoordinates]">Viewtype511_coords10_21:9_masked</include>
		<include condition="String.IsEqual(Skin.AspectRatio,4:3)">Viewtype511_coords10_4:3</include>
	</include>
	<include name="Viewtype511_coords10_16:9">
		<left>0</left>
		<top>106</top>
		<width>450</width>
		<height>45</height>
	</include>
	<include name="Viewtype511_coords10_21:9">
		<left>0</left>
		<top>106</top>
		<width>450</width>
		<height>45</height>
	</include>
	<include name="Viewtype511_coords10_21:9_masked">
		<left>0</left>
		<top>106</top>
		<width>450</width>
		<height>45</height>
	</include>
	<include name="Viewtype511_coords10_4:3">
		<left>0</left>
		<top>106</top>
		<width>450</width>
		<height>45</height>
	</include>
	
	<include name="Viewtype511_coords11">
		<include condition="$EXP[NonMaskedCoordinates]">Viewtype511_coords11_16:9</include>
		<include condition="String.IsEqual(Skin.AspectRatio,21:9)">Viewtype511_coords11_21:9</include>
		<include condition="$EXP[MaskedCoordinates]">Viewtype511_coords11_21:9_masked</include>
		<include condition="String.IsEqual(Skin.AspectRatio,4:3)">Viewtype511_coords11_4:3</include>
	</include>
	<include name="Viewtype511_coords11_16:9">
		<left>0</left>
		<top>160</top>
		<width>450</width>
		<height>190</height>
	</include>
	<include name="Viewtype511_coords11_21:9">
		<left>0</left>
		<top>160</top>
		<width>450</width>
		<height>190</height>
	</include>
	<include name="Viewtype511_coords11_21:9_masked">
		<left>0</left>
		<top>160</top>
		<width>450</width>
		<height>190</height>
	</include>
	<include name="Viewtype511_coords11_4:3">
		<left>0</left>
		<top>160</top>
		<width>450</width>
		<height>190</height>
	</include>
	
	<include name="Viewtype511_coords12">
		<include condition="$EXP[NonMaskedCoordinates]">Viewtype511_coords12_16:9</include>
		<include condition="String.IsEqual(Skin.AspectRatio,21:9)">Viewtype511_coords12_21:9</include>
		<include condition="$EXP[MaskedCoordinates]">Viewtype511_coords12_21:9_masked</include>
		<include condition="String.IsEqual(Skin.AspectRatio,4:3)">Viewtype511_coords12_4:3</include>
	</include>
	<include name="Viewtype511_coords12_16:9">
		<height>188</height>
	</include>
	<include name="Viewtype511_coords12_21:9">
		<height>188</height>
	</include>
	<include name="Viewtype511_coords12_21:9_masked">
		<height>188</height>
	</include>
	<include name="Viewtype511_coords12_4:3">
		<height>188</height>
	</include>
	
	<include name="Viewtype511_coords13">
		<include condition="$EXP[NonMaskedCoordinates]">Viewtype511_coords13_16:9</include>
		<include condition="String.IsEqual(Skin.AspectRatio,21:9)">Viewtype511_coords13_21:9</include>
		<include condition="$EXP[MaskedCoordinates]">Viewtype511_coords13_21:9_masked</include>
		<include condition="String.IsEqual(Skin.AspectRatio,4:3)">Viewtype511_coords13_4:3</include>
	</include>
	<include name="Viewtype511_coords13_16:9">
		<height>175</height>
	</include>
	<include name="Viewtype511_coords13_21:9">
		<height>175</height>
	</include>
	<include name="Viewtype511_coords13_21:9_masked">
		<height>175</height>
	</include>
	<include name="Viewtype511_coords13_4:3">
		<height>175</height>
	</include>
	
	<include name="Viewtype511_coords14">
		<include condition="$EXP[NonMaskedCoordinates]">Viewtype511_coords14_16:9</include>
		<include condition="String.IsEqual(Skin.AspectRatio,21:9)">Viewtype511_coords14_21:9</include>
		<include condition="$EXP[MaskedCoordinates]">Viewtype511_coords14_21:9_masked</include>
		<include condition="String.IsEqual(Skin.AspectRatio,4:3)">Viewtype511_coords14_4:3</include>
	</include>
	<include name="Viewtype511_coords14_16:9">
		<height>159</height>
	</include>
	<include name="Viewtype511_coords14_21:9">
		<height>159</height>
	</include>
	<include name="Viewtype511_coords14_21:9_masked">
		<height>159</height>
	</include>
	<include name="Viewtype511_coords14_4:3">
		<height>159</height>
	</include>
	
	<include name="Viewtype511_coords15">
		<include condition="$EXP[NonMaskedCoordinates]">Viewtype511_coords15_16:9</include>
		<include condition="String.IsEqual(Skin.AspectRatio,21:9)">Viewtype511_coords15_21:9</include>
		<include condition="$EXP[MaskedCoordinates]">Viewtype511_coords15_21:9_masked</include>
		<include condition="String.IsEqual(Skin.AspectRatio,4:3)">Viewtype511_coords15_4:3</include>
	</include>
	<include name="Viewtype511_coords15_16:9">
		<left>750</left>
		<centertop>50%</centertop>
		<width>1050</width>
		<height>720</height>
	</include>
	<include name="Viewtype511_coords15_21:9">
		<left>750</left>
		<centertop>50%</centertop>
		<width>1690</width>
		<height>720</height>
	</include>
	<include name="Viewtype511_coords15_21:9_masked">
		<left>750</left>
		<centertop>50%</centertop>
		<width>1690</width>
		<height>720</height>
	</include>
	<include name="Viewtype511_coords15_4:3">
		<left>750</left>
		<centertop>50%</centertop>
		<width>570</width>
		<height>720</height>
	</include>
	
	<include name="Viewtype511_coords16">
		<include condition="$EXP[NonMaskedCoordinates]">Viewtype511_coords16_16:9</include>
		<include condition="String.IsEqual(Skin.AspectRatio,21:9)">Viewtype511_coords16_21:9</include>
		<include condition="$EXP[MaskedCoordinates]">Viewtype511_coords16_21:9_masked</include>
		<include condition="String.IsEqual(Skin.AspectRatio,4:3)">Viewtype511_coords16_4:3</include>
	</include>
	<include name="Viewtype511_coords16_16:9">
		<itemlayout height="72" width="1050">
			<control type="label">
				<left>32</left>
				<top>0</top>
				<width>1018</width>
				<height>72</height>
				<font>Font36-light</font>
				<label>$VAR[Label1]</label>
				<textcolor>$VAR[TextColorNF]</textcolor>
			</control>
			<!-- Watched status -->
			<control type="image">
				<left>0</left>
				<top>25</top>
				<width>22</width>
				<height>22</height>
				<texture>$VAR[StatusOverlay]</texture>
				<aspectratio align="center" aligny="center">keep</aspectratio>
				<colordiffuse>$VAR[TextColorNF]</colordiffuse>
				<include>NonFocusImageFadeAnimation</include>
			</control>
		</itemlayout>
	</include>
	<include name="Viewtype511_coords16_21:9">
		<itemlayout height="72" width="1690">
			<control type="label">
				<left>32</left>
				<top>0</top>
				<width>1658</width>
				<height>72</height>
				<font>Font36-light</font>
				<label>$VAR[Label1]</label>
				<textcolor>$VAR[TextColorNF]</textcolor>
			</control>
			<!-- Watched status -->
			<control type="image">
				<left>0</left>
				<top>25</top>
				<width>22</width>
				<height>22</height>
				<texture>$VAR[StatusOverlay]</texture>
				<aspectratio align="center" aligny="center">keep</aspectratio>
				<colordiffuse>$VAR[TextColorNF]</colordiffuse>
				<include>NonFocusImageFadeAnimation</include>
			</control>
		</itemlayout>
	</include>
	<include name="Viewtype511_coords16_21:9_masked">
		<itemlayout height="72" width="1690">
			<control type="label">
				<left>32</left>
				<top>0</top>
				<width>1658</width>
				<height>72</height>
				<font>Font36-light</font>
				<label>$VAR[Label1]</label>
				<textcolor>$VAR[TextColorNF]</textcolor>
			</control>
			<!-- Watched status -->
			<control type="image">
				<left>0</left>
				<top>25</top>
				<width>22</width>
				<height>22</height>
				<texture>$VAR[StatusOverlay]</texture>
				<aspectratio align="center" aligny="center">keep</aspectratio>
				<colordiffuse>$VAR[TextColorNF]</colordiffuse>
				<include>NonFocusImageFadeAnimation</include>
			</control>
		</itemlayout>
	</include>
	<include name="Viewtype511_coords16_4:3">
		<itemlayout height="72" width="570">
			<control type="label">
				<left>32</left>
				<top>0</top>
				<width>538</width>
				<height>72</height>
				<font>Font36-light</font>
				<label>$VAR[Label1]</label>
				<textcolor>$VAR[TextColorNF]</textcolor>
			</control>
			<!-- Watched status -->
			<control type="image">
				<left>0</left>
				<top>25</top>
				<width>22</width>
				<height>22</height>
				<texture>$VAR[StatusOverlay]</texture>
				<aspectratio align="center" aligny="center">keep</aspectratio>
				<colordiffuse>$VAR[TextColorNF]</colordiffuse>
				<include>NonFocusImageFadeAnimation</include>
			</control>
		</itemlayout>
	</include>
	
	<include name="Viewtype511_coords17">
		<include condition="$EXP[NonMaskedCoordinates]">Viewtype511_coords17_16:9</include>
		<include condition="String.IsEqual(Skin.AspectRatio,21:9)">Viewtype511_coords17_21:9</include>
		<include condition="$EXP[MaskedCoordinates]">Viewtype511_coords17_21:9_masked</include>
		<include condition="String.IsEqual(Skin.AspectRatio,4:3)">Viewtype511_coords17_4:3</include>
	</include>
	<include name="Viewtype511_coords17_16:9">
		<focusedlayout height="144" width="1050">
			<control type="group">
				<include content="NonFocusFadeAnimation">
					<param name="id">511</param>
				</include>
				<control type="group">
					<visible>String.IsEmpty(Control.GetLabel(5110))</visible>
					<control type="label">
						<left>32</left>
						<top>12</top>
						<width>1018</width>
						<height>120</height>
						<font>Font72-bold</font>
						<label>$VAR[Label1]</label>
						<textcolor>$VAR[TextColorFO]</textcolor>
						<scroll>True</scroll>
						<scrollspeed>120</scrollspeed>
					</control>
					<control type="image">
						<left>32</left>
						<top>12</top>
						<width>1018</width>
						<height>120</height>
						<texture colordiffuse="$VAR[TextColorFO]">$VAR[focus120]</texture>
						<visible>!ListItem.IsParentFolder</visible>
					</control>
				</control>
				<control type="group">
					<visible>!String.IsEmpty(Control.GetLabel(5110))</visible>
					<control type="label">
						<left>32</left>
						<top>25</top>
						<width>1018</width>
						<height>48</height>
						<font>Font48-bold</font>
						<label>$VAR[Label1]</label>
						<textcolor>$VAR[TextColorFO]</textcolor>
						<scroll>True</scroll>
					</control>
					<control type="image">
						<left>32</left>
						<top>25</top>
						<width>1018</width>
						<height>58</height>
						<texture colordiffuse="$VAR[TextColorFO]">$VAR[focus58]</texture>
						<visible>!ListItem.IsParentFolder</visible>
					</control>
					<control type="label">
						<left>32</left>
						<top>82</top>
						<width>1018</width>
						<height>27</height>
						<font>Font27</font>
						<label>$VAR[Label2]</label>
						<textcolor>$VAR[TextColorFO]</textcolor>
						<scroll>True</scroll>
					</control>
				</control>
				<!-- Watched status -->
				<control type="image">
					<left>0</left>
					<top>61</top>
					<width>22</width>
					<height>22</height>
					<texture>$VAR[StatusOverlay]</texture>
					<aspectratio align="center" aligny="center">keep</aspectratio>
					<colordiffuse>$VAR[TextColorFO]</colordiffuse>
				</control>
			</control>
		</focusedlayout>
	</include>
	<include name="Viewtype511_coords17_21:9">
		<focusedlayout height="144" width="1690">
			<control type="group">
				<include content="NonFocusFadeAnimation">
					<param name="id">511</param>
				</include>
				<control type="group">
					<visible>String.IsEmpty(Control.GetLabel(5110))</visible>
					<control type="label">
						<left>32</left>
						<top>12</top>
						<width>1658</width>
						<height>120</height>
						<font>Font72-bold</font>
						<label>$VAR[Label1]</label>
						<textcolor>$VAR[TextColorFO]</textcolor>
						<scroll>True</scroll>
						<scrollspeed>120</scrollspeed>
					</control>
					<control type="image">
						<left>32</left>
						<top>12</top>
						<width>1658</width>
						<height>120</height>
						<texture colordiffuse="$VAR[TextColorFO]">$VAR[focus120]</texture>
						<visible>!ListItem.IsParentFolder</visible>
					</control>
				</control>
				<control type="group">
					<visible>!String.IsEmpty(Control.GetLabel(5110))</visible>
					<control type="label">
						<left>32</left>
						<top>25</top>
						<width>1658</width>
						<height>48</height>
						<font>Font48-bold</font>
						<label>$VAR[Label1]</label>
						<textcolor>$VAR[TextColorFO]</textcolor>
						<scroll>True</scroll>
					</control>
					<control type="image">
						<left>32</left>
						<top>25</top>
						<width>1658</width>
						<height>58</height>
						<texture colordiffuse="$VAR[TextColorFO]">$VAR[focus58]</texture>
						<visible>!ListItem.IsParentFolder</visible>
					</control>
					<control type="label">
						<left>32</left>
						<top>82</top>
						<width>1658</width>
						<height>27</height>
						<font>Font27</font>
						<label>$VAR[Label2]</label>
						<textcolor>$VAR[TextColorFO]</textcolor>
						<scroll>True</scroll>
					</control>
				</control>
				<!-- Watched status -->
				<control type="image">
					<left>0</left>
					<top>61</top>
					<width>22</width>
					<height>22</height>
					<texture>$VAR[StatusOverlay]</texture>
					<aspectratio align="center" aligny="center">keep</aspectratio>
					<colordiffuse>$VAR[TextColorFO]</colordiffuse>
				</control>
			</control>
		</focusedlayout>
	</include>
	<include name="Viewtype511_coords17_21:9_masked">
		<focusedlayout height="144" width="1690">
			<control type="group">
				<include content="NonFocusFadeAnimation">
					<param name="id">511</param>
				</include>
				<control type="group">
					<visible>String.IsEmpty(Control.GetLabel(5110))</visible>
					<control type="label">
						<left>32</left>
						<top>12</top>
						<width>1658</width>
						<height>120</height>
						<font>Font72-bold</font>
						<label>$VAR[Label1]</label>
						<textcolor>$VAR[TextColorFO]</textcolor>
						<scroll>True</scroll>
						<scrollspeed>120</scrollspeed>
					</control>
					<control type="image">
						<left>32</left>
						<top>12</top>
						<width>1658</width>
						<height>120</height>
						<texture colordiffuse="$VAR[TextColorFO]">$VAR[focus120]</texture>
						<visible>!ListItem.IsParentFolder</visible>
					</control>
				</control>
				<control type="group">
					<visible>!String.IsEmpty(Control.GetLabel(5110))</visible>
					<control type="label">
						<left>32</left>
						<top>25</top>
						<width>1658</width>
						<height>48</height>
						<font>Font48-bold</font>
						<label>$VAR[Label1]</label>
						<textcolor>$VAR[TextColorFO]</textcolor>
						<scroll>True</scroll>
					</control>
					<control type="image">
						<left>32</left>
						<top>25</top>
						<width>1658</width>
						<height>58</height>
						<texture colordiffuse="$VAR[TextColorFO]">$VAR[focus58]</texture>
						<visible>!ListItem.IsParentFolder</visible>
					</control>
					<control type="label">
						<left>32</left>
						<top>82</top>
						<width>1658</width>
						<height>27</height>
						<font>Font27</font>
						<label>$VAR[Label2]</label>
						<textcolor>$VAR[TextColorFO]</textcolor>
						<scroll>True</scroll>
					</control>
				</control>
				<!-- Watched status -->
				<control type="image">
					<left>0</left>
					<top>61</top>
					<width>22</width>
					<height>22</height>
					<texture>$VAR[StatusOverlay]</texture>
					<aspectratio align="center" aligny="center">keep</aspectratio>
					<colordiffuse>$VAR[TextColorFO]</colordiffuse>
				</control>
			</control>
		</focusedlayout>
	</include>
	<include name="Viewtype511_coords17_4:3">
		<focusedlayout height="144" width="570">
			<control type="group">
				<include content="NonFocusFadeAnimation">
					<param name="id">511</param>
				</include>
				<control type="group">
					<visible>String.IsEmpty(Control.GetLabel(5110))</visible>
					<control type="label">
						<left>32</left>
						<top>12</top>
						<width>538</width>
						<height>120</height>
						<font>Font72-bold</font>
						<label>$VAR[Label1]</label>
						<textcolor>$VAR[TextColorFO]</textcolor>
						<scroll>True</scroll>
						<scrollspeed>120</scrollspeed>
					</control>
					<control type="image">
						<left>32</left>
						<top>12</top>
						<width>538</width>
						<height>120</height>
						<texture colordiffuse="$VAR[TextColorFO]">$VAR[focus120]</texture>
						<visible>!ListItem.IsParentFolder</visible>
					</control>
				</control>
				<control type="group">
					<visible>!String.IsEmpty(Control.GetLabel(5110))</visible>
					<control type="label">
						<left>32</left>
						<top>25</top>
						<width>538</width>
						<height>48</height>
						<font>Font48-bold</font>
						<label>$VAR[Label1]</label>
						<textcolor>$VAR[TextColorFO]</textcolor>
						<scroll>True</scroll>
					</control>
					<control type="image">
						<left>32</left>
						<top>25</top>
						<width>538</width>
						<height>58</height>
						<texture colordiffuse="$VAR[TextColorFO]">$VAR[focus58]</texture>
						<visible>!ListItem.IsParentFolder</visible>
					</control>
					<control type="label">
						<left>32</left>
						<top>82</top>
						<width>538</width>
						<height>27</height>
						<font>Font27</font>
						<label>$VAR[Label2]</label>
						<textcolor>$VAR[TextColorFO]</textcolor>
						<scroll>True</scroll>
					</control>
				</control>
				<!-- Watched status -->
				<control type="image">
					<left>0</left>
					<top>61</top>
					<width>22</width>
					<height>22</height>
					<texture>$VAR[StatusOverlay]</texture>
					<aspectratio align="center" aligny="center">keep</aspectratio>
					<colordiffuse>$VAR[TextColorFO]</colordiffuse>
				</control>
			</control>
		</focusedlayout>
	</include>
	
	<include name="Viewtype511_coords18">
		<include condition="$EXP[NonMaskedCoordinates]">Viewtype511_coords18_16:9</include>
		<include condition="String.IsEqual(Skin.AspectRatio,21:9)">Viewtype511_coords18_21:9</include>
		<include condition="$EXP[MaskedCoordinates]">Viewtype511_coords18_21:9_masked</include>
		<include condition="String.IsEqual(Skin.AspectRatio,4:3)">Viewtype511_coords18_4:3</include>
	</include>
	<include name="Viewtype511_coords18_16:9">
		<left>149</left>
		<top>225</top>
		<width>394</width>
		<height>394</height>
	</include>
	<include name="Viewtype511_coords18_21:9">
		<left>149</left>
		<top>225</top>
		<width>394</width>
		<height>394</height>
	</include>
	<include name="Viewtype511_coords18_21:9_masked">
		<left>149</left>
		<top>405</top>
		<width>394</width>
		<height>394</height>
	</include>
	<include name="Viewtype511_coords18_4:3">
		<left>149</left>
		<top>225</top>
		<width>394</width>
		<height>394</height>
	</include>
	
	<include name="Viewtype511_coords19">
		<include condition="$EXP[NonMaskedCoordinates]">Viewtype511_coords19_16:9</include>
		<include condition="String.IsEqual(Skin.AspectRatio,21:9)">Viewtype511_coords19_21:9</include>
		<include condition="$EXP[MaskedCoordinates]">Viewtype511_coords19_21:9_masked</include>
		<include condition="String.IsEqual(Skin.AspectRatio,4:3)">Viewtype511_coords19_4:3</include>
	</include>
	<include name="Viewtype511_coords19_16:9">
		<left>120</left>
		<top>190</top>
		<width>452</width>
		<height>286</height>
	</include>
	<include name="Viewtype511_coords19_21:9">
		<left>120</left>
		<top>190</top>
		<width>452</width>
		<height>286</height>
	</include>
	<include name="Viewtype511_coords19_21:9_masked">
		<left>120</left>
		<top>190</top>
		<width>452</width>
		<height>286</height>
	</include>
	<include name="Viewtype511_coords19_4:3">
		<left>120</left>
		<top>190</top>
		<width>452</width>
		<height>286</height>
	</include>

</includes>