<?xml version="1.0" encoding="UTF-8"?>
<includes>

	<include name="FileBrowser_coords1">
		<include condition="$EXP[NonMaskedCoordinates]">FileBrowser_coords1_16:9</include>
		<include condition="String.IsEqual(Skin.AspectRatio,21:9)">FileBrowser_coords1_21:9</include>
		<include condition="$EXP[MaskedCoordinates]">FileBrowser_coords1_21:9_masked</include>
		<include condition="String.IsEqual(Skin.AspectRatio,4:3)">FileBrowser_coords1_4:3</include>
	</include>
	<include name="FileBrowser_coords1_16:9">
		<left>150</left>
		<top>225</top>
		<width>405</width>
		<height>600</height>
	</include>
	<include name="FileBrowser_coords1_21:9">
		<left>150</left>
		<top>225</top>
		<width>405</width>
		<height>600</height>
	</include>
	<include name="FileBrowser_coords1_21:9_masked">
		<left>150</left>
		<top>405</top>
		<width>405</width>
		<height>600</height>
	</include>
	<include name="FileBrowser_coords1_4:3">
		<left>150</left>
		<top>225</top>
		<width>405</width>
		<height>600</height>
	</include>
	
	<include name="FileBrowser_coords2">
		<include condition="$EXP[NonMaskedCoordinates]">FileBrowser_coords2_16:9</include>
		<include condition="String.IsEqual(Skin.AspectRatio,21:9)">FileBrowser_coords2_21:9</include>
		<include condition="$EXP[MaskedCoordinates]">FileBrowser_coords2_21:9_masked</include>
		<include condition="String.IsEqual(Skin.AspectRatio,4:3)">FileBrowser_coords2_4:3</include>
	</include>
	<include name="FileBrowser_coords2_16:9">
		<left>690</left>
		<centertop>50%</centertop>
		<width>20</width>
		<height>632</height>
	</include>
	<include name="FileBrowser_coords2_21:9">
		<left>690</left>
		<centertop>50%</centertop>
		<width>20</width>
		<height>632</height>
	</include>
	<include name="FileBrowser_coords2_21:9_masked">
		<left>690</left>
		<centertop>50%</centertop>
		<width>20</width>
		<height>632</height>
	</include>
	<include name="FileBrowser_coords2_4:3">
		<left>690</left>
		<centertop>50%</centertop>
		<width>20</width>
		<height>632</height>
	</include>
	
	<include name="FileBrowser_coords3">
		<include condition="$EXP[NonMaskedCoordinates]">FileBrowser_coords3_16:9</include>
		<include condition="String.IsEqual(Skin.AspectRatio,21:9)">FileBrowser_coords3_21:9</include>
		<include condition="$EXP[MaskedCoordinates]">FileBrowser_coords3_21:9_masked</include>
		<include condition="String.IsEqual(Skin.AspectRatio,4:3)">FileBrowser_coords3_4:3</include>
	</include>
	<include name="FileBrowser_coords3_16:9">
		<left>750</left>
		<centertop>50%</centertop>
		<width>1050</width>
		<height>672</height>
	</include>
	<include name="FileBrowser_coords3_21:9">
		<left>750</left>
		<centertop>50%</centertop>
		<width>1690</width>
		<height>672</height>
	</include>
	<include name="FileBrowser_coords3_21:9_masked">
		<left>750</left>
		<centertop>50%</centertop>
		<width>1690</width>
		<height>672</height>
	</include>
	<include name="FileBrowser_coords3_4:3">
		<left>750</left>
		<centertop>50%</centertop>
		<width>570</width>
		<height>672</height>
	</include>
	
	<include name="FileBrowser_coords4">
		<include condition="$EXP[NonMaskedCoordinates]">FileBrowser_coords4_16:9</include>
		<include condition="String.IsEqual(Skin.AspectRatio,21:9)">FileBrowser_coords4_21:9</include>
		<include condition="$EXP[MaskedCoordinates]">FileBrowser_coords4_21:9_masked</include>
		<include condition="String.IsEqual(Skin.AspectRatio,4:3)">FileBrowser_coords4_4:3</include>
	</include>
	<include name="FileBrowser_coords4_16:9">
		<itemlayout width="1050" height="96">
			<control type="image">
				<width>96</width>
				<height>96</height>
				<bordersize>6</bordersize>
				<aspectratio>keep</aspectratio>
				<texture>$INFO[ListItem.Icon]</texture>
				<include>NonFocusImageFadeAnimation</include>
				<visible>!String.Contains(ListItem.Icon,Default)</visible>
			</control>
			<control type="image">
				<width>96</width>
				<height>96</height>
				<bordersize>6</bordersize>
				<aspectratio>keep</aspectratio>
				<texture>$INFO[ListItem.Icon]</texture>
				<include>NonFocusImageFadeAnimation</include>
				<visible>String.Contains(ListItem.Icon,Default)</visible>
			</control>
			<control type="label">
				<left>140</left>
				<width>910</width>
				<height>96</height>
				<font>Font36-light</font>
				<textcolor>$VAR[TextColorNF]</textcolor>
				<label>$INFO[ListItem.Label]</label>
			</control>
		</itemlayout>
	</include>
	<include name="FileBrowser_coords4_21:9">
		<itemlayout width="1690" height="96">
			<control type="image">
				<width>96</width>
				<height>96</height>
				<bordersize>6</bordersize>
				<aspectratio>keep</aspectratio>
				<texture>$INFO[ListItem.Icon]</texture>
				<include>NonFocusImageFadeAnimation</include>
				<visible>!String.Contains(ListItem.Icon,Default)</visible>
			</control>
			<control type="image">
				<width>96</width>
				<height>96</height>
				<bordersize>6</bordersize>
				<aspectratio>keep</aspectratio>
				<texture>$INFO[ListItem.Icon]</texture>
				<include>NonFocusImageFadeAnimation</include>
				<visible>String.Contains(ListItem.Icon,Default)</visible>
			</control>
			<control type="label">
				<left>140</left>
				<width>1550</width>
				<height>96</height>
				<font>Font36-light</font>
				<textcolor>$VAR[TextColorNF]</textcolor>
				<label>$INFO[ListItem.Label]</label>
			</control>
		</itemlayout>
	</include>
	<include name="FileBrowser_coords4_21:9_masked">
		<itemlayout width="1690" height="96">
			<control type="image">
				<width>96</width>
				<height>96</height>
				<bordersize>6</bordersize>
				<aspectratio>keep</aspectratio>
				<texture>$INFO[ListItem.Icon]</texture>
				<include>NonFocusImageFadeAnimation</include>
				<visible>!String.Contains(ListItem.Icon,Default)</visible>
			</control>
			<control type="image">
				<width>96</width>
				<height>96</height>
				<bordersize>6</bordersize>
				<aspectratio>keep</aspectratio>
				<texture>$INFO[ListItem.Icon]</texture>
				<include>NonFocusImageFadeAnimation</include>
				<visible>String.Contains(ListItem.Icon,Default)</visible>
			</control>
			<control type="label">
				<left>140</left>
				<width>1550</width>
				<height>96</height>
				<font>Font36-light</font>
				<textcolor>$VAR[TextColorNF]</textcolor>
				<label>$INFO[ListItem.Label]</label>
			</control>
		</itemlayout>
	</include>
	<include name="FileBrowser_coords4_4:3">
		<itemlayout width="570" height="96">
			<control type="image">
				<width>96</width>
				<height>96</height>
				<bordersize>6</bordersize>
				<aspectratio>keep</aspectratio>
				<texture>$INFO[ListItem.Icon]</texture>
				<include>NonFocusImageFadeAnimation</include>
				<visible>!String.Contains(ListItem.Icon,Default)</visible>
			</control>
			<control type="image">
				<width>96</width>
				<height>96</height>
				<bordersize>6</bordersize>
				<aspectratio>keep</aspectratio>
				<texture>$INFO[ListItem.Icon]</texture>
				<include>NonFocusImageFadeAnimation</include>
				<visible>String.Contains(ListItem.Icon,Default)</visible>
			</control>
			<control type="label">
				<left>140</left>
				<width>430</width>
				<height>96</height>
				<font>Font36-light</font>
				<textcolor>$VAR[TextColorNF]</textcolor>
				<label>$INFO[ListItem.Label]</label>
			</control>
		</itemlayout>
	</include>
	
	<include name="FileBrowser_coords5">
		<include condition="$EXP[NonMaskedCoordinates]">FileBrowser_coords5_16:9</include>
		<include condition="String.IsEqual(Skin.AspectRatio,21:9)">FileBrowser_coords5_21:9</include>
		<include condition="$EXP[MaskedCoordinates]">FileBrowser_coords5_21:9_masked</include>
		<include condition="String.IsEqual(Skin.AspectRatio,4:3)">FileBrowser_coords5_4:3</include>
	</include>
	<include name="FileBrowser_coords5_16:9">
		<focusedlayout width="1050" height="96">
			<control type="group">
				<include content="NonFocusFadeAnimation">
					<param name="id">450</param>
				</include>
				<control type="image">
					<width>96</width>
					<height>96</height>
					<bordersize>6</bordersize>
					<aspectratio>keep</aspectratio>
					<texture>$INFO[ListItem.Icon]</texture>
					<visible>!String.Contains(ListItem.Icon,Default)</visible>
				</control>
				<control type="image">
					<width>96</width>
					<height>96</height>
					<bordersize>6</bordersize>
					<aspectratio>keep</aspectratio>
					<colordiffuse>$VAR[OverlayColorFO]</colordiffuse>
					<texture>$INFO[ListItem.Icon]</texture>
					<visible>String.Contains(ListItem.Icon,Default)</visible>
				</control>
				<control type="label">
					<left>140</left>
					<width>910</width>
					<height>96</height>
					<font>Font36-bold</font>
					<textcolor>$VAR[TextColorFO]</textcolor>
					<label>$INFO[ListItem.Label]</label>
					<scroll>True</scroll>
				</control>
				<control type="image">
					<centertop>50%</centertop>
					<left>140</left>
					<width>910</width>
					<height>58</height>
					<texture colordiffuse="$VAR[TextColorFO]">$VAR[focus58]</texture>
					<visible>!ListItem.IsParentFolder</visible>
				</control>
			</control>
		</focusedlayout>
	</include>
	<include name="FileBrowser_coords5_21:9">
		<focusedlayout width="1690" height="96">
			<control type="group">
				<include content="NonFocusFadeAnimation">
					<param name="id">450</param>
				</include>
				<control type="image">
					<width>96</width>
					<height>96</height>
					<bordersize>6</bordersize>
					<aspectratio>keep</aspectratio>
					<texture>$INFO[ListItem.Icon]</texture>
					<visible>!String.Contains(ListItem.Icon,Default)</visible>
				</control>
				<control type="image">
					<width>96</width>
					<height>96</height>
					<bordersize>6</bordersize>
					<aspectratio>keep</aspectratio>
					<colordiffuse>$VAR[OverlayColorFO]</colordiffuse>
					<texture>$INFO[ListItem.Icon]</texture>
					<visible>String.Contains(ListItem.Icon,Default)</visible>
				</control>
				<control type="label">
					<left>140</left>
					<width>1550</width>
					<height>96</height>
					<font>Font36-bold</font>
					<textcolor>$VAR[TextColorFO]</textcolor>
					<label>$INFO[ListItem.Label]</label>
					<scroll>True</scroll>
				</control>
				<control type="image">
					<centertop>50%</centertop>
					<left>140</left>
					<width>1550</width>
					<height>58</height>
					<texture colordiffuse="$VAR[TextColorFO]">$VAR[focus58]</texture>
					<visible>!ListItem.IsParentFolder</visible>
				</control>
			</control>
		</focusedlayout>
	</include>
	<include name="FileBrowser_coords5_21:9_masked">
		<focusedlayout width="1690" height="96">
			<control type="group">
				<include content="NonFocusFadeAnimation">
					<param name="id">450</param>
				</include>
				<control type="image">
					<width>96</width>
					<height>96</height>
					<bordersize>6</bordersize>
					<aspectratio>keep</aspectratio>
					<texture>$INFO[ListItem.Icon]</texture>
					<visible>!String.Contains(ListItem.Icon,Default)</visible>
				</control>
				<control type="image">
					<width>96</width>
					<height>96</height>
					<bordersize>6</bordersize>
					<aspectratio>keep</aspectratio>
					<colordiffuse>$VAR[OverlayColorFO]</colordiffuse>
					<texture>$INFO[ListItem.Icon]</texture>
					<visible>String.Contains(ListItem.Icon,Default)</visible>
				</control>
				<control type="label">
					<left>140</left>
					<width>1550</width>
					<height>96</height>
					<font>Font36-bold</font>
					<textcolor>$VAR[TextColorFO]</textcolor>
					<label>$INFO[ListItem.Label]</label>
					<scroll>True</scroll>
				</control>
				<control type="image">
					<centertop>50%</centertop>
					<left>140</left>
					<width>1550</width>
					<height>58</height>
					<texture colordiffuse="$VAR[TextColorFO]">$VAR[focus58]</texture>
					<visible>!ListItem.IsParentFolder</visible>
				</control>
			</control>
		</focusedlayout>
	</include>
	<include name="FileBrowser_coords5_4:3">
		<focusedlayout width="570" height="96">
			<control type="group">
				<include content="NonFocusFadeAnimation">
					<param name="id">450</param>
				</include>
				<control type="image">
					<width>96</width>
					<height>96</height>
					<bordersize>6</bordersize>
					<aspectratio>keep</aspectratio>
					<texture>$INFO[ListItem.Icon]</texture>
					<visible>!String.Contains(ListItem.Icon,Default)</visible>
				</control>
				<control type="image">
					<width>96</width>
					<height>96</height>
					<bordersize>6</bordersize>
					<aspectratio>keep</aspectratio>
					<colordiffuse>$VAR[OverlayColorFO]</colordiffuse>
					<texture>$INFO[ListItem.Icon]</texture>
					<visible>String.Contains(ListItem.Icon,Default)</visible>
				</control>
				<control type="label">
					<left>140</left>
					<width>430</width>
					<height>96</height>
					<font>Font36-bold</font>
					<textcolor>$VAR[TextColorFO]</textcolor>
					<label>$INFO[ListItem.Label]</label>
					<scroll>True</scroll>
				</control>
				<control type="image">
					<centertop>50%</centertop>
					<left>140</left>
					<width>430</width>
					<height>58</height>
					<texture colordiffuse="$VAR[TextColorFO]">$VAR[focus58]</texture>
					<visible>!ListItem.IsParentFolder</visible>
				</control>
			</control>
		</focusedlayout>
	</include>
	
	<include name="FileBrowser_coords6">
		<include condition="$EXP[NonMaskedCoordinates]">FileBrowser_coords6_16:9</include>
		<include condition="String.IsEqual(Skin.AspectRatio,21:9)">FileBrowser_coords6_21:9</include>
		<include condition="$EXP[MaskedCoordinates]">FileBrowser_coords6_21:9_masked</include>
		<include condition="String.IsEqual(Skin.AspectRatio,4:3)">FileBrowser_coords6_4:3</include>
	</include>
	<include name="FileBrowser_coords6_16:9">
		<left>750</left>
		<centertop>50%</centertop>
		<width>1050</width>
		<height>672</height>
	</include>
	<include name="FileBrowser_coords6_21:9">
		<left>750</left>
		<centertop>50%</centertop>
		<width>1690</width>
		<height>672</height>
	</include>
	<include name="FileBrowser_coords6_21:9_masked">
		<left>750</left>
		<centertop>50%</centertop>
		<width>1690</width>
		<height>672</height>
	</include>
	<include name="FileBrowser_coords6_4:3">
		<left>750</left>
		<centertop>50%</centertop>
		<width>570</width>
		<height>672</height>
	</include>
	
	<include name="FileBrowser_coords7">
		<include condition="$EXP[NonMaskedCoordinates]">FileBrowser_coords7_16:9</include>
		<include condition="String.IsEqual(Skin.AspectRatio,21:9)">FileBrowser_coords7_21:9</include>
		<include condition="$EXP[MaskedCoordinates]">FileBrowser_coords7_21:9_masked</include>
		<include condition="String.IsEqual(Skin.AspectRatio,4:3)">FileBrowser_coords7_4:3</include>
	</include>
	<include name="FileBrowser_coords7_16:9">
		<itemlayout width="1050" height="96">
			<control type="image">
				<width>96</width>
				<height>96</height>
				<bordersize>6</bordersize>
				<aspectratio>keep</aspectratio>
				<texture>$INFO[ListItem.Icon]</texture>
				<include>NonFocusImageFadeAnimation</include>
				<visible>!String.Contains(ListItem.Icon,Default)</visible>
			</control>
			<control type="image">
				<width>96</width>
				<height>96</height>
				<bordersize>6</bordersize>
				<aspectratio>keep</aspectratio>
				<include>NonFocusImageFadeAnimation</include>
				<texture>$INFO[ListItem.Icon]</texture>
				<visible>String.Contains(ListItem.Icon,Default)</visible>
			</control>
			<control type="label">
				<left>140</left>
				<width>910</width>
				<height>96</height>
				<font>Font36</font>
				<textcolor>$VAR[TextColorNF]</textcolor>
				<label>$INFO[ListItem.Label]</label>
			</control>
		</itemlayout>
	</include>
	<include name="FileBrowser_coords7_21:9">
		<itemlayout width="1690" height="96">
			<control type="image">
				<width>96</width>
				<height>96</height>
				<bordersize>6</bordersize>
				<aspectratio>keep</aspectratio>
				<texture>$INFO[ListItem.Icon]</texture>
				<include>NonFocusImageFadeAnimation</include>
				<visible>!String.Contains(ListItem.Icon,Default)</visible>
			</control>
			<control type="image">
				<width>96</width>
				<height>96</height>
				<bordersize>6</bordersize>
				<aspectratio>keep</aspectratio>
				<include>NonFocusImageFadeAnimation</include>
				<texture>$INFO[ListItem.Icon]</texture>
				<visible>String.Contains(ListItem.Icon,Default)</visible>
			</control>
			<control type="label">
				<left>140</left>
				<width>1550</width>
				<height>96</height>
				<font>Font36</font>
				<textcolor>$VAR[TextColorNF]</textcolor>
				<label>$INFO[ListItem.Label]</label>
			</control>
		</itemlayout>
	</include>
	<include name="FileBrowser_coords7_21:9_masked">
		<itemlayout width="1690" height="96">
			<control type="image">
				<width>96</width>
				<height>96</height>
				<bordersize>6</bordersize>
				<aspectratio>keep</aspectratio>
				<texture>$INFO[ListItem.Icon]</texture>
				<include>NonFocusImageFadeAnimation</include>
				<visible>!String.Contains(ListItem.Icon,Default)</visible>
			</control>
			<control type="image">
				<width>96</width>
				<height>96</height>
				<bordersize>6</bordersize>
				<aspectratio>keep</aspectratio>
				<include>NonFocusImageFadeAnimation</include>
				<texture>$INFO[ListItem.Icon]</texture>
				<visible>String.Contains(ListItem.Icon,Default)</visible>
			</control>
			<control type="label">
				<left>140</left>
				<width>1550</width>
				<height>96</height>
				<font>Font36</font>
				<textcolor>$VAR[TextColorNF]</textcolor>
				<label>$INFO[ListItem.Label]</label>
			</control>
		</itemlayout>
	</include>
	<include name="FileBrowser_coords7_4:3">
		<itemlayout width="570" height="96">
			<control type="image">
				<width>96</width>
				<height>96</height>
				<bordersize>6</bordersize>
				<aspectratio>keep</aspectratio>
				<texture>$INFO[ListItem.Icon]</texture>
				<include>NonFocusImageFadeAnimation</include>
				<visible>!String.Contains(ListItem.Icon,Default)</visible>
			</control>
			<control type="image">
				<width>96</width>
				<height>96</height>
				<bordersize>6</bordersize>
				<aspectratio>keep</aspectratio>
				<include>NonFocusImageFadeAnimation</include>
				<texture>$INFO[ListItem.Icon]</texture>
				<visible>String.Contains(ListItem.Icon,Default)</visible>
			</control>
			<control type="label">
				<left>140</left>
				<width>430</width>
				<height>96</height>
				<font>Font36</font>
				<textcolor>$VAR[TextColorNF]</textcolor>
				<label>$INFO[ListItem.Label]</label>
			</control>
		</itemlayout>
	</include>
	
	<include name="FileBrowser_coords8">
		<include condition="$EXP[NonMaskedCoordinates]">FileBrowser_coords8_16:9</include>
		<include condition="String.IsEqual(Skin.AspectRatio,21:9)">FileBrowser_coords8_21:9</include>
		<include condition="$EXP[MaskedCoordinates]">FileBrowser_coords8_21:9_masked</include>
		<include condition="String.IsEqual(Skin.AspectRatio,4:3)">FileBrowser_coords8_4:3</include>
	</include>
	<include name="FileBrowser_coords8_16:9">
		<focusedlayout width="1050" height="96">
			<control type="group">
				<include content="NonFocusFadeAnimation">
					<param name="id">451</param>
				</include>
				<control type="image">
					<width>96</width>
					<height>96</height>
					<bordersize>6</bordersize>
					<aspectratio>keep</aspectratio>
					<texture>$INFO[ListItem.Icon]</texture>
					<visible>!String.Contains(ListItem.Icon,Default)</visible>
				</control>
				<control type="image">
					<width>96</width>
					<height>96</height>
					<bordersize>6</bordersize>
					<aspectratio>keep</aspectratio>
					<colordiffuse>$VAR[OverlayColorFO]</colordiffuse>
					<texture>$INFO[ListItem.Icon]</texture>
					<visible>String.Contains(ListItem.Icon,Default)</visible>
				</control>
				<control type="label">
					<left>140</left>
					<width>910</width>
					<height>96</height>
					<font>Font36</font>
					<textcolor>$VAR[TextColorFO]</textcolor>
					<label>$INFO[ListItem.Label]</label>
					<scroll>True</scroll>
				</control>
				<control type="image">
					<centertop>50%</centertop>
					<left>140</left>
					<width>910</width>
					<height>58</height>
					<texture colordiffuse="$VAR[TextColorFO]">$VAR[focus58]</texture>
					<visible>!ListItem.IsParentFolder</visible>
				</control>
			</control>
		</focusedlayout>
	</include>
	<include name="FileBrowser_coords8_21:9">
		<focusedlayout width="1690" height="96">
			<control type="group">
				<include content="NonFocusFadeAnimation">
					<param name="id">451</param>
				</include>
				<control type="image">
					<width>96</width>
					<height>96</height>
					<bordersize>6</bordersize>
					<aspectratio>keep</aspectratio>
					<texture>$INFO[ListItem.Icon]</texture>
					<visible>!String.Contains(ListItem.Icon,Default)</visible>
				</control>
				<control type="image">
					<width>96</width>
					<height>96</height>
					<bordersize>6</bordersize>
					<aspectratio>keep</aspectratio>
					<colordiffuse>$VAR[OverlayColorFO]</colordiffuse>
					<texture>$INFO[ListItem.Icon]</texture>
					<visible>String.Contains(ListItem.Icon,Default)</visible>
				</control>
				<control type="label">
					<left>140</left>
					<width>1550</width>
					<height>96</height>
					<font>Font36</font>
					<textcolor>$VAR[TextColorFO]</textcolor>
					<label>$INFO[ListItem.Label]</label>
					<scroll>True</scroll>
				</control>
				<control type="image">
					<centertop>50%</centertop>
					<left>140</left>
					<width>1550</width>
					<height>58</height>
					<texture colordiffuse="$VAR[TextColorFO]">$VAR[focus58]</texture>
					<visible>!ListItem.IsParentFolder</visible>
				</control>
			</control>
		</focusedlayout>
	</include>
	<include name="FileBrowser_coords8_21:9_masked">
		<focusedlayout width="1690" height="96">
			<control type="group">
				<include content="NonFocusFadeAnimation">
					<param name="id">451</param>
				</include>
				<control type="image">
					<width>96</width>
					<height>96</height>
					<bordersize>6</bordersize>
					<aspectratio>keep</aspectratio>
					<texture>$INFO[ListItem.Icon]</texture>
					<visible>!String.Contains(ListItem.Icon,Default)</visible>
				</control>
				<control type="image">
					<width>96</width>
					<height>96</height>
					<bordersize>6</bordersize>
					<aspectratio>keep</aspectratio>
					<colordiffuse>$VAR[OverlayColorFO]</colordiffuse>
					<texture>$INFO[ListItem.Icon]</texture>
					<visible>String.Contains(ListItem.Icon,Default)</visible>
				</control>
				<control type="label">
					<left>140</left>
					<width>1550</width>
					<height>96</height>
					<font>Font36</font>
					<textcolor>$VAR[TextColorFO]</textcolor>
					<label>$INFO[ListItem.Label]</label>
					<scroll>True</scroll>
				</control>
				<control type="image">
					<centertop>50%</centertop>
					<left>140</left>
					<width>1550</width>
					<height>58</height>
					<texture colordiffuse="$VAR[TextColorFO]">$VAR[focus58]</texture>
					<visible>!ListItem.IsParentFolder</visible>
				</control>
			</control>
		</focusedlayout>
	</include>
	<include name="FileBrowser_coords8_4:3">
		<focusedlayout width="570" height="96">
			<control type="group">
				<include content="NonFocusFadeAnimation">
					<param name="id">451</param>
				</include>
				<control type="image">
					<width>96</width>
					<height>96</height>
					<bordersize>6</bordersize>
					<aspectratio>keep</aspectratio>
					<texture>$INFO[ListItem.Icon]</texture>
					<visible>!String.Contains(ListItem.Icon,Default)</visible>
				</control>
				<control type="image">
					<width>96</width>
					<height>96</height>
					<bordersize>6</bordersize>
					<aspectratio>keep</aspectratio>
					<colordiffuse>$VAR[OverlayColorFO]</colordiffuse>
					<texture>$INFO[ListItem.Icon]</texture>
					<visible>String.Contains(ListItem.Icon,Default)</visible>
				</control>
				<control type="label">
					<left>140</left>
					<width>430</width>
					<height>96</height>
					<font>Font36</font>
					<textcolor>$VAR[TextColorFO]</textcolor>
					<label>$INFO[ListItem.Label]</label>
					<scroll>True</scroll>
				</control>
				<control type="image">
					<centertop>50%</centertop>
					<left>140</left>
					<width>430</width>
					<height>58</height>
					<texture colordiffuse="$VAR[TextColorFO]">$VAR[focus58]</texture>
					<visible>!ListItem.IsParentFolder</visible>
				</control>
			</control>
		</focusedlayout>
	</include>

</includes>