<?xml version="1.0" encoding="UTF-8"?>
<includes>

	<include name="script-upnext-stillwatching-simple_coords1">
		<include condition="$EXP[NonMaskedCoordinates]">script-upnext-stillwatching-simple_coords1_16:9</include>
		<include condition="String.IsEqual(Skin.AspectRatio,21:9)">script-upnext-stillwatching-simple_coords1_21:9</include>
		<include condition="$EXP[MaskedCoordinates]">script-upnext-stillwatching-simple_coords1_21:9_masked</include>
		<include condition="String.IsEqual(Skin.AspectRatio,4:3)">script-upnext-stillwatching-simple_coords1_4:3</include>
	</include>
	<include name="script-upnext-stillwatching-simple_coords1_16:9">
		<top>90</top>
		<right>-100</right>
		<width>650</width>
		<height>77</height>
	</include>
	<include name="script-upnext-stillwatching-simple_coords1_21:9">
		<top>90</top>
		<right>-100</right>
		<width>650</width>
		<height>77</height>
	</include>
	<include name="script-upnext-stillwatching-simple_coords1_21:9_masked">
		<top>270</top>
		<right>-100</right>
		<width>650</width>
		<height>77</height>
	</include>
	<include name="script-upnext-stillwatching-simple_coords1_4:3">
		<top>90</top>
		<right>-100</right>
		<width>650</width>
		<height>77</height>
	</include>
	
	<include name="script-upnext-stillwatching-simple_coords2">
		<include condition="$EXP[NonMaskedCoordinates]">script-upnext-stillwatching-simple_coords2_16:9</include>
		<include condition="String.IsEqual(Skin.AspectRatio,21:9)">script-upnext-stillwatching-simple_coords2_21:9</include>
		<include condition="$EXP[MaskedCoordinates]">script-upnext-stillwatching-simple_coords2_21:9_masked</include>
		<include condition="String.IsEqual(Skin.AspectRatio,4:3)">script-upnext-stillwatching-simple_coords2_4:3</include>
	</include>
	<include name="script-upnext-stillwatching-simple_coords2_16:9">
		<top>90</top>
		<right>0</right>
		<width>550</width>
		<height>77</height>
	</include>
	<include name="script-upnext-stillwatching-simple_coords2_21:9">
		<top>90</top>
		<right>0</right>
		<width>550</width>
		<height>77</height>
	</include>
	<include name="script-upnext-stillwatching-simple_coords2_21:9_masked">
		<top>270</top>
		<right>0</right>
		<width>550</width>
		<height>77</height>
	</include>
	<include name="script-upnext-stillwatching-simple_coords2_4:3">
		<top>90</top>
		<right>0</right>
		<width>550</width>
		<height>77</height>
	</include>
	
	<include name="script-upnext-stillwatching-simple_coords3">
		<include condition="$EXP[NonMaskedCoordinates]">script-upnext-stillwatching-simple_coords3_16:9</include>
		<include condition="String.IsEqual(Skin.AspectRatio,21:9)">script-upnext-stillwatching-simple_coords3_21:9</include>
		<include condition="$EXP[MaskedCoordinates]">script-upnext-stillwatching-simple_coords3_21:9_masked</include>
		<include condition="String.IsEqual(Skin.AspectRatio,4:3)">script-upnext-stillwatching-simple_coords3_4:3</include>
	</include>
	<include name="script-upnext-stillwatching-simple_coords3_16:9">
		<left>10</left>
		<top>10</top>
		<width>530</width>
		<height>20</height>
	</include>
	<include name="script-upnext-stillwatching-simple_coords3_21:9">
		<left>10</left>
		<top>10</top>
		<width>530</width>
		<height>20</height>
	</include>
	<include name="script-upnext-stillwatching-simple_coords3_21:9_masked">
		<left>10</left>
		<top>10</top>
		<width>530</width>
		<height>20</height>
	</include>
	<include name="script-upnext-stillwatching-simple_coords3_4:3">
		<left>10</left>
		<top>10</top>
		<width>530</width>
		<height>20</height>
	</include>
	
	<include name="script-upnext-stillwatching-simple_coords4">
		<include condition="$EXP[NonMaskedCoordinates]">script-upnext-stillwatching-simple_coords4_16:9</include>
		<include condition="String.IsEqual(Skin.AspectRatio,21:9)">script-upnext-stillwatching-simple_coords4_21:9</include>
		<include condition="$EXP[MaskedCoordinates]">script-upnext-stillwatching-simple_coords4_21:9_masked</include>
		<include condition="String.IsEqual(Skin.AspectRatio,4:3)">script-upnext-stillwatching-simple_coords4_4:3</include>
	</include>
	<include name="script-upnext-stillwatching-simple_coords4_16:9">
		<left>10</left>
		<top>40</top>
		<height>27</height>
		<width>260</width>
	</include>
	<include name="script-upnext-stillwatching-simple_coords4_21:9">
		<left>10</left>
		<top>40</top>
		<height>27</height>
		<width>260</width>
	</include>
	<include name="script-upnext-stillwatching-simple_coords4_21:9_masked">
		<left>10</left>
		<top>40</top>
		<height>27</height>
		<width>260</width>
	</include>
	<include name="script-upnext-stillwatching-simple_coords4_4:3">
		<left>10</left>
		<top>40</top>
		<height>27</height>
		<width>260</width>
	</include>
	
	<include name="script-upnext-stillwatching-simple_coords5">
		<include condition="$EXP[NonMaskedCoordinates]">script-upnext-stillwatching-simple_coords5_16:9</include>
		<include condition="String.IsEqual(Skin.AspectRatio,21:9)">script-upnext-stillwatching-simple_coords5_21:9</include>
		<include condition="$EXP[MaskedCoordinates]">script-upnext-stillwatching-simple_coords5_21:9_masked</include>
		<include condition="String.IsEqual(Skin.AspectRatio,4:3)">script-upnext-stillwatching-simple_coords5_4:3</include>
	</include>
	<include name="script-upnext-stillwatching-simple_coords5_16:9">
		<right>10</right>
		<top>40</top>
		<height>27</height>
		<width>260</width>
	</include>
	<include name="script-upnext-stillwatching-simple_coords5_21:9">
		<right>10</right>
		<top>40</top>
		<height>27</height>
		<width>260</width>
	</include>
	<include name="script-upnext-stillwatching-simple_coords5_21:9_masked">
		<right>10</right>
		<top>40</top>
		<height>27</height>
		<width>260</width>
	</include>
	<include name="script-upnext-stillwatching-simple_coords5_4:3">
		<right>10</right>
		<top>40</top>
		<height>27</height>
		<width>260</width>
	</include>
	
	<include name="script-upnext-stillwatching-simple_coords6">
		<include condition="$EXP[NonMaskedCoordinates]">script-upnext-stillwatching-simple_coords6_16:9</include>
		<include condition="String.IsEqual(Skin.AspectRatio,21:9)">script-upnext-stillwatching-simple_coords6_21:9</include>
		<include condition="$EXP[MaskedCoordinates]">script-upnext-stillwatching-simple_coords6_21:9_masked</include>
		<include condition="String.IsEqual(Skin.AspectRatio,4:3)">script-upnext-stillwatching-simple_coords6_4:3</include>
	</include>
	<include name="script-upnext-stillwatching-simple_coords6_16:9">
		<right>0</right>
		<top>75</top>
		<width>550</width>
		<height>2</height>
	</include>
	<include name="script-upnext-stillwatching-simple_coords6_21:9">
		<right>0</right>
		<top>75</top>
		<width>550</width>
		<height>2</height>
	</include>
	<include name="script-upnext-stillwatching-simple_coords6_21:9_masked">
		<right>0</right>
		<top>75</top>
		<width>550</width>
		<height>2</height>
	</include>
	<include name="script-upnext-stillwatching-simple_coords6_4:3">
		<right>0</right>
		<top>75</top>
		<width>550</width>
		<height>2</height>
	</include>

</includes>