<?xml version="1.0" encoding="UTF-8"?>
<window type="dialog" id="98">
	<!-- Debug overlay -->
	<zorder>100</zorder>
	<visible>!Window.IsVisible(startup)</visible>
	
	<controls>

		<!-- Global debug grid -->
		<control type="image">
			<include>Custom_Overlay_DebugGrid_coords</include>
			<include>Custom_Overlay_DebugGrid</include>
			<colordiffuse>88ffffff</colordiffuse>
			<visible>Skin.HasSetting(DebugGrid)</visible>
		</control>

		<!-- Window/Dialog debug -->
		<control type="grouplist">
			<include>Custom_Overlay_Debug_coords1</include>
			<itemgap>12</itemgap>
			<visible>Skin.HasSetting(DebugInfo)</visible>

			<!-- Window labels -->
			<control type="fadelabel">
				<include>Custom_Overlay_Debug_coords2</include>
				<textcolor>FF0000FF</textcolor>
				<shadowcolor>FF000000</shadowcolor>
				<font>font13</font>
				<align>left</align>
				<label>AddonBrowser.xml $INFO[Container.Viewmode,(,]$INFO[Container.SortMethod, &#8226; ,]$INFO[Container.SortOrder, &#8226; ,)]</label>
				<visible>Window.IsVisible(AddonBrowser.xml)</visible>
			</control>
			
			<control type="fadelabel">
				<include>Custom_Overlay_Debug_coords2</include>
				<textcolor>FF0000FF</textcolor>
				<shadowcolor>FF000000</shadowcolor>
				<font>font13</font>
				<align>left</align>
				<label>EventLog.xml</label>
				<visible>Window.IsVisible(EventLog.xml)</visible>
			</control>
			
			<control type="fadelabel">
				<include>Custom_Overlay_Debug_coords2</include>
				<textcolor>FF0000FF</textcolor>
				<shadowcolor>FF000000</shadowcolor>
				<font>font13</font>
				<align>left</align>
				<label>FileManager.xml $INFO[Container.Viewmode,(,]$INFO[Container.SortMethod, &#8226; ,]$INFO[Container.SortOrder, &#8226; ,)]</label>
				<visible>Window.IsVisible(FileManager.xml)</visible>
			</control>

			<control type="fadelabel">
				<include>Custom_Overlay_Debug_coords2</include>
				<textcolor>FF0000FF</textcolor>
				<shadowcolor>FF000000</shadowcolor>
				<font>font13</font>
				<align>left</align>
				<label>Home.xml $INFO[Container.Viewmode,(,]$INFO[Container.SortMethod, &#8226; ,]$INFO[Container.SortOrder, &#8226; ,)]</label>
				<visible>Window.IsVisible(Home.xml)</visible>
			</control>

			<control type="fadelabel">
				<include>Custom_Overlay_Debug_coords2</include>
				<textcolor>FF0000FF</textcolor>
				<shadowcolor>FF000000</shadowcolor>
				<font>font13</font>
				<align>left</align>
				<label>LoginScreen.xml $INFO[Container.Viewmode,(,]$INFO[Container.SortMethod, &#8226; ,]$INFO[Container.SortOrder, &#8226; ,)]</label>
				<visible>Window.IsVisible(LoginScreen.xml)</visible>
			</control>
			
			<control type="fadelabel">
				<include>Custom_Overlay_Debug_coords2</include>
				<textcolor>FFFF0000</textcolor>
				<shadowcolor>FF000000</shadowcolor>
				<font>font13</font>
				<align>left</align>
				<label>MusicVisualisation.xml</label>
				<visible>Window.IsVisible(MusicVisualisation.xml)</visible>
			</control>
			
			<control type="fadelabel">
				<include>Custom_Overlay_Debug_coords2</include>
				<textcolor>FF0000FF</textcolor>
				<shadowcolor>FF000000</shadowcolor>
				<font>font13</font>
				<align>left</align>
				<label>MyGames.xml $INFO[Container.Viewmode,(,]$INFO[Container.SortMethod, &#8226; ,]$INFO[Container.SortOrder, &#8226; ,)]</label>
				<visible>Window.IsVisible(MyGames.xml)</visible>
			</control>

			<control type="fadelabel">
				<include>Custom_Overlay_Debug_coords2</include>
				<textcolor>FF0000FF</textcolor>
				<shadowcolor>FF000000</shadowcolor>
				<font>font13</font>
				<align>left</align>
				<label>MyMusicNav.xml $INFO[Container.Viewmode,(,]$INFO[Container.SortMethod, &#8226; ,]$INFO[Container.SortOrder, &#8226; ,)]</label>
				<visible>Window.IsVisible(MyMusicNav.xml)</visible>
			</control>

			<control type="fadelabel">
				<include>Custom_Overlay_Debug_coords2</include>
				<textcolor>FF0000FF</textcolor>
				<shadowcolor>FF000000</shadowcolor>
				<font>font13</font>
				<align>left</align>
				<label>MyMusicPlaylist.xml $INFO[Container.Viewmode,(,]$INFO[Container.SortMethod, &#8226; ,]$INFO[Container.SortOrder, &#8226; ,)]</label>
				<visible>Window.IsVisible(MyMusicPlaylist.xml)</visible>
			</control>

			<control type="fadelabel">
				<include>Custom_Overlay_Debug_coords2</include>
				<textcolor>FF0000FF</textcolor>
				<shadowcolor>FF000000</shadowcolor>
				<font>font13</font>
				<align>left</align>
				<label>MyMusicPlaylistEditor.xml $INFO[Container.Viewmode,(,]$INFO[Container.SortMethod, &#8226; ,]$INFO[Container.SortOrder, &#8226; ,)]</label>
				<visible>Window.IsVisible(MyMusicPlaylistEditor.xml)</visible>
			</control>

			<control type="fadelabel">
				<include>Custom_Overlay_Debug_coords2</include>
				<textcolor>FF0000FF</textcolor>
				<shadowcolor>FF000000</shadowcolor>
				<font>font13</font>
				<align>left</align>
				<label>MyPics.xml $INFO[Container.Viewmode,(,]$INFO[Container.SortMethod, &#8226; ,]$INFO[Container.SortOrder, &#8226; ,)]</label>
				<visible>Window.IsVisible(MyPics.xml)</visible>
			</control>
			
			<control type="fadelabel">
				<include>Custom_Overlay_Debug_coords2</include>
				<textcolor>FF0000FF</textcolor>
				<shadowcolor>FF000000</shadowcolor>
				<font>font13</font>
				<align>left</align>
				<label>MyPlaylist.xml $INFO[Container.Viewmode,(,]$INFO[Container.SortMethod, &#8226; ,]$INFO[Container.SortOrder, &#8226; ,)]</label>
				<visible>Window.IsVisible(MyPlaylist.xml)</visible>
			</control>

			<control type="fadelabel">
				<include>Custom_Overlay_Debug_coords2</include>
				<textcolor>FF0000FF</textcolor>
				<shadowcolor>FF000000</shadowcolor>
				<font>font13</font>
				<align>left</align>
				<label>MyPrograms.xml $INFO[Container.Viewmode,(,]$INFO[Container.SortMethod, &#8226; ,]$INFO[Container.SortOrder, &#8226; ,)]</label>
				<visible>Window.IsVisible(MyPrograms.xml)</visible>
			</control>

			<control type="fadelabel">
				<include>Custom_Overlay_Debug_coords2</include>
				<textcolor>FF0000FF</textcolor>
				<shadowcolor>FF000000</shadowcolor>
				<font>font13</font>
				<align>left</align>
				<label>MyPVRChannels.xml $INFO[Container.Viewmode,(,]$INFO[Container.SortMethod, &#8226; ,]$INFO[Container.SortOrder, &#8226; ,)]</label>
				<visible>Window.IsVisible(MyPVRChannels.xml)</visible>
			</control>

			<control type="fadelabel">
				<include>Custom_Overlay_Debug_coords2</include>
				<textcolor>FF0000FF</textcolor>
				<shadowcolor>FF000000</shadowcolor>
				<font>font13</font>
				<align>left</align>
				<label>MyPVRGuide.xml $INFO[Container.Viewmode,(,]$INFO[Container.SortMethod, &#8226; ,]$INFO[Container.SortOrder, &#8226; ,)]</label>
				<visible>Window.IsVisible(MyPVRGuide.xml)</visible>
			</control>

			<control type="fadelabel">
				<include>Custom_Overlay_Debug_coords2</include>
				<textcolor>FF0000FF</textcolor>
				<shadowcolor>FF000000</shadowcolor>
				<font>font13</font>
				<align>left</align>
				<label>MyPVRRecordings.xml $INFO[Container.Viewmode,(,]$INFO[Container.SortMethod, &#8226; ,]$INFO[Container.SortOrder, &#8226; ,)]</label>
				<visible>Window.IsVisible(MyPVRRecordings.xml)</visible>
			</control>

			<control type="fadelabel">
				<include>Custom_Overlay_Debug_coords2</include>
				<textcolor>FF0000FF</textcolor>
				<shadowcolor>FF000000</shadowcolor>
				<font>font13</font>
				<align>left</align>
				<label>MyPVRSearch.xml $INFO[Container.Viewmode,(,]$INFO[Container.SortMethod, &#8226; ,]$INFO[Container.SortOrder, &#8226; ,)]</label>
				<visible>Window.IsVisible(MyPVRSearch.xml)</visible>
			</control>

			<control type="fadelabel">
				<include>Custom_Overlay_Debug_coords2</include>
				<textcolor>FF0000FF</textcolor>
				<shadowcolor>FF000000</shadowcolor>
				<font>font13</font>
				<align>left</align>
				<label>MyPVRTimers.xml $INFO[Container.Viewmode,(,]$INFO[Container.SortMethod, &#8226; ,]$INFO[Container.SortOrder, &#8226; ,)]</label>
				<visible>Window.IsVisible(MyPVRTimers.xml)</visible>
			</control>

			<control type="fadelabel">
				<include>Custom_Overlay_Debug_coords2</include>
				<textcolor>FF0000FF</textcolor>
				<shadowcolor>FF000000</shadowcolor>
				<font>font13</font>
				<align>left</align>
				<label>MyVideoNav.xml $INFO[Container.Viewmode,(,]$INFO[Container.SortMethod, &#8226; ,]$INFO[Container.SortOrder, &#8226; ,)]</label>
				<visible>Window.IsVisible(MyVideoNav.xml)</visible>
			</control>

			<control type="fadelabel">
				<include>Custom_Overlay_Debug_coords2</include>
				<textcolor>FF0000FF</textcolor>
				<shadowcolor>FF000000</shadowcolor>
				<font>font13</font>
				<align>left</align>
				<label>MyWeather.xml $INFO[Container.Viewmode,(,]$INFO[Container.SortMethod, &#8226; ,]$INFO[Container.SortOrder, &#8226; ,)]</label>
				<visible>Window.IsVisible(MyWeather.xml)</visible>
			</control>

			<control type="fadelabel">
				<include>Custom_Overlay_Debug_coords2</include>
				<textcolor>FF0000FF</textcolor>
				<shadowcolor>FF000000</shadowcolor>
				<font>font13</font>
				<align>left</align>
				<label>Settings.xml $INFO[Container.Viewmode,(,]$INFO[Container.SortMethod, &#8226; ,]$INFO[Container.SortOrder, &#8226; ,)]</label>
				<visible>Window.IsVisible(Settings.xml)</visible>
			</control>

			<control type="fadelabel">
				<include>Custom_Overlay_Debug_coords2</include>
				<textcolor>FF0000FF</textcolor>
				<shadowcolor>FF000000</shadowcolor>
				<font>font13</font>
				<align>left</align>
				<label>SettingsCategory.xml $INFO[Container.Viewmode,(,]$INFO[Container.SortMethod, &#8226; ,]$INFO[Container.SortOrder, &#8226; ,)]</label>
				<visible>Window.IsVisible(SettingsCategory.xml)</visible>
			</control>

			<control type="fadelabel">
				<include>Custom_Overlay_Debug_coords2</include>
				<textcolor>FF0000FF</textcolor>
				<shadowcolor>FF000000</shadowcolor>
				<font>font13</font>
				<align>left</align>
				<label>SettingsProfile.xml $INFO[Container.Viewmode,(,]$INFO[Container.SortMethod, &#8226; ,]$INFO[Container.SortOrder, &#8226; ,)]</label>
				<visible>Window.IsVisible(SettingsProfile.xml)</visible>
			</control>
			
			<control type="fadelabel">
				<include>Custom_Overlay_Debug_coords2</include>
				<textcolor>FF0000FF</textcolor>
				<shadowcolor>FF000000</shadowcolor>
				<font>font13</font>
				<align>left</align>
				<label>SettingsScreenCalibration.xml $INFO[Container.Viewmode,(,]$INFO[Container.SortMethod, &#8226; ,]$INFO[Container.SortOrder, &#8226; ,)]</label>
				<visible>Window.IsVisible(SettingsScreenCalibration.xml)</visible>
			</control>
			
			<control type="fadelabel">
				<include>Custom_Overlay_Debug_coords2</include>
				<textcolor>FF0000FF</textcolor>
				<shadowcolor>FF000000</shadowcolor>
				<font>font13</font>
				<align>left</align>
				<label>SettingsSystemInfo.xml $INFO[Container.Viewmode,(,]$INFO[Container.SortMethod, &#8226; ,]$INFO[Container.SortOrder, &#8226; ,)]</label>
				<visible>Window.IsVisible(SettingsSystemInfo.xml)</visible>
			</control>

			<control type="fadelabel">
				<include>Custom_Overlay_Debug_coords2</include>
				<textcolor>FF0000FF</textcolor>
				<shadowcolor>FF000000</shadowcolor>
				<font>font13</font>
				<align>left</align>
				<label>SkinSettings.xml $INFO[Container.Viewmode,(,]$INFO[Container.SortMethod, &#8226; ,]$INFO[Container.SortOrder, &#8226; ,)]</label>
				<visible>Window.IsVisible(SkinSettings.xml)</visible>
			</control>

			<control type="fadelabel">
				<include>Custom_Overlay_Debug_coords2</include>
				<textcolor>FF0000FF</textcolor>
				<shadowcolor>FF000000</shadowcolor>
				<font>font13</font>
				<align>left</align>
				<label>VideoFullScreen.xml $INFO[Container.Viewmode,(,]$INFO[Container.SortMethod, &#8226; ,]$INFO[Container.SortOrder, &#8226; ,)]</label>
				<visible>Window.IsVisible(VideoFullScreen.xml)</visible>
			</control>

			<!-- Dialog labels -->
			<control type="fadelabel">
				<include>Custom_Overlay_Debug_coords2</include>
				<textcolor>FFFF0000</textcolor>
				<shadowcolor>FF000000</shadowcolor>
				<font>font13</font>
				<align>left</align>
				<label>Custom_AutoMusicVis.xml</label>
				<visible>Window.IsVisible(1115)</visible>
			</control>
			
			<control type="fadelabel">
				<include>Custom_Overlay_Debug_coords2</include>
				<textcolor>FFFF0000</textcolor>
				<shadowcolor>FF000000</shadowcolor>
				<font>font13</font>
				<align>left</align>
				<label>Custom_Backup.xml</label>
				<visible>Window.IsVisible(1104)</visible>
			</control>
			
			<control type="fadelabel">
				<include>Custom_Overlay_Debug_coords2</include>
				<textcolor>FFFF0000</textcolor>
				<shadowcolor>FF000000</shadowcolor>
				<font>font13</font>
				<align>left</align>
				<label>Custom_Cache_Progress.xml</label>
				<visible>Window.IsVisible(1100)</visible>
			</control>
			
			<control type="fadelabel">
				<include>Custom_Overlay_Debug_coords2</include>
				<textcolor>FFFF0000</textcolor>
				<shadowcolor>FF000000</shadowcolor>
				<font>font13</font>
				<align>left</align>
				<label>Custom_Confirm_Reset_Skin_Settings.xml</label>
				<visible>Window.IsVisible(1107)</visible>
			</control>
			
			<control type="fadelabel">
				<include>Custom_Overlay_Debug_coords2</include>
				<textcolor>FFFF0000</textcolor>
				<shadowcolor>FF000000</shadowcolor>
				<font>font13</font>
				<align>left</align>
				<label>Custom_Customization.xml</label>
				<visible>Window.IsVisible(1103)</visible>
			</control>
			
			<control type="fadelabel">
				<include>Custom_Overlay_Debug_coords2</include>
				<textcolor>FFFF0000</textcolor>
				<shadowcolor>FF000000</shadowcolor>
				<font>font13</font>
				<align>left</align>
				<label>Custom_DialogMasking.xml</label>
				<visible>Window.IsVisible(1105)</visible>
			</control>
			
			<control type="fadelabel">
				<include>Custom_Overlay_Debug_coords2</include>
				<textcolor>FFFF0000</textcolor>
				<shadowcolor>FF000000</shadowcolor>
				<font>font13</font>
				<align>left</align>
				<label>Custom_Disabled_Add-on.xml</label>
				<visible>Window.IsVisible(1102)</visible>
			</control>
			
			<control type="fadelabel">
				<include>Custom_Overlay_Debug_coords2</include>
				<textcolor>FFFF0000</textcolor>
				<shadowcolor>FF000000</shadowcolor>
				<font>font13</font>
				<align>left</align>
				<label>Custom_Skin_Shortcuts_Help.xml</label>
				<visible>Window.IsVisible(1106)</visible>
			</control>
			
			<control type="fadelabel">
				<include>Custom_Overlay_Debug_coords2</include>
				<textcolor>FFFF0000</textcolor>
				<shadowcolor>FF000000</shadowcolor>
				<font>font13</font>
				<align>left</align>
				<label>Custom_Welcome.xml</label>
				<visible>Window.IsVisible(1101)</visible>
			</control>
			
			<control type="fadelabel">
				<include>Custom_Overlay_Debug_coords2</include>
				<textcolor>FFFF0000</textcolor>
				<shadowcolor>FF000000</shadowcolor>
				<font>font13</font>
				<align>left</align>
				<label>DialogAddonInfo.xml</label>
				<visible>Window.IsVisible(DialogAddonInfo.xml)</visible>
			</control>

			<control type="fadelabel">
				<include>Custom_Overlay_Debug_coords2</include>
				<textcolor>FFFF0000</textcolor>
				<shadowcolor>FF000000</shadowcolor>
				<font>font13</font>
				<align>left</align>
				<label>DialogAddonSettings.xml</label>
				<visible>Window.IsVisible(DialogAddonSettings.xml)</visible>
			</control>

			<control type="fadelabel">
				<include>Custom_Overlay_Debug_coords2</include>
				<textcolor>FFFF0000</textcolor>
				<shadowcolor>FF000000</shadowcolor>
				<font>font13</font>
				<align>left</align>
				<label>DialogBusy.xml</label>
				<visible>Window.IsVisible(DialogBusy.xml)</visible>
			</control>

			<control type="fadelabel">
				<include>Custom_Overlay_Debug_coords2</include>
				<textcolor>FFFF0000</textcolor>
				<shadowcolor>FF000000</shadowcolor>
				<font>font13</font>
				<align>left</align>
				<label>DialogButtonMenu.xml</label>
				<visible>Window.IsVisible(DialogButtonMenu.xml)</visible>
			</control>
			
			<control type="fadelabel">
				<include>Custom_Overlay_Debug_coords2</include>
				<textcolor>FFFF0000</textcolor>
				<shadowcolor>FF000000</shadowcolor>
				<font>font13</font>
				<align>left</align>
				<label>DialogConfirm.xml</label>
				<visible>Window.IsVisible(DialogConfirm.xml)</visible>
			</control>

			<control type="fadelabel">
				<include>Custom_Overlay_Debug_coords2</include>
				<textcolor>FFFF0000</textcolor>
				<shadowcolor>FF000000</shadowcolor>
				<font>font13</font>
				<align>left</align>
				<label>DialogContextMenu.xml</label>
				<visible>Window.IsVisible(DialogContextMenu.xml)</visible>
			</control>

			<control type="fadelabel">
				<include>Custom_Overlay_Debug_coords2</include>
				<textcolor>FFFF0000</textcolor>
				<shadowcolor>FF000000</shadowcolor>
				<font>font13</font>
				<align>left</align>
				<label>DialogExtendedProgressBar.xml</label>
				<visible>Window.IsVisible(DialogExtendedProgressBar.xml)</visible>
			</control>

			<control type="fadelabel">
				<include>Custom_Overlay_Debug_coords2</include>
				<textcolor>FFFF0000</textcolor>
				<shadowcolor>FF000000</shadowcolor>
				<font>font13</font>
				<align>left</align>
				<label>DialogFavourites.xml</label>
				<visible>Window.IsVisible(DialogFavourites.xml)</visible>
			</control>

			<control type="fadelabel">
				<include>Custom_Overlay_Debug_coords2</include>
				<textcolor>FFFF0000</textcolor>
				<shadowcolor>FF000000</shadowcolor>
				<font>font13</font>
				<align>left</align>
				<label>DialogFullScreenInfo.xml</label>
				<visible>Window.IsVisible(DialogFullScreenInfo.xml)</visible>
			</control>

			<control type="fadelabel">
				<include>Custom_Overlay_Debug_coords2</include>
				<textcolor>FFFF0000</textcolor>
				<shadowcolor>FF000000</shadowcolor>
				<font>font13</font>
				<align>left</align>
				<label>DialogGameControllers.xml</label>
				<visible>Window.IsVisible(DialogGameControllers.xml)</visible>
			</control>
			
			<control type="fadelabel">
				<include>Custom_Overlay_Debug_coords2</include>
				<textcolor>FFFF0000</textcolor>
				<shadowcolor>FF000000</shadowcolor>
				<font>font13</font>
				<align>left</align>
				<label>DialogKeyboard.xml</label>
				<visible>Window.IsVisible(DialogKeyboard.xml)</visible>
			</control>

			<control type="fadelabel">
				<include>Custom_Overlay_Debug_coords2</include>
				<textcolor>FFFF0000</textcolor>
				<shadowcolor>FF000000</shadowcolor>
				<font>font13</font>
				<align>left</align>
				<label>DialogMediaSource.xml</label>
				<visible>Window.IsVisible(DialogMediaSource.xml)</visible>
			</control>

			<control type="fadelabel">
				<include>Custom_Overlay_Debug_coords2</include>
				<textcolor>FFFF0000</textcolor>
				<shadowcolor>FF000000</shadowcolor>
				<font>font13</font>
				<align>left</align>
				<label>DialogMusicInfo.xml</label>
				<visible>Window.IsVisible(DialogMusicInfo.xml)</visible>
			</control>
			
			<control type="fadelabel">
				<include>Custom_Overlay_Debug_coords2</include>
				<textcolor>FFFF0000</textcolor>
				<shadowcolor>FF000000</shadowcolor>
				<font>font13</font>
				<align>left</align>
				<label>DialogNotification.xml</label>
				<visible>Window.IsVisible(DialogNotification.xml)</visible>
			</control>

			<control type="fadelabel">
				<include>Custom_Overlay_Debug_coords2</include>
				<textcolor>FFFF0000</textcolor>
				<shadowcolor>FF000000</shadowcolor>
				<font>font13</font>
				<align>left</align>
				<label>DialogNumeric.xml</label>
				<visible>Window.IsVisible(DialogNumeric.xml)</visible>
			</control>

			<control type="fadelabel">
				<include>Custom_Overlay_Debug_coords2</include>
				<textcolor>FFFF0000</textcolor>
				<shadowcolor>FF000000</shadowcolor>
				<font>font13</font>
				<align>left</align>
				<label>DialogPictureInfo.xml</label>
				<visible>Window.IsVisible(DialogPictureInfo.xml)</visible>
			</control>

			<control type="fadelabel">
				<include>Custom_Overlay_Debug_coords2</include>
				<textcolor>FFFF0000</textcolor>
				<shadowcolor>FF000000</shadowcolor>
				<font>font13</font>
				<align>left</align>
				<label>DialogPlayerProcessInfo.xml</label>
				<visible>Window.IsVisible(DialogPlayerProcessInfo.xml)</visible>
			</control>

			<control type="fadelabel">
				<include>Custom_Overlay_Debug_coords2</include>
				<textcolor>FFFF0000</textcolor>
				<shadowcolor>FF000000</shadowcolor>
				<font>font13</font>
				<align>left</align>
				<label>DialogPVRChannelGuide.xml</label>
				<visible>Window.IsVisible(DialogPVRChannelGuide.xml)</visible>
			</control>
			
			<control type="fadelabel">
				<include>Custom_Overlay_Debug_coords2</include>
				<textcolor>FFFF0000</textcolor>
				<shadowcolor>FF000000</shadowcolor>
				<font>font13</font>
				<align>left</align>
				<label>DialogPVRChannelManager.xml</label>
				<visible>Window.IsVisible(DialogPVRChannelManager.xml)</visible>
			</control>

			<control type="fadelabel">
				<include>Custom_Overlay_Debug_coords2</include>
				<textcolor>FFFF0000</textcolor>
				<shadowcolor>FF000000</shadowcolor>
				<font>font13</font>
				<align>left</align>
				<label>DialogPVRChannelsOSD.xml</label>
				<visible>Window.IsVisible(DialogPVRChannelsOSD.xml)</visible>
			</control>
			
			<control type="fadelabel">
				<include>Custom_Overlay_Debug_coords2</include>
				<textcolor>FFFF0000</textcolor>
				<shadowcolor>FF000000</shadowcolor>
				<font>font13</font>
				<align>left</align>
				<label>DialogPVRGroupManager.xml</label>
				<visible>Window.IsVisible(DialogPVRGroupManager.xml)</visible>
			</control>

			<control type="fadelabel">
				<include>Custom_Overlay_Debug_coords2</include>
				<textcolor>FFFF0000</textcolor>
				<shadowcolor>FF000000</shadowcolor>
				<font>font13</font>
				<align>left</align>
				<label>DialogPVRGuideSearch.xml</label>
				<visible>Window.IsVisible(DialogPVRGuideSearch.xml)</visible>
			</control>

			<control type="fadelabel">
				<include>Custom_Overlay_Debug_coords2</include>
				<textcolor>FFFF0000</textcolor>
				<shadowcolor>FF000000</shadowcolor>
				<font>font13</font>
				<align>left</align>
				<label>DialogPVRInfo.xml</label>
				<visible>Window.IsVisible(DialogPVRInfo.xml)</visible>
			</control>

			<control type="fadelabel">
				<include>Custom_Overlay_Debug_coords2</include>
				<textcolor>FFFF0000</textcolor>
				<shadowcolor>FF000000</shadowcolor>
				<font>font13</font>
				<align>left</align>
				<label>DialogSeekbar.xml</label>
				<visible>Window.IsVisible(DialogSeekbar.xml)</visible>
			</control>

			<control type="fadelabel">
				<include>Custom_Overlay_Debug_coords2</include>
				<textcolor>FFFF0000</textcolor>
				<shadowcolor>FF000000</shadowcolor>
				<font>font13</font>
				<align>left</align>
				<label>DialogSelect.xml</label>
				<visible>Window.IsVisible(DialogSelect.xml)</visible>
			</control>
			
			<control type="fadelabel">
				<include>Custom_Overlay_Debug_coords2</include>
				<textcolor>FFFF0000</textcolor>
				<shadowcolor>FF000000</shadowcolor>
				<font>font13</font>
				<align>left</align>
				<label>DialogSettings.xml</label>
				<visible>Window.IsVisible(DialogSettings.xml)</visible>
			</control>

			<control type="fadelabel">
				<include>Custom_Overlay_Debug_coords2</include>
				<textcolor>FFFF0000</textcolor>
				<shadowcolor>FF000000</shadowcolor>
				<font>font13</font>
				<align>left</align>
				<label>DialogSlider.xml</label>
				<visible>Window.IsVisible(DialogSlider.xml)</visible>
			</control>

			<control type="fadelabel">
				<include>Custom_Overlay_Debug_coords2</include>
				<textcolor>FFFF0000</textcolor>
				<shadowcolor>FF000000</shadowcolor>
				<font>font13</font>
				<align>left</align>
				<label>DialogSubtitles.xml</label>
				<visible>Window.IsVisible(DialogSubtitles.xml)</visible>
			</control>

			<control type="fadelabel">
				<include>Custom_Overlay_Debug_coords2</include>
				<textcolor>FFFF0000</textcolor>
				<shadowcolor>FF000000</shadowcolor>
				<font>font13</font>
				<align>left</align>
				<label>DialogTextViewer.xml</label>
				<visible>Window.IsVisible(DialogTextViewer.xml)</visible>
			</control>
			
			<control type="fadelabel">
				<include>Custom_Overlay_Debug_coords2</include>
				<textcolor>FFFF0000</textcolor>
				<shadowcolor>FF000000</shadowcolor>
				<font>font13</font>
				<align>left</align>
				<label>DialogVideoInfo.xml</label>
				<visible>Window.IsVisible(DialogVideoInfo.xml)</visible>
			</control>

			<control type="fadelabel">
				<include>Custom_Overlay_Debug_coords2</include>
				<textcolor>FFFF0000</textcolor>
				<shadowcolor>FF000000</shadowcolor>
				<font>font13</font>
				<align>left</align>
				<label>DialogVolumeBar.xml</label>
				<visible>Window.IsVisible(DialogVolumeBar.xml)</visible>
			</control>

			<control type="fadelabel">
				<include>Custom_Overlay_Debug_coords2</include>
				<textcolor>FFFF0000</textcolor>
				<shadowcolor>FF000000</shadowcolor>
				<font>font13</font>
				<align>left</align>
				<label>FileBrowser.xml</label>
				<visible>Window.IsVisible(FileBrowser.xml)</visible>
			</control>

			<control type="fadelabel">
				<include>Custom_Overlay_Debug_coords2</include>
				<textcolor>FFFF0000</textcolor>
				<shadowcolor>FF000000</shadowcolor>
				<font>font13</font>
				<align>left</align>
				<label>GameOSD.xml</label>
				<visible>Window.IsVisible(GameOSD.xml)</visible>
			</control>

			<control type="fadelabel">
				<include>Custom_Overlay_Debug_coords2</include>
				<textcolor>FFFF0000</textcolor>
				<shadowcolor>FF000000</shadowcolor>
				<font>font13</font>
				<align>left</align>
				<label>MusicOSD.xml</label>
				<visible>Window.IsVisible(MusicOSD.xml)</visible>
			</control>

			<control type="fadelabel">
				<include>Custom_Overlay_Debug_coords2</include>
				<textcolor>FFFF0000</textcolor>
				<shadowcolor>FF000000</shadowcolor>
				<font>font13</font>
				<align>left</align>
				<label>PlayerControls.xml</label>
				<visible>Window.IsVisible(PlayerControls.xml)</visible>
			</control>
			
			<control type="fadelabel">
				<include>Custom_Overlay_Debug_coords2</include>
				<textcolor>FFFF0000</textcolor>
				<shadowcolor>FF000000</shadowcolor>
				<font>font13</font>
				<align>left</align>
				<label>Pointer.xml</label>
				<visible>Window.IsVisible(Pointer.xml)</visible>
			</control>
			
			<control type="fadelabel">
				<include>Custom_Overlay_Debug_coords2</include>
				<textcolor>FFFF0000</textcolor>
				<shadowcolor>FF000000</shadowcolor>
				<font>font13</font>
				<align>left</align>
				<label>script-skin_helper_service-ColorPicker.xml</label>
				<visible>String.IsEqual(Window(10000).Property(scriptdialog),script-skin_helper_service-ColorPicker.xml)</visible>
			</control>
			
			<control type="fadelabel">
				<include>Custom_Overlay_Debug_coords2</include>
				<textcolor>FFFF0000</textcolor>
				<shadowcolor>FF000000</shadowcolor>
				<font>font13</font>
				<align>left</align>
				<label>script-skinshortcuts.xml</label>
				<visible>String.IsEqual(Window(10000).Property(scriptdialog),script-skinshortcuts.xml)</visible>
			</control>
			
			<control type="fadelabel">
				<include>Custom_Overlay_Debug_coords2</include>
				<textcolor>FFFF0000</textcolor>
				<shadowcolor>FF000000</shadowcolor>
				<font>font13</font>
				<align>left</align>
				<label>script-upnext-stillwatching.xml</label>
				<visible>String.IsEqual(Window(10000).Property(scriptdialog),script-upnext-stillwatching.xml)</visible>
			</control>
			
			<control type="fadelabel">
				<include>Custom_Overlay_Debug_coords2</include>
				<textcolor>FFFF0000</textcolor>
				<shadowcolor>FF000000</shadowcolor>
				<font>font13</font>
				<align>left</align>
				<label>script-upnext-stillwatching-simple.xml</label>
				<visible>String.IsEqual(Window(10000).Property(scriptdialog),script-upnext-stillwatching-simple.xml)</visible>
			</control>
			
			<control type="fadelabel">
				<include>Custom_Overlay_Debug_coords2</include>
				<textcolor>FFFF0000</textcolor>
				<shadowcolor>FF000000</shadowcolor>
				<font>font13</font>
				<align>left</align>
				<label>script-upnext-upnext.xml</label>
				<visible>String.IsEqual(Window(10000).Property(scriptdialog),script-upnext-upnext.xml)</visible>
			</control>
			
			<control type="fadelabel">
				<include>Custom_Overlay_Debug_coords2</include>
				<textcolor>FFFF0000</textcolor>
				<shadowcolor>FF000000</shadowcolor>
				<font>font13</font>
				<align>left</align>
				<label>script-upnext-upnext-simple.xml</label>
				<visible>String.IsEqual(Window(10000).Property(scriptdialog),script-upnext-upnext-simple.xml)</visible>
			</control>

			<control type="fadelabel">
				<include>Custom_Overlay_Debug_coords2</include>
				<textcolor>FFFF0000</textcolor>
				<shadowcolor>FF000000</shadowcolor>
				<font>font13</font>
				<align>left</align>
				<label>SlideShow.xml</label>
				<visible>Window.IsVisible(SlideShow.xml)</visible>
			</control>

			<control type="fadelabel">
				<include>Custom_Overlay_Debug_coords2</include>
				<textcolor>FFFF0000</textcolor>
				<shadowcolor>FF000000</shadowcolor>
				<font>font13</font>
				<align>left</align>
				<label>SmartPlaylistEditor.xml</label>
				<visible>Window.IsVisible(SmartPlaylistEditor.xml)</visible>
			</control>

			<control type="fadelabel">
				<include>Custom_Overlay_Debug_coords2</include>
				<textcolor>FFFF0000</textcolor>
				<shadowcolor>FF000000</shadowcolor>
				<font>font13</font>
				<align>left</align>
				<label>SmartPlaylistRule.xml</label>
				<visible>Window.IsVisible(SmartPlaylistRule.xml)</visible>
			</control>

			<control type="fadelabel">
				<include>Custom_Overlay_Debug_coords2</include>
				<textcolor>FFFF0000</textcolor>
				<shadowcolor>FF000000</shadowcolor>
				<font>font13</font>
				<align>left</align>
				<label>VideoOSD.xml</label>
				<visible>Window.IsVisible(VideoOSD.xml)</visible>
			</control>

			<control type="fadelabel">
				<include>Custom_Overlay_Debug_coords2</include>
				<textcolor>FFFF0000</textcolor>
				<shadowcolor>FF000000</shadowcolor>
				<font>font13</font>
				<align>left</align>
				<label>VideoOSDBookmarks.xml</label>
				<visible>Window.IsVisible(VideoOSDBookmarks.xml)</visible>
			</control>

			<control type="fadelabel">
				<include>Custom_Overlay_Debug_coords2</include>
				<textcolor>FFFF0000</textcolor>
				<shadowcolor>FF000000</shadowcolor>
				<font>font13</font>
				<align>left</align>
				<label>VideoOSDSettings.xml</label>
				<visible>Window.IsVisible(VideoOSDSettings.xml)</visible>
			</control>

			<control type="fadelabel">
				<include>Custom_Overlay_Debug_coords2</include>
				<textcolor>FFFF0000</textcolor>
				<shadowcolor>FF000000</shadowcolor>
				<font>font13</font>
				<align>left</align>
				<label>VisualisationPresetList.xml</label>
				<visible>Window.IsVisible(VisualisationPresetList.xml)</visible>
			</control>

		</control>
		
		<control type="grouplist">
			<include>Custom_Overlay_Debug_coords3</include>
			<itemgap>12</itemgap>
			<visible>Skin.HasSetting(DebugInfo)</visible>

			<!-- Control label -->
			<control type="fadelabel">
				<include>Custom_Overlay_Debug_coords2</include>
				<textcolor>FF0000FF</textcolor>
				<shadowcolor>FF000000</shadowcolor>
				<font>font13</font>
				<align>right</align>
				<label>$INFO[System.CurrentControl]$INFO[System.CurrentControlID, (,)]$INFO[Container.Content, &#8226; ,]$INFO[Container.CurrentItem, (,)]$INFO[ListItem.DBID, &#8226; DBID: ,]</label>
				<visible>!String.IsEmpty(System.CurrentControl)</visible>
			</control>

			<!-- Path label -->
			<control type="fadelabel">
				<include>Custom_Overlay_Debug_coords2</include>
				<textcolor>FFFF0000</textcolor>
				<shadowcolor>FF000000</shadowcolor>
				<font>font13</font>
				<align>right</align>
				<label>[COLOR=FF00FF00]$INFO[Container.FolderName,, &#8226; ][/COLOR]$INFO[Container.FolderPath]</label>
				<visible>!String.IsEmpty(Container.FolderName)</visible>
			</control>
			
			<!-- Aspect ratio label -->
			<control type="fadelabel">
				<include>Custom_Overlay_Debug_coords2</include>
				<textcolor>FF0000FF</textcolor>
				<shadowcolor>FF000000</shadowcolor>
				<font>font13</font>
				<align>right</align>
				<label>$INFO[Skin.AspectRatio]</label>
				<visible>!String.IsEmpty(Skin.AspectRatio)</visible>
			</control>
			
		</control>

	</controls>

</window>