<?xml version="1.0" encoding="UTF-8"?>
<window>
	<!-- pvrguideinfo -->
	<defaultcontrol always="true">9000</defaultcontrol>
	<include content="WindowDialogFocus">
		<param name="id">9000</param>
	</include>
	<onload condition="Window.IsVisible(10600) + !String.IsEmpty(Window(10600).Property(description))">ClearProperty(description,10600)</onload>
	<onload condition="Window.IsVisible(10601) + !String.IsEmpty(Window(10601).Property(description))">ClearProperty(description,10601)</onload>
	<onunload condition="Window.IsVisible(10600)">ClearProperty(description,10600)</onunload>
	<onunload condition="Window.IsVisible(10601)">ClearProperty(description,10601)</onunload>
	
	<!-- Textbox scroll reset -->
	<include>10600ResetScroll</include>
	
	<controls>

		<!-- Dialog fanart -->
		<include>DialogBackgroundImage</include>

		<control type="group">
			<include>DialogDepth</include>

			<!-- Animation -->
			<include>DialogZoomAnimation</include>
			
			<!-- Heading -->
			<include content="Time">
				<param name="heading">$INFO[ListItem.Title]$INFO[ListItem.Year,[LIGHT] (,)[/LIGHT]]</param>
				<param name="secondary">False</param>
			</include>
			
			<!-- TV image -->
			<control type="image">
				<include>DialogPVRInfo_coords1</include>
				<texture background="true" fallback="DefaultLiveTV.png">$VAR[PVRChannelIcon]</texture>
				<colordiffuse>$VAR[OverlayColorFO]</colordiffuse>
				<aspectratio align="center" aligny="center">keep</aspectratio>
				<visible>!Window.Property(IsRadio)</visible>
			</control>
			
			<!-- Radio image -->
			<control type="image">
				<include>DialogPVRInfo_coords1</include>
				<texture background="true" fallback="DefaultRadio.png">$VAR[PVRChannelIcon]</texture>
				<colordiffuse>$VAR[OverlayColorFO]</colordiffuse>
				<aspectratio align="center" aligny="center">keep</aspectratio>
				<visible>Window.Property(IsRadio)</visible>
			</control>

			<!-- Info -->
			<control type="group">
				<include>DialogPVRInfo_coords3</include>

				<!-- Details -->
				<control type="grouplist">
					<include>DialogPVRInfo_coords4</include>
					<itemgap>12</itemgap>
					<orientation>vertical</orientation>
					<usecontrolcoords>true</usecontrolcoords>
					<visible>[Window.IsVisible(10600) + [String.IsEmpty(Window(10600).Property(description)) + String.IsEqual(Skin.String(infodialogfirstpage),Details) | !String.IsEmpty(Window(10600).Property(description)) + String.IsEqual(Skin.String(infodialogfirstpage),Description) | String.IsEmpty(Window(10600).Property(description)) + String.IsEqual(Skin.String(infodialogfirstpage),Description) + String.IsEmpty(ListItem.Plot)]] | [Window.IsVisible(10601) + [String.IsEmpty(Window(10601).Property(description)) + String.IsEqual(Skin.String(infodialogfirstpage),Details) | !String.IsEmpty(Window(10601).Property(description)) + String.IsEqual(Skin.String(infodialogfirstpage),Description) | String.IsEmpty(Window(10601).Property(description)) + String.IsEqual(Skin.String(infodialogfirstpage),Description) + String.IsEmpty(ListItem.Plot)]]</visible>
					<include>VisibleFadeAnimation</include>
					
					<!-- Channel Name -->
					<control type="group">
						<include>DialogPVRInfo_coords5</include>
						<visible>!String.IsEmpty(ListItem.ChannelName)</visible>
						<control type="fadelabel">
							<include>DialogPVRInfo_coords6</include>
							<align>right</align>
							<font>Font36</font>
							<label>$LOCALIZE[19148]</label>
							<textcolor>$VAR[TextColorNF]</textcolor>
						</control>
						<control type="fadelabel">
							<include>DialogPVRInfo_coords7</include>
							<font>Font36</font>
							<label>$INFO[ListItem.ChannelName]$INFO[ListItem.ChannelNumberLabel, (,)]</label>
							<textcolor>$VAR[TextColorFO]</textcolor>
						</control>
					</control>

					<!-- Genre -->
					<control type="group">
						<include>DialogPVRInfo_coords5</include>
						<visible>!String.IsEmpty(ListItem.Genre)</visible>
						<control type="fadelabel">
							<include>DialogPVRInfo_coords6</include>
							<align>right</align>
							<font>Font36</font>
							<label>$LOCALIZE[515]</label>
							<textcolor>$VAR[TextColorNF]</textcolor>
						</control>
						<control type="fadelabel">
							<include>DialogPVRInfo_coords7</include>
							<font>Font36</font>
							<label>$INFO[ListItem.Genre]</label>
							<textcolor>$VAR[TextColorFO]</textcolor>
						</control>
					</control>

					<!-- Time description -->
					<control type="group">
						<include>DialogPVRInfo_coords5</include>
						<control type="fadelabel">
							<include>DialogPVRInfo_coords6</include>
							<align>right</align>
							<font>Font36</font>
							<label>$LOCALIZE[555]</label>
							<textcolor>$VAR[TextColorNF]</textcolor>
						</control>
						<control type="fadelabel">
							<include>DialogPVRInfo_coords7</include>
							<font>Font36</font>
							<label>$INFO[ListItem.StartTime] - $INFO[ListItem.EndTime] ($INFO[ListItem.StartDate])</label>
							<textcolor>$VAR[TextColorFO]</textcolor>
						</control>
					</control>
					
					<!-- First aired -->
					<control type="group">
						<include>DialogPVRInfo_coords5</include>
						<visible>!String.IsEmpty(ListItem.Premiered)</visible>
						<control type="fadelabel">
							<include>DialogPVRInfo_coords6</include>
							<align>right</align>
							<font>Font36</font>
							<label>$LOCALIZE[20416]</label>
							<textcolor>$VAR[TextColorNF]</textcolor>
						</control>
						<control type="fadelabel">
							<include>DialogPVRInfo_coords7</include>
							<font>Font36</font>
							<label>$INFO[ListItem.Premiered]</label>
							<textcolor>$VAR[TextColorFO]</textcolor>
						</control>
					</control>
					
					<!-- Comment -->
					<control type="group">
						<include>DialogPVRInfo_coords5</include>
						<visible>!String.IsEmpty(ListItem.Comment)</visible>
						<control type="fadelabel">
							<include>DialogPVRInfo_coords6</include>
							<align>right</align>
							<font>Font36</font>
							<label>569</label>
							<textcolor>$VAR[TextColorNF]</textcolor>
						</control>
						<control type="fadelabel">
							<include>DialogPVRInfo_coords7</include>
							<font>Font36</font>
							<label>$INFO[ListItem.Comment]</label>
							<textcolor>$VAR[TextColorFO]</textcolor>
						</control>
					</control>

					<!-- Duration -->
					<control type="group">
						<include>DialogPVRInfo_coords5</include>
						<visible>!String.IsEmpty(ListItem.Duration)</visible>
						<control type="fadelabel">
							<include>DialogPVRInfo_coords6</include>
							<align>right</align>
							<font>Font36</font>
							<label>$LOCALIZE[180]</label>
							<textcolor>$VAR[TextColorNF]</textcolor>
						</control>
						<control type="fadelabel">
							<include>DialogPVRInfo_coords7</include>
							<font>Font36</font>
							<label>$VAR[Duration]</label>
							<textcolor>$VAR[TextColorFO]</textcolor>
						</control>
					</control>

				</control>
				
			</control>
			
			<!-- Plot -->
			<control type="textbox" id="400">
				<include>DialogPVRInfo_coords8</include>
				<align>left</align>
				<font>Font36</font>
				<textcolor>$VAR[TextColorNF]</textcolor>
				<label>$INFO[ListItem.Plot]$INFO[Window(Home).Property(ResetScroll.10600)]</label>
				<autoscroll delay="10000" time="1700" repeat="12000">True</autoscroll>
				<visible>[Window.IsVisible(10600) + [!String.IsEmpty(Window(10600).Property(description)) + String.IsEqual(Skin.String(infodialogfirstpage),Details) | String.IsEmpty(Window(10600).Property(description)) + String.IsEqual(Skin.String(infodialogfirstpage),Description)] + !String.IsEmpty(ListItem.Plot)] | [Window.IsVisible(10601) + [!String.IsEmpty(Window(10601).Property(description)) + String.IsEqual(Skin.String(infodialogfirstpage),Details) | String.IsEmpty(Window(10601).Property(description)) + String.IsEqual(Skin.String(infodialogfirstpage),Description)] + !String.IsEmpty(ListItem.Plot)]</visible>
				<include>VisibleFadeAnimation</include>
			</control>

			<!-- Buttons -->
			<control type="grouplist" id="9000">
				<include>DialogButtons</include>
				<orientation>horizontal</orientation>
				<align>center</align>
				<itemgap>30</itemgap>
				<defaultcontrol always="true">0</defaultcontrol>

				<!-- Extended info Button -->
				<control type="togglebutton" id="14">
					<width>Auto</width>
					<label>33029</label>
					<altlabel>207</altlabel>
					<onclick condition="Window.IsVisible(10600) + String.IsEmpty(Window(10600).Property(description))">SetProperty(description,14115,10600)</onclick>
					<onclick condition="Window.IsVisible(10600) + !String.IsEmpty(Window(10600).Property(description))">ClearProperty(description,10600)</onclick>
					<onclick condition="Window.IsVisible(10601) + String.IsEmpty(Window(10601).Property(description))">SetProperty(description,14115,10601)</onclick>
					<onclick condition="Window.IsVisible(10601) + !String.IsEmpty(Window(10601).Property(description))">ClearProperty(description,10601)</onclick>
					<usealttexture>[Window.IsVisible(10600) + [String.IsEmpty(Window(10600).Property(description)) + String.IsEqual(Skin.String(infodialogfirstpage),Details) | !String.IsEmpty(Window(10600).Property(description)) + String.IsEqual(Skin.String(infodialogfirstpage),Description)] + !String.IsEmpty(ListItem.Plot)] | [Window.IsVisible(10601) + [String.IsEmpty(Window(10601).Property(description)) + String.IsEqual(Skin.String(infodialogfirstpage),Details) | !String.IsEmpty(Window(10601).Property(description)) + String.IsEqual(Skin.String(infodialogfirstpage),Description)] + !String.IsEmpty(ListItem.Plot)]</usealttexture>
					<visible>!String.IsEmpty(ListItem.Plot)</visible>
				</control>
				<!-- Find Similar -->
				<control type="button" id="4">
					<width>auto</width>
					<label>19003</label>
				</control>
				<!-- Switch to Channel -->
				<control type="button" id="5">
					<width>auto</width>
					<label>19165</label>
					<visible>Window.IsActive(PVRGuideInfo)</visible>
				</control>
				<!-- Play recorded programme -->
				<control type="button" id="10">
					<width>auto</width>
					<label>19190</label>
					<visible>Window.IsActive(PVRGuideInfo)</visible>
				</control>
				<!-- Record Button -->
				<control type="button" id="6">
					<width>auto</width>
					<label></label>
					<visible>Window.IsActive(PVRGuideInfo)</visible>
				</control>
				<!-- Play Recording Button -->
				<control type="button" id="8">
					<width>auto</width>
					<label>19687</label>
					<visible>Window.IsActive(PVRRecordingInfo)</visible>
				</control>
				<!-- Add Timer -->
				<control type="button" id="9">
					<width>auto</width>
					<label>19061</label>
					<visible>Window.IsActive(PVRGuideInfo)</visible>
				</control>
				<!-- Add Reminder -->
				<control type="button" id="11">
					<width>auto</width>
					<label>826</label>
					<visible>Window.IsActive(PVRGuideInfo)</visible>
				</control>

			</control>

		</control>

		<include>MaskingBars</include>

	</controls>

</window>