<?xml version="1.0" encoding="UTF-8"?>
<window>
	<!-- dialogsettings -->
	<defaultcontrol always="true">5</defaultcontrol>
	
	<!-- Textbox scroll reset -->
	<include>ResetScroll</include>

	<include condition="!Window.IsVisible(osdaudiosettings) + !Window.IsVisible(osdvideosettings) + !Window.IsVisible(osdsubtitlesettings)">DialogSettings_Default</include>
	<include condition="Window.IsVisible(osdaudiosettings) | Window.IsVisible(osdvideosettings) | Window.IsVisible(osdsubtitlesettings)">DialogSettings_OSD</include>

</window>