<?xml version="1.0" encoding="UTF-8"?>
<window>
	<!-- favourites -->
	<defaultcontrol always="true">450</defaultcontrol>
	
	<!-- Textbox scroll reset -->
	<include>ResetScroll</include>
	
	<!-- Sub menu menucontrol -->
	<include condition="!Skin.HasSetting(KioskMode)">SubMenuMenucontrol</include>
	
	<controls>
	
		<control type="group">
			<include>WindowFullscreenDialogFadeAnimation</include>
		
			<!-- Window Background -->
			<include>WindowBackgroundImageVertical</include>
			
			<!-- Time -->
			<include content="Time">
				<param name="heading">$LOCALIZE[1036]</param>
			</include>

			<!-- Main group -->
			<control type="group">
				<include>WindowFadeAnimation</include>

				<!-- Image -->
				<control type="image">
					<include>DialogFavourites_coords1</include>
					<texture>$INFO[Container(450).ListItem.Icon]</texture>
					<aspectratio aligny="center">keep</aspectratio>
					<visible>!String.Contains(Container(450).ListItem.Icon,Default)</visible>
				</control>
				<control type="image">
					<include>DialogFavourites_coords1</include>
					<texture>$INFO[Container(450).ListItem.Icon]</texture>
					<colordiffuse>$VAR[OverlayColorFO]</colordiffuse>
					<aspectratio aligny="center">keep</aspectratio>
					<visible>String.Contains(Container(450).ListItem.Icon,Default)</visible>
				</control>

				<!-- List -->
				<control type="fixedlist" id="450">
					<include>DialogFavourites_coords2</include>
					<onup>450</onup>
					<ondown>450</ondown>
					<onleft>60</onleft>
					<pagecontrol>60</pagecontrol>
					<focusposition>5</focusposition>
					<orientation>vertical</orientation>
					<viewtype label="535">list</viewtype>
					<scrolltime tween="sine" easing="out">240</scrolltime>

					<include>DialogFavourites_coords3</include>

					<include>DialogFavourites_coords4</include>

				</control>

				<!-- Scrollbar -->
				<control type="scrollbar" id="60">
					<include>DialogFavourites_coords5</include>
					<onright>450</onright>
					<onleft condition="!Skin.HasSetting(KioskMode) + Player.HasMedia + !Skin.HasSetting(SubMenuControls)">3001</onleft>
					<showonepage>false</showonepage>
					<orientation>vertical</orientation>
					<colordiffuse>$VAR[OverlayColorNF]</colordiffuse>
					<include>BackgroundOverlayStyleScrollbarVertical</include>
					<texturesliderbarfocus border="8,1,6,1" colordiffuse="$VAR[OverlayColorFO]">common/ScrollbarGripFO.png</texturesliderbarfocus>
					<textureslidernib></textureslidernib>
					<textureslidernibfocus></textureslidernibfocus>
					<visible>!Skin.HasSetting(Scrollbars)</visible>
				</control>

				<!-- Item count -->
				<control type="fadelabel">
					<include>ItemCount_coords</include>
					<align>right</align>
					<label>$INFO[Container(450).NumItems]$VAR[ContentTypeFavourites, ,]</label>
					<font>Font30</font>
					<textcolor>$VAR[TextColorNF]</textcolor>
					<animation effect="fade" start="100" end="0" time="200" condition="Integer.IsEqual(Container(450).NumItems,0) + Window.IsVisible(busydialog)">Conditional</animation>
				</control>
				
				<!-- Sub menu indicator -->
				<control type="group">
					<visible>!Skin.HasSetting(KioskMode)</visible>
					<visible>!ControlGroup(9002).HasFocus + !Window.IsVisible(contextmenu) + !String.IsEqual(Container(450).NumItems,0) + Player.HasMedia + !Skin.HasSetting(SubMenuControls)</visible>
					<include>VisibleFadeAnimation</include>
					<animation effect="slide" time="200" start="-200,0" end="0,0">WindowOpen</animation>
					<animation effect="slide" time="200" start="0,0" end="-200,0">WindowClose</animation>
					<control type="image">
						<include>SubMenu_coords13</include>
						<texture colordiffuse="$VAR[OverlayColorNF]">sub-menu-left.png</texture>
						<animation effect="fade" start="100" end="0" time="200" condition="Integer.IsEqual(Container(450).NumItems,0) + Window.IsVisible(busydialog)">Conditional</animation>
					</control>
				</control>
				
				<!-- Sub menu -->
				<include>SubMenu</include>
				
			</control>

			<include>MaskingBars</include>
			
		</control>

	</controls>

</window>