<?xml version="1.0" encoding="UTF-8"?>
<window>
	<!-- volumebar -->
	<animation effect="slide" start="550,0" time="200">WindowOpen</animation>
	<animation effect="slide" end="550,0" time="200">WindowClose</animation>
	<zorder>100</zorder>
	
	<!-- Textbox scroll reset -->
	<include>ResetScroll</include>
	
	<controls>
	
		<control type="group">
			<include>DialogDepth</include>
			<animation effect="slide" end="0,50" time="200" condition="String.IsEqual(Window(10000).Property(isCaching),True)">Conditional</animation>
			
			<!-- Background -->
			<control type="image">
				<include>DialogVolumeBar_coords1</include>
				<texture colordiffuse="$VAR[MenuOSDColor]">common/Background2.png</texture>
			</control>

			<!-- Heading -->
			<control type="label">
				<include>DialogVolumeBar_coords2</include>
				<align>left</align>
				<scroll>True</scroll>
				<font>Font27</font>
				<label>[LIGHT]$LOCALIZE[13376][/LIGHT] $INFO[Control.GetLabel(404),,%]</label>
				<visible>!Player.Muted</visible>
			</control>

			<!-- Muted -->
			<control type="label">
				<include>DialogVolumeBar_coords2</include>
				<align>left</align>
				<scroll>True</scroll>
				<font>Font27</font>
				<label>[LIGHT]$LOCALIZE[13376][/LIGHT] $LOCALIZE[31013]</label>
				<visible>Player.Muted</visible>
			</control>

			<!-- Progress -->
			<control type="progress" id="404">
				<visible>false</visible>
				<info>player.volume</info>
			</control>

		</control>

	</controls>

</window>