<?xml version="1.0" encoding="UTF-8"?>
<window>
	<!-- numericinput -->
	<defaultcontrol always="true">10</defaultcontrol>
	
	<!-- Textbox scroll reset -->
	<include>ResetScroll</include>

	<controls>

		<!-- Dialog fanart -->
		<include>DialogBackgroundImage</include>

		<control type="group">
			<include>DialogDepth</include>

			<!-- Animation -->
			<include>DialogZoomAnimation</include>
			
			<!-- Heading -->
			<include content="Time">
				<param name="heading">$INFO[Control.GetLabel(1)]</param>
				<param name="secondary">False</param>
			</include>
			
			<control type="label" id="1">
				<font></font>
			</control>

			<!-- Keys -->
			<control type="group">
				<include>DialogNumeric_coords1</include>

				<!-- First row -->
				<control type="grouplist" id="1000">
					<include>DialogNumeric_coords2</include>
					<itemgap>0</itemgap>
					<onup>noop</onup>
					<onleft>1000</onleft>
					<onright>1000</onright>
					<orientation>horizontal</orientation>
					<align>center</align>

					<!-- '1' -->
					<control type="button" id="11">
						<ondown>14</ondown>
						<label>12311</label>
						<include>KeyboardButtons</include>
					</control>
					<!-- '2' -->
					<control type="button" id="12">
						<ondown>15</ondown>
						<label>12312</label>
						<include>KeyboardButtons</include>
					</control>
					<!-- '3' -->
					<control type="button" id="13">
						<ondown>16</ondown>
						<label>12313</label>
						<include>KeyboardButtons</include>
					</control>

				</control>

				<!-- Second row -->
				<control type="grouplist" id="2000">
					<include>DialogNumeric_coords3</include>
					<itemgap>0</itemgap>
					<onleft>2000</onleft>
					<onright>2000</onright>
					<orientation>horizontal</orientation>
					<align>center</align>

					<!-- '4' -->
					<control type="button" id="14">
						<onup>11</onup>
						<ondown>17</ondown>
						<label>12314</label>
						<include>KeyboardButtons</include>
					</control>
					<!-- '5' -->
					<control type="button" id="15">
						<onup>12</onup>
						<ondown>18</ondown>
						<label>12315</label>
						<include>KeyboardButtons</include>
					</control>
					<!-- '6' -->
					<control type="button" id="16">
						<onup>13</onup>
						<ondown>19</ondown>
						<label>12316</label>
						<include>KeyboardButtons</include>
					</control>

				</control>

				<!-- Third row -->
				<control type="grouplist" id="3000">
					<include>DialogNumeric_coords4</include>
					<itemgap>0</itemgap>
					<onleft>3000</onleft>
					<onright>3000</onright>
					<orientation>horizontal</orientation>
					<align>center</align>

					<!-- '7' -->
					<control type="button" id="17">
						<onup>14</onup>
						<ondown>20</ondown>
						<label>12317</label>
						<include>KeyboardButtons</include>
					</control>
					<!-- '8' -->
					<control type="button" id="18">
						<onup>15</onup>
						<ondown>10</ondown>
						<label>12318</label>
						<include>KeyboardButtons</include>
					</control>
					<!-- '9' -->
					<control type="button" id="19">
						<onup>16</onup>
						<ondown>22</ondown>
						<label>12319</label>
						<include>KeyboardButtons</include>
					</control>

				</control>

				<!-- Forth row -->
				<control type="grouplist" id="4000">
					<include>DialogNumeric_coords5</include>
					<itemgap>0</itemgap>
					<onleft>4000</onleft>
					<onright>4000</onright>
					<ondown>5000</ondown>
					<orientation>horizontal</orientation>
					<align>center</align>

					<!-- Previous -->
					<control type="button" id="20">
						<onup>17</onup>
						<label>&lt;</label>
						<include>KeyboardButtons</include>
					</control>
					<!-- '0' -->
					<control type="button" id="10">
						<onup>18</onup>
						<label>12310</label>
						<include>KeyboardButtons</include>
					</control>
					<!-- Next -->
					<control type="button" id="22">
						<onup>19</onup>
						<label>&gt;</label>
						<include>KeyboardButtons</include>
					</control>

				</control>

				<!-- Fifth row -->
				<control type="grouplist" id="5000">
				<include>DialogNumeric_coords6</include>
					<onleft>5000</onleft>
					<onright>5000</onright>
					<onup>4000</onup>
					<ondown>9001</ondown>
					<orientation>horizontal</orientation>
					<align>center</align>

					<!-- BACKSPACE -->
					<control type="button" id="23">
						<width>274</width>
						<label>20181</label>
						<include>KeyboardButtons</include>
					</control>

				</control>

				<!-- Edit Text -->
				<control type="label" id="4">
					<include>DialogNumeric_coords7</include>
					<scroll>True</scroll>
					<font>Font48</font>
					<textcolor>$VAR[TextColorFO]</textcolor>
					<align>center</align>
				</control>

			</control>

			<!-- Buttons -->
			<control type="grouplist" id="9001">
				<include>DialogButtons</include>
				<orientation>horizontal</orientation>
				<align>center</align>
				<itemgap>30</itemgap>
				<onup>5000</onup>
				<defaultcontrol always="true">0</defaultcontrol>

				<!-- Done -->
				<control type="button" id="21">
					<width>auto</width>
					<label>20177</label>
				</control>

				<!-- Cancel Button -->
				<control type="button" id="301">
					<width>auto</width>
					<label>222</label>
					<onclick>Close</onclick>
				</control>

			</control>

		</control>

		<include>MaskingBars</include>

	</controls>

</window>
