<?xml version="1.0" encoding="UTF-8"?>
<window>
	<!-- addoninformation -->
	<defaultcontrol always="true">9000</defaultcontrol>
	<include content="WindowDialogFocus">
		<param name="id">9000</param>
	</include>
	<onload condition="!String.IsEmpty(Window(10146).Property(description))">ClearProperty(description,10146)</onload>
	<onunload>ClearProperty(description,10146)</onunload>
	
	<!-- Textbox scroll reset -->
	<include>10146ResetScroll</include>

	<controls>

		<!-- Dialog fanart -->
		<include>DialogBackgroundImage</include>

		<control type="group">
			<include>DialogDepth</include>

			<!-- Animation -->
			<include>DialogZoomAnimation</include>
			
			<!-- Heading -->
			<include content="Time">
				<param name="heading">$INFO[ListItem.AddonName]</param>
				<param name="secondary">False</param>
			</include>

			<!-- Image -->
			<control type="group">
				<control type="image">
					<include>DialogAddonInfodetails_coords1</include>
					<texture>$INFO[ListItem.Icon]</texture>
					<aspectratio aligny="center">keep</aspectratio>
				</control>
			</control>

			<!-- Last used & last updated time & date -->
			<control type="fadelabel">
				<include>DialogAddonInfodetails_coords2</include>
				<font>Font27</font>
				<align>center</align>
				<label>$INFO[ListItem.AddonLastUsed,$LOCALIZE[12012]: ,]$INFO[ListItem.AddonLastUpdated, &#8226; $LOCALIZE[12014]: ,]</label>
				<textcolor>$VAR[TextColorNF]</textcolor>
				<visible>!String.IsEmpty(ListItem.AddonLastUsed) + !String.IsEmpty(ListItem.AddonLastUpdated)</visible>
				<include>VisibleFadeAnimation</include>
			</control>
			<control type="fadelabel">
				<include>DialogAddonInfodetails_coords2</include>
				<font>Font27</font>
				<align>center</align>
				<label>$INFO[ListItem.AddonLastUsed,$LOCALIZE[12012]: ,]</label>
				<textcolor>$VAR[TextColorNF]</textcolor>
				<visible>!String.IsEmpty(ListItem.AddonLastUsed) + String.IsEmpty(ListItem.AddonLastUpdated)</visible>
				<include>VisibleFadeAnimation</include>
			</control>
			<control type="fadelabel">
				<include>DialogAddonInfodetails_coords2</include>
				<font>Font27</font>
				<align>center</align>
				<label>$INFO[ListItem.AddonLastUpdated,$LOCALIZE[12014]: ,]</label>
				<textcolor>$VAR[TextColorNF]</textcolor>
				<visible>!String.IsEmpty(ListItem.AddonLastUpdated) + String.IsEmpty(ListItem.AddonLastUsed)</visible>
				<include>VisibleFadeAnimation</include>
			</control>

			<!-- Info -->
			<control type="group">
				<include>DialogAddonInfodetails_coords3</include>

				<!-- Details -->
				<control type="grouplist">
					<include>DialogAddonInfodetails_coords4</include>
					<itemgap>12</itemgap>
					<orientation>vertical</orientation>
					<usecontrolcoords>true</usecontrolcoords>
					<visible>String.IsEmpty(Window(10146).Property(description)) + String.IsEqual(Skin.String(infodialogfirstpage),Details) | !String.IsEmpty(Window(10146).Property(description)) + String.IsEqual(Skin.String(infodialogfirstpage),Description) | String.IsEmpty(Window(10146).Property(description)) + String.IsEqual(Skin.String(infodialogfirstpage),Description) + !Control.IsVisible(100)</visible>
					<include>VisibleFadeAnimation</include>

					<!-- Type -->
					<control type="group">
						<include>DialogAddonInfodetails_coords5</include>
						<visible>!String.IsEmpty(ListItem.AddonType)</visible>
						<control type="fadelabel">
							<include>DialogAddonInfodetails_coords6</include>
							<align>right</align>
							<font>Font36</font>
							<label>467</label>
							<textcolor>$VAR[TextColorNF]</textcolor>
						</control>
						<control type="fadelabel">
							<include>DialogAddonInfodetails_coords7</include>
							<font>Font36</font>
							<label fallback="416">$INFO[ListItem.AddonType]</label>
							<textcolor>$VAR[TextColorFO]</textcolor>
						</control>
					</control>

					<!-- Author -->
					<control type="group">
						<include>DialogAddonInfodetails_coords5</include>
						<visible>!String.IsEmpty(ListItem.AddonCreator)</visible>
						<control type="fadelabel">
							<include>DialogAddonInfodetails_coords6</include>
							<align>right</align>
							<font>Font36</font>
							<label>21863</label>
							<textcolor>$VAR[TextColorNF]</textcolor>
						</control>
						<control type="fadelabel">
							<include>DialogAddonInfodetails_coords7</include>
							<font>Font36</font>
							<label fallback="416">$INFO[ListItem.AddonCreator]</label>
							<textcolor>$VAR[TextColorFO]</textcolor>
						</control>
					</control>

					<!-- Version -->
					<control type="group">
						<include>DialogAddonInfodetails_coords5</include>
						<visible>!String.IsEmpty(ListItem.AddonVersion)</visible>
						<control type="fadelabel">
							<include>DialogAddonInfodetails_coords6</include>
							<align>right</align>
							<font>Font36</font>
							<label>19114</label>
							<textcolor>$VAR[TextColorNF]</textcolor>
						</control>
						<control type="fadelabel">
							<include>DialogAddonInfodetails_coords7</include>
							<font>Font36</font>
							<label fallback="416">$INFO[ListItem.AddonVersion]</label>
							<textcolor>$VAR[TextColorFO]</textcolor>
						</control>
					</control>
					
					<!-- Addon origin -->
					<control type="group">
						<include>DialogAddonInfodetails_coords5</include>
						<visible>!String.IsEmpty(ListItem.AddonOrigin) + ListItem.Property(Addon.IsInstalled)</visible>
						<control type="fadelabel">
							<include>DialogAddonInfodetails_coords6</include>
							<align>right</align>
							<font>Font36</font>
							<label>31404</label>
							<textcolor>$VAR[TextColorNF]</textcolor>
						</control>
						<control type="fadelabel">
							<include>DialogAddonInfodetails_coords7</include>
							<font>Font36</font>
							<label fallback="416">$INFO[ListItem.AddonOrigin]</label>
							<textcolor>$VAR[TextColorFO]</textcolor>
						</control>
					</control>
					
					<!-- Install date -->
					<control type="group">
						<include>DialogAddonInfodetails_coords5</include>
						<visible>!String.IsEmpty(ListItem.AddonInstallDate)</visible>
						<control type="fadelabel">
							<include>DialogAddonInfodetails_coords6</include>
							<align>right</align>
							<font>Font36</font>
							<label>12013</label>
							<textcolor>$VAR[TextColorNF]</textcolor>
						</control>
						<control type="fadelabel">
							<include>DialogAddonInfodetails_coords7</include>
							<font>Font36</font>
							<label fallback="416">$INFO[ListItem.AddonInstallDate]</label>
							<textcolor>$VAR[TextColorFO]</textcolor>
						</control>
					</control>

					<!-- Summary -->
					<control type="group">
						<include>DialogAddonInfodetails_coords8</include>
						<visible>!String.IsEmpty(ListItem.AddonSummary)</visible>
						<control type="fadelabel">
							<include>DialogAddonInfodetails_coords6</include>
							<align>right</align>
							<font>Font36</font>
							<label>20037</label>
							<textcolor>$VAR[TextColorNF]</textcolor>
						</control>
						<control type="fadelabel">
							<include>DialogAddonInfodetails_coords9</include>
							<font>Font36</font>
							<aligny>top</aligny>
							<wrapmultiline>true</wrapmultiline>
							<label fallback="416">$INFO[ListItem.AddonSummary]</label>
							<textcolor>$VAR[TextColorFO]</textcolor>
						</control>
					</control>

				</control>

			</control>
			
			<!-- Description -->
			<control type="textbox" id="100">
				<include>DialogAddonInfodetails_coords10</include>
				<align>left</align>
				<font>Font36</font>
				<textcolor>$VAR[TextColorNF]</textcolor>
				<label>$VAR[addonInformation]$INFO[Window(Home).Property(ResetScroll.10146)]</label>
				<autoscroll delay="10000" time="1700" repeat="12000">True</autoscroll>
				<visible>!String.IsEmpty(Window(10146).Property(description)) + String.IsEqual(Skin.String(infodialogfirstpage),Details) | String.IsEmpty(Window(10146).Property(description)) + String.IsEqual(Skin.String(infodialogfirstpage),Description) + !String.IsEmpty(ListItem.AddonDescription) + !String.IsEmpty(ListItem.AddonNews)</visible>
				<include>VisibleFadeAnimation</include>
			</control>

			<!-- Buttons -->
			<control type="grouplist" id="9000">
				<include>DialogButtons</include>
				<orientation>horizontal</orientation>
				<align>center</align>
				<itemgap>30</itemgap>
				<onup>50</onup>
				<defaultcontrol always="true">0</defaultcontrol>

				<!-- Extended info Button -->
				<control type="togglebutton" id="15">
					<width>Auto</width>
					<label>33029</label>
					<altlabel>21821</altlabel>
					<onclick condition="String.IsEmpty(Window(10146).Property(description))">SetProperty(description,14115,10146)</onclick>
					<onclick condition="!String.IsEmpty(Window(10146).Property(description))">ClearProperty(description,10146)</onclick>
					<usealttexture>String.IsEmpty(Window(10146).Property(description)) + String.IsEqual(Skin.String(infodialogfirstpage),Details) | !String.IsEmpty(Window(10146).Property(description)) + String.IsEqual(Skin.String(infodialogfirstpage),Description)</usealttexture>
					<visible>!String.IsEmpty(ListItem.AddonDescription) + !String.IsEmpty(ListItem.AddonNews)</visible>
				</control>
				<!-- Launch Addon Button -->
				<control type="button" id="12">
					<width>Auto</width>
					<label>518</label>
					<visible>Control.IsEnabled(12)</visible>
				</control>
				<!-- Configure Addon Button -->
					<control type="button" id="9">
					<width>Auto</width>
					<label>24020</label>
					<visible>Control.IsEnabled(9)</visible>
				</control>
				<!-- Update Addon Button -->
					<control type="button" id="8">
					<width>Auto</width>
					<label>24138</label>
					<visible>Control.IsEnabled(8)</visible>
				</control>
				<!-- Versions Button -->
					<control type="button" id="14">
					<width>Auto</width>
					<label>24069</label>
					<visible>Control.IsEnabled(14)</visible>
				</control>
				<!-- Install/Uninstall Addon button -->
				<control type="button" id="6">
					<width>Auto</width>
					<label>24022</label>
					<visible>Control.IsEnabled(6)</visible>
				</control>
				<!-- Enable/Disable Addon button -->
				<control type="button" id="7">
					<width>Auto</width>
					<label>24021</label>
					<visible>Control.IsEnabled(7)</visible>
				</control>
				<!-- Addon Dependencies Button -->
					<control type="button" id="10">
					<width>Auto</width>
					<label>39024</label>
					<visible>Control.IsEnabled(10)</visible>
				</control>
				<!-- Auto-update Button -->
				<control type="radiobutton" id="13">
					<width>250</width>
					<textwidth>184</textwidth>
					<label>24048</label>
					<visible>Control.IsEnabled(13)</visible>
				</control>

			</control>

		</control>

		<include>MaskingBars</include>

	</controls>

</window>