<?xml version="1.0" encoding="UTF-8"?>
<window>
	<!-- eventlog -->
	<defaultcontrol always="true">570</defaultcontrol>
	<views>570</views>
	
	<!-- Textbox scroll reset -->
	<include>ResetScroll</include>
	
	<!-- Sub menu menucontrol -->
	<include condition="!Skin.HasSetting(KioskMode)">SubMenuMenucontrol</include>
	
	<controls>
	
		<control type="group">
			<include>WindowFullscreenDialogFadeAnimation</include>
			
			<!-- Background -->
			<include>WindowBackgroundImageVertical</include>
			
			<!-- Time -->
			<include>Time</include>
			
			<!-- Main group -->
			<control type="group">
				<include>WindowFadeAnimation</include>

				<!-- Image -->
				<control type="image">
					<include>EventLog_coords1</include>
					<texture>$INFO[ListItem.Icon]</texture>
					<colordiffuse>$VAR[OverlayColorFO]</colordiffuse>
					<aspectratio align="center" aligny="center">keep</aspectratio>
				</control>

				<!-- List -->
				<control type="fixedlist" id="570">
					<include>EventLog_coords2</include>
					<onup>570</onup>
					<ondown>570</ondown>
					<onleft>60</onleft>
					<onright condition="!Skin.HasSetting(KioskMode)">3001</onright>
					<pagecontrol>60</pagecontrol>
					<focusposition>3</focusposition>
					<orientation>vertical</orientation>
					<scrolltime tween="sine" easing="out">240</scrolltime>
					<viewtype label="535">list</viewtype>

					<include>EventLog_coords3</include>

					<include>EventLog_coords4</include>

				</control>

				<!-- Scrollbar -->
				<control type="scrollbar" id="60">
					<include>EventLog_coords5</include>
					<onleft condition="!Skin.HasSetting(KioskMode)">3001</onleft>
					<onright>570</onright>
					<showonepage>false</showonepage>
					<orientation>vertical</orientation>
					<colordiffuse>$VAR[OverlayColorNF]</colordiffuse>
					<include>BackgroundOverlayStyleScrollbarVertical</include>
					<texturesliderbarfocus border="8,1,6,1" colordiffuse="$VAR[OverlayColorFO]">common/ScrollbarGripFO.png</texturesliderbarfocus>
					<textureslidernib></textureslidernib>
					<textureslidernibfocus></textureslidernibfocus>
					<visible>!Skin.HasSetting(Scrollbars)</visible>
				</control>
			
				<!-- Submenu indicator -->
				<include>SubMenuIndicator</include>
				
				<!-- Sub menu -->
				<include>SubMenu</include>
				
			</control>

			<include>MaskingBars</include>
			
		</control>

	</controls>

</window>
