<?xml version="1.0" encoding="UTF-8"?>
<window>
	<!-- filebrowser -->
	<defaultcontrol always="true">450</defaultcontrol>
	
	<!-- Textbox scroll reset -->
	<include>ResetScroll</include>

	<controls>

		<!-- Dialog fanart -->
		<include>DialogBackgroundImage</include>

		<control type="group">
			<include>DialogDepth</include>
		
			<!-- Animation -->
			<include>DialogZoomAnimation</include>
			
			<!-- Heading -->
			<include content="Time">
				<param name="heading">$INFO[Control.GetLabel(411)]</param>
				<param name="secondary">False</param>
			</include>

			<control type="label" id="411">
				<font></font>
			</control>

			<!-- Image -->
			<control type="image">
				<include>FileBrowser_coords1</include>
				<texture>$INFO[ListItem.Icon]</texture>
				<aspectratio aligny="center">keep</aspectratio>
				<visible>!String.Contains(ListItem.Icon,Default) + !String.Contains(Control.GetLabel(416),*)</visible>
			</control>
			<control type="image">
				<include>FileBrowser_coords1</include>
				<texture flipx="true">$INFO[ListItem.Icon]</texture>
				<aspectratio aligny="center">keep</aspectratio>
				<visible>!String.Contains(ListItem.Icon,Default) + String.Contains(Control.GetLabel(416),*)</visible>
			</control>
			<control type="image">
				<include>FileBrowser_coords1</include>
				<texture>$INFO[ListItem.Icon]</texture>
				<colordiffuse>$VAR[OverlayColorFO]</colordiffuse>
				<aspectratio aligny="center">keep</aspectratio>
				<visible>String.Contains(ListItem.Icon,Default)</visible>
			</control>
			<control type="image">
				<include>FileBrowser_coords1</include>
				<texture>$INFO[ListItem.FileNameAndPath]</texture>
				<colordiffuse>$VAR[OverlayColorFO]</colordiffuse>
				<aspectratio aligny="center">keep</aspectratio>
				<visible>String.IsEqual(ListItem.Path,special://skin/extras/backgrounds/)</visible>
			</control>

			<!-- Scrollbar -->
			<control type="scrollbar" id="60">
				<include>FileBrowser_coords2</include>
				<onleft>9000</onleft>
				<onright condition="Control.IsVisible(450)">450</onright>
				<onright condition="Control.IsVisible(451)">451</onright>
				<showonepage>false</showonepage>
				<orientation>vertical</orientation>
				<colordiffuse>$VAR[OverlayColorNF]</colordiffuse>
				<texturesliderbackground border="8,1,6,1">common/ScrollBackground.png</texturesliderbackground>
				<texturesliderbar border="8,1,6,1" colordiffuse="$VAR[OverlayColorNF]">common/ScrollbarGripNF.png</texturesliderbar>
				<texturesliderbarfocus border="8,1,6,1" colordiffuse="$VAR[OverlayColorFO]">common/ScrollbarGripFO.png</texturesliderbarfocus>
				<textureslidernib></textureslidernib>
				<textureslidernibfocus></textureslidernibfocus>
				<visible>!Skin.HasSetting(Scrollbars)</visible>
			</control>

			<!-- List -->
			<control type="list" id="450">
				<include>FileBrowser_coords3</include>
				<onup>450</onup>
				<ondown>450</ondown>
				<onleft>60</onleft>
				<onright>9000</onright>
				<orientation>vertical</orientation>
				<viewtype label="list">list</viewtype>
				<scrolltime tween="sine" easing="out">240</scrolltime>
				<pagecontrol>60</pagecontrol>

				<include>FileBrowser_coords4</include>

				<include>FileBrowser_coords5</include>

			</control>

			<!-- List -->
			<control type="list" id="451">
				<include>FileBrowser_coords6</include>
				<onup>451</onup>
				<ondown>451</ondown>
				<onleft>60</onleft>
				<onright>9000</onright>
				<orientation>vertical</orientation>
				<scrolltime tween="sine" easing="out">240</scrolltime>
				<pagecontrol>60</pagecontrol>

				<include>FileBrowser_coords7</include>

				<include>FileBrowser_coords8</include>

			</control>

			<!-- Buttons -->
			<control type="grouplist" id="9000">
				<include>DialogButtons</include>
				<orientation>horizontal</orientation>
				<align>center</align>
				<itemgap>30</itemgap>
				<onup>450</onup>

				<!-- OK Button -->
				<control type="button" id="413">
					<width>auto</width>
					<label>186</label>
				</control>

				<!-- Cancel Button -->
				<control type="button" id="414">
					<width>auto</width>
					<label>222</label>
				</control>

				<!-- New folder -->
				<control type="button" id="415">
					<width>auto</width>
					<label>119</label>
					<visible>Control.IsEnabled(415)</visible>
				</control>

				<!-- Mirror image -->
				<control type="radiobutton" id="416">
					<width>200</width>
					<label>749</label>
					<visible>Control.IsEnabled(416)</visible>
				</control>

			</control>
			
			<!-- Button indicator -->
			<include content="dialogButtonIndicator">
				<param name="visibility">!ControlGroup(9000).HasFocus + !Window.IsVisible(shutdownmenu)</param>
			</include>

		</control>

		<include>MaskingBars</include>

	</controls>

</window>