<?xml version="1.0" encoding="UTF-8"?>
<window>
	<!-- pvrseatch -->
	<defaultcontrol always="true">50</defaultcontrol>
	<views>50</views>
	
	<!-- Textbox scroll reset -->
	<include>10704ResetScroll</include>
	
	<!-- Sub menu menucontrol -->
	<include condition="!Skin.HasSetting(KioskMode)">SubMenuMenucontrol</include>
	
	<controls>
	
		<control type="group">
			<include>WindowFullscreenDialogFadeAnimation</include>

			<!-- Background -->
			<include>WindowBackgroundImageHorizontalLow1</include>
			
			<!-- Time -->
			<include>Time</include>

			<!-- Main group -->
			<control type="group">
				<include>WindowFadeAnimation</include>

				<!-- List -->
				<control type="list" id="50">
					<include>MyPVRSearch_coords1</include>
					<onup>50</onup>
					<ondown>50</ondown>
					<onleft condition="!Skin.HasSetting(KioskMode)">3001</onleft>
					<onright>70</onright>
					<pagecontrol>70</pagecontrol>
					<preloaditems>2</preloaditems>
					<viewtype label="535">list</viewtype>				
					<scrolltime tween="sine" easing="out">240</scrolltime>

					<include>MyPVRSearch_coords2</include>

					<include>MyPVRSearch_coords3</include>

				</control>

				<!-- Scrollbar -->
				<control type="scrollbar" id="70">
					<include>MyPVRSearch_coords4</include>
					<onleft>50</onleft>
					<showonepage>false</showonepage>
					<orientation>vertical</orientation>
					<colordiffuse>$VAR[OverlayColorNF]</colordiffuse>
					<texturesliderbackground border="8,1,6,1">common/ScrollBackground.png</texturesliderbackground>
					<texturesliderbar border="8,1,6,1" colordiffuse="$VAR[OverlayColorNF]">common/ScrollbarGripNF.png</texturesliderbar>
					<texturesliderbarfocus border="8,1,6,1" colordiffuse="$VAR[OverlayColorFO]">common/ScrollbarGripFO.png</texturesliderbarfocus>
					<textureslidernib></textureslidernib>
					<textureslidernibfocus></textureslidernibfocus>
					<visible>!Skin.HasSetting(Scrollbars)</visible>
				</control>

				<!-- Channel preview & info -->
				<control type="group">
					<include>MyPVRSearch_coords5</include>

					<!-- Program name -->
					<control type="fadelabel">
						<include>MyPVRSearch_coords6</include>
						<label>$INFO[Container(50).ListItem.Title]</label>
						<textcolor>$VAR[TextColorFO]</textcolor>
					</control>

					<control type="group">
						<include>MyPVRSearch_coords7</include>
						<visible>Container(50).ListItem.HasEpg</visible>

						<!-- Plot -->
						<control type="group">
							<include>MyPVRSearch_coords8</include>
							<control type="textbox">
								<include>MyPVRSearch_coords9</include>
								<font>Font27</font>
								<align>left</align>
								<label>$INFO[Container(50).ListItem.Plot]$INFO[Window(Home).Property(ResetScroll.10704)]</label>
								<textcolor>$VAR[TextColorFO]</textcolor>
								<autoscroll delay="5000" time="1400" repeat="10000">true</autoscroll>
								<visible>Skin.String(PlotFont,S)</visible>
							</control>
							<control type="textbox">
								<include>MyPVRSearch_coords10</include>
								<font>Font30</font>
								<align>left</align>
								<label>$INFO[Container(50).ListItem.Plot]$INFO[Window(Home).Property(ResetScroll.10704)]</label>
								<textcolor>$VAR[TextColorFO]</textcolor>
								<autoscroll delay="5000" time="1300" repeat="10000">true</autoscroll>
								<visible>Skin.String(PlotFont,M)</visible>
							</control>
							<control type="textbox">
								<include>MyPVRSearch_coords11</include>
								<font>Font33</font>
								<align>left</align>
								<label>$INFO[Container(50).ListItem.Plot]$INFO[Window(Home).Property(ResetScroll.10704)]</label>
								<textcolor>$VAR[TextColorFO]</textcolor>
								<autoscroll delay="5000" time="1200" repeat="10000">true</autoscroll>
								<visible>Skin.String(PlotFont,L)</visible>
							</control>
						</control>

						<!-- Next program -->
						<control type="fadelabel">
							<include>MyPVRSearch_coords12</include>
							<font>Font30</font>
							<align>right</align>
							<label>$INFO[Container(50).ListItem.NextTitle,$LOCALIZE[19031]: ,]$INFO[Container(11).ListItem.NextStartTime, (,)]</label>
						</control>

					</control>

				</control>

				<!-- Search result count -->
				<control type="fadelabel">
					<include>MyPVRSearch_coords13</include>
					<visible>!Skin.HasSetting(ItemCount)</visible>
					<align>right</align>
					<label>$INFO[Container(50).NumItems]$VAR[ContentType, ,]</label>
					<font>Font30</font>
					<textcolor>$VAR[TextColorNF]</textcolor>
					<animation effect="fade" start="100" end="0" time="200" condition="Integer.IsEqual(Container(50).NumItems,0) + Window.IsVisible(busydialog)">Conditional</animation>
				</control>
				
				<!-- Sub menu indicator -->
				<include>SubMenuIndicator</include>
				
				<!-- Sub menu -->
				<include>SubMenu</include>

			</control>

			<include>MaskingBars</include>
			
		</control>

	</controls>

</window>