<?xml version="1.0" encoding="UTF-8"?>
<window>
	<!-- weather -->
	<defaultcontrol always="true">100</defaultcontrol>
	
	<!-- Textbox scroll reset -->
	<include>12600ResetScroll</include>

	<!-- Sub menu menucontrol -->
	<include condition="!Skin.HasSetting(KioskMode)">SubMenuMenucontrol</include>

	<controls>
	
		<control type="group">
			<include>WindowFullscreenDialogFadeAnimation</include>

			<!-- Hidden side menu button -->
			<control type="button" id="100">
				<onleft condition="!Skin.HasSetting(KioskMode)">3001</onleft>
			</control>

			<!-- Background -->
			<include>WindowBackgroundImageHorizontalWeather</include>
			
			<!-- Time -->
			<include>Time</include>

			<!-- Main group -->
			<control type="group">
				<visible>!String.IsEqual(Weather.Location,$LOCALIZE[503])</visible>
				<include>VisibleFadeAnimation</include>
				<include>WindowFadeAnimation</include>

				<!-- View -->
				<control type="list" id="50">
					<include>MyWeather_coords1</include>
					<orientation>horizontal</orientation>
					<viewtype label="">list</viewtype>
					<scrolltime tween="sine" easing="out">240</scrolltime>
					<visible>!String.IsEmpty(Window(Weather).Property(Daily.1.LongDay))</visible>
					<animation effect="fade" start="100" end="0" time="0">Hidden</animation>
					<animation effect="fade" start="0" end="100" time="200" delay="100">Visible</animation>
					<animation effect="slide" start="0,0" end="700,0" time="0" condition="String.IsEqual(Container(50).NumItems,1)">conditional</animation>
					<animation effect="slide" start="0,0" end="560,0" time="0" condition="String.IsEqual(Container(50).NumItems,2)">conditional</animation>
					<animation effect="slide" start="0,0" end="420,0" time="0" condition="String.IsEqual(Container(50).NumItems,3)">conditional</animation>
					<animation effect="slide" start="0,0" end="280,0" time="0" condition="String.IsEqual(Container(50).NumItems,4)">conditional</animation>
					<animation effect="slide" start="0,0" end="140,0" time="0" condition="String.IsEqual(Container(50).NumItems,5)">conditional</animation>

					<include>MyWeather_coords2</include>

					<include>MyWeather_coords3</include>
					
					<content>
						<item>
							<label>$LOCALIZE[33006]</label>
							<label2>$INFO[Window(Weather).Property(Day0.LowTemp)]$INFO[System.TemperatureUnits] / $INFO[Window(Weather).Property(Day0.HighTemp)]$INFO[System.TemperatureUnits]</label2>
							<icon>$VAR[weatherIcons]$INFO[Window(Weather).Property(Daily.1.FanartCode)]$VAR[WeatherIconsExtVar]</icon>
							<property name="weatherIconMulti">$VAR[weatherIcons]$INFO[Window(Weather).Property(Daily.1.FanartCode)]/</property>
							<visible>!String.IsEmpty(Window(Weather).Property(Daily.1.LongDay))</visible>
						</item>
						<item>
							<label>$LOCALIZE[33007]</label>
							<label2>$INFO[Window(Weather).Property(Day1.LowTemp)]$INFO[System.TemperatureUnits] / $INFO[Window(Weather).Property(Day1.HighTemp)]$INFO[System.TemperatureUnits]</label2>
							<icon>$VAR[weatherIcons]$INFO[Window(Weather).Property(Daily.2.FanartCode)]$VAR[WeatherIconsExtVar]</icon>
							<property name="weatherIconMulti">$VAR[weatherIcons]$INFO[Window(Weather).Property(Daily.2.FanartCode)]/</property>
							<visible>!String.IsEmpty(Window(Weather).Property(Daily.2.LongDay))</visible>
						</item>
						<item>
							<label>$INFO[Window(Weather).Property(Daily.3.LongDay)]</label>
							<label2>$INFO[Window(Weather).Property(Day2.LowTemp)]$INFO[System.TemperatureUnits] / $INFO[Window(Weather).Property(Day2.HighTemp)]$INFO[System.TemperatureUnits]</label2>
							<icon>$VAR[weatherIcons]$INFO[Window(Weather).Property(Daily.3.FanartCode)]$VAR[WeatherIconsExtVar]</icon>
							<property name="weatherIconMulti">$VAR[weatherIcons]$INFO[Window(Weather).Property(Daily.3.FanartCode)]/</property>
							<visible>!String.IsEmpty(Window(Weather).Property(Daily.3.LongDay))</visible>
						</item>
						<item>
							<label>$INFO[Window(Weather).Property(Daily.4.LongDay)]</label>
							<label2>$INFO[Window(Weather).Property(Day3.LowTemp)]$INFO[System.TemperatureUnits] / $INFO[Window(Weather).Property(Day3.HighTemp)]$INFO[System.TemperatureUnits]</label2>
							<icon>$VAR[weatherIcons]$INFO[Window(Weather).Property(Daily.4.FanartCode)]$VAR[WeatherIconsExtVar]</icon>
							<property name="weatherIconMulti">$VAR[weatherIcons]$INFO[Window(Weather).Property(Daily.4.FanartCode)]/</property>
							<visible>!String.IsEmpty(Window(Weather).Property(Daily.4.LongDay))</visible>
						</item>
						<item>
							<label>$INFO[Window(Weather).Property(Daily.5.LongDay)]</label>
							<label2>$INFO[Window(Weather).Property(Day4.LowTemp)]$INFO[System.TemperatureUnits] / $INFO[Window(Weather).Property(Day4.HighTemp)]$INFO[System.TemperatureUnits]</label2>
							<icon>$VAR[weatherIcons]$INFO[Window(Weather).Property(Daily.5.FanartCode)]$VAR[WeatherIconsExtVar]</icon>
							<property name="weatherIconMulti">$VAR[weatherIcons]$INFO[Window(Weather).Property(Daily.5.FanartCode)]/</property>
							<visible>!String.IsEmpty(Window(Weather).Property(Daily.5.LongDay))</visible>
						</item>
						<item>
							<label>$INFO[Window(Weather).Property(Daily.6.LongDay)]</label>
							<label2>$INFO[Window(Weather).Property(Day5.LowTemp)]$INFO[System.TemperatureUnits] / $INFO[Window(Weather).Property(Day5.HighTemp)]$INFO[System.TemperatureUnits]</label2>
							<icon>$VAR[weatherIcons]$INFO[Window(Weather).Property(Daily.6.FanartCode)]$VAR[WeatherIconsExtVar]</icon>
							<property name="weatherIconMulti">$VAR[weatherIcons]$INFO[Window(Weather).Property(Daily.6.FanartCode)]/</property>
							<visible>!String.IsEmpty(Window(Weather).Property(Daily.6.LongDay))</visible>
						</item>
					</content>

				</control>

				<!-- Current icon -->
				<control type="image">
					<include>MyWeather_coords4</include>
					<texture background="true">$VAR[weatherIcons]$INFO[Window(Weather).Property(Current.FanartCode)]$VAR[WeatherIconsExtVar]</texture>
					<aspectratio align="center" aligny="bottom">keep</aspectratio>
					<visible>!Skin.HasSetting(weatherIcons.multi)</visible>
				</control>
				<control type="multiimage">
					<include>MyWeather_coords4</include>
					<imagepath>$VAR[weatherIcons]$INFO[Window(Weather).Property(Current.FanartCode)]/</imagepath>
					<timeperimage>200</timeperimage>
					<aspectratio align="center" aligny="bottom">keep</aspectratio>
					<visible>Skin.HasSetting(weatherIcons.multi)</visible>
				</control>

				<!-- Weather Info -->
				<control type="group">
					<include>MyWeather_coords5</include>
					<visible>!String.IsEmpty(Window(Weather).Property(Current.Condition)) + !String.IsEmpty(Window(Weather).Property(Daily.1.LongDay))</visible>
					<control type="label">
						<include>MyWeather_coords6</include>
						<font>Font42</font>
						<label>$LOCALIZE[19030]: $INFO[Window(Weather).Property(Current.Condition)]</label>
						<textcolor>$VAR[TextColorFO]</textcolor>
					</control>
					<control type="label">
						<include>MyWeather_coords7</include>
						<font>Font33</font>
						<textcolor>$VAR[TextColorNF]</textcolor>
						<label>$LOCALIZE[1375]: $INFO[Window(Weather).Property(Current.Temperature)]$INFO[System.TemperatureUnits] / $LOCALIZE[402]: $INFO[Window(Weather).Property(Current.FeelsLike)]$INFO[System.TemperatureUnits]</label>
					</control>
					<control type="label">
						<include>MyWeather_coords8</include>
						<font>Font30</font>
						<textcolor>$VAR[TextColorNF]</textcolor>
						<label>$LOCALIZE[383]: $INFO[Window(Weather).Property(Current.Wind)]</label>
					</control>
					<control type="label">
						<include>MyWeather_coords9</include>
						<font>Font33</font>
						<textcolor>$VAR[TextColorNF]</textcolor>
						<label>$INFO[Window(weather).Property(Current.Humidity),$LOCALIZE[406]: ,]$INFO[Window(weather).Property(Current.Precipitation), &#8226; $LOCALIZE[33021]: ,]</label>
					</control>
					<control type="label">
						<include>MyWeather_coords10</include>
						<font>Font30</font>
						<textcolor>$VAR[TextColorNF]</textcolor>
						<label>$INFO[Window(weather).Property(Today.Sunrise),$LOCALIZE[33027]: ,]$INFO[Window(weather).Property(Today.Sunset), &#8226; $LOCALIZE[33028]: ,]</label>
					</control>
					<control type="textbox">
						<include>MyWeather_coords11</include>
						<label>$LOCALIZE[33030]: $INFO[Window(Weather).Property(Day0.Outlook)]$INFO[Window(Home).Property(ResetScroll.12600)]</label>
						<textcolor>$VAR[TextColorFO]</textcolor>
						<autoscroll>false</autoscroll>
					</control>
				</control>
				
				<!-- No information available -->
				<control type="group">
					<include>MyWeather_coords5</include>
					<visible>String.IsEmpty(Window(Weather).Property(Current.Condition)) + String.IsEmpty(Window(Weather).Property(Daily.1.LongDay))</visible>
					<control type="label">
						<include>MyWeather_coords6</include>
						<font>Font42</font>
						<label>$LOCALIZE[19055]</label>
						<textcolor>$VAR[TextColorFO]</textcolor>
					</control>
				</control>

				<!-- Weather provider -->
				<control type="fadelabel">
					<include>MyWeather_coords12</include>
					<align>right</align>
					<label>$INFO[Window(Weather).Property(WeatherProvider)]</label>
					<font>Font33</font>
					<textcolor>$VAR[TextColorNF]</textcolor>
					<visible>!String.IsEmpty(Window(Weather).Property(WeatherProvider))</visible>
				</control>
				
				<!-- Sub menu indicator -->
				<include>SubMenuIndicator</include>
				
				<!-- Sub menu -->
				<include>SubMenu</include>

			</control>
			
			<include>MaskingBars</include>
			
			<!-- Busy -->
			<control type="group">
				<include>BusyDepth</include>
				<visible>String.IsEqual(Weather.Location,$LOCALIZE[503])</visible>
				<!-- Background -->
				<include>DialogFadeBackgroundImage</include>
				<include>DialogFadeBackgroundImage</include>
				<include>DialogFadeBackgroundImage</include>

				<!-- Main group -->
				<control type="group">
					<include>DialogZoomAnimation</include>
					<include>DialogBusy_coords1</include>

					<!-- Spinner -->
					<control type="image">
						<include>DialogBusy_coords2</include>
						<texture colordiffuse="$VAR[OverlayColorFO]">$VAR[BusySpinner]</texture>
					</control>

				</control>
			</control>
			
		</control>

	</controls>

</window>