<?xml version="1.0" encoding="UTF-8"?>
<window>
	<!-- script-upnext-upnext -->
	<defaultcontrol always="true">3012</defaultcontrol>
	<animation effect="slide" start="550,0" time="200">WindowOpen</animation>
	<animation effect="slide" end="550,0" time="200">WindowClose</animation>
	<zorder>100</zorder>
	
	<controls>
		<control type="group">
			<include>NotificationDepth</include>
			<animation effect="slide" end="0,50" time="200" condition="String.IsEqual(Window(10000).Property(isCaching),True)">Conditional</animation>
			<animation effect="slide" end="0,50" time="200" condition="Window.IsActive(volumebar)">Conditional</animation>
			<animation effect="slide" end="0,20" time="200" condition="String.IsEqual(Window(10000).Property(isCaching),True) | Window.IsActive(volumebar)">Conditional</animation>
			<animation effect="slide" end="0,85" time="200" condition="Window.IsActive(notification)">Conditional</animation>
			<animation effect="slide" end="0,85" time="200" condition="Window.IsActive(extendedprogressdialog)">Conditional</animation>
		
			<!-- Background -->
			<control type="image">
				<include>script-upnext-upnext_coords1</include>
				<texture colordiffuse="$VAR[MenuOSDColor]">common/Background2.png</texture>
			</control>
			
			<control type="group">
				<include>script-upnext-upnext_coords2</include>
				
				<!-- Heading -->
				<control type="label">
					<include>script-upnext-upnext_coords3</include>
					<align>left</align>
					<font>Font27</font>
					<label>$ADDON[service.upnext 30049]</label>
				</control>
				
				<!-- Details -->
				<control type="fadelabel">
					<include>script-upnext-upnext_coords4</include>
					<align>left</align>
					<font>Font27-light</font>
					<label>$VAR[UpNextTitle]</label>
				</control>
				
				<!-- Watch now -->
				<control type="button" id="3012">
					<include>script-upnext-upnext_coords5</include>
					<align>center</align>
					<font>Font27</font>
					<label>$ADDON[service.upnext 30006]</label>
					<oninfo>noop</oninfo>
					<onleft>3013</onleft>
					<onright>3013</onright>
					<texturefocus colordiffuse="$VAR[buttonfocus]">common/focus27c.png</texturefocus>
				</control>
				
				<!-- Close/Stop -->
				<control type="button" id="3013">
					<include>script-upnext-upnext_coords6</include>
					<align>center</align>
					<font>Font27</font>
					<oninfo>noop</oninfo>
					<onleft>3012</onleft>
					<onright>3012</onright>
					<texturefocus colordiffuse="$VAR[buttonfocus]">common/focus27c.png</texturefocus>
				</control>
				
				<!-- Progress -->
				<control type="progress" id="3014">
					<include>script-upnext-upnext_coords7</include>
					<midtexture colordiffuse="$VAR[OverlayColorFO]">common/white.png</midtexture>
				</control>
				
			</control>

		</control>
		
	</controls>

</window>
