<?xml version="1.0" encoding="utf-8"?>
<window>
	<!-- category -->
	<defaultcontrol always="true">3</defaultcontrol>
	
	<!-- Textbox scroll reset -->
	<include>ResetScroll</include>
	
	<!-- Sidemenu menucontrol -->
	<menucontrol>3001</menucontrol>
	
	<!-- Welcome screen -->
	<onload condition="String.IsEmpty(Skin.String(WelcomeDialogShown)) + !System.HasAddon(service.osmc.settings)">ActivateWindow(1101)</onload>
	
	<!-- Skin Shortcuts -->
	<onunload condition="System.HasAddon(script.skinshortcuts)">RunScript(script.skinshortcuts,type=buildxml&amp;mainmenuID=9000&amp;group=mainmenu&amp;levels=1&amp;options=noGroups)</onunload>
	
	<!-- Skin settings, background + colors -->
	<include>Onloads</include>

	<controls>
	
		<control type="group">
			<include>WindowFullscreenDialogFadeAnimation</include>

			<!-- Background -->
			<include>WindowBackgroundImageVerticalHome</include>
			
			<!-- Time -->
			<include content="Time">
				<param name="narrow">True</param>
				<param name="wide">False</param>
			</include>

			<!-- Main group -->
			<control type="group">
				<include>WindowFadeAnimation</include>

				<!-- Main list (Left) -->
				<control type="grouplist" id="3">
					<include>SettingsCategory_coords1</include>
					<itemgap>0</itemgap>
					<onleft>3001</onleft>
					<onright>5</onright>
					<ondown>20</ondown>
					<orientation>vertical</orientation>
					<scrolltime tween="sine" easing="out">240</scrolltime>
				</control>

				<!-- Sub list (Right) -->
				<control type="grouplist" id="5">
					<include>SettingsCategory_coords2</include>
					<itemgap>0</itemgap>
					<onleft>3</onleft>
					<onright>998</onright>
					<orientation>vertical</orientation>
					<scrolltime tween="sine" easing="out">240</scrolltime>
				</control>

				<!-- Settings description -->
				<control type="textbox" id="6">
					<include>SettingsCategory_coords3</include>
					<textcolor>$VAR[TextColorFO]</textcolor>
					<font>Font27</font>
					<visible>Skin.String(PlotFont,S)</visible>
				</control>
				
				<control type="textbox" id="6">
					<include>SettingsCategory_coords4</include>
					<textcolor>$VAR[TextColorFO]</textcolor>
					<font>Font30</font>
					<visible>Skin.String(PlotFont,M)</visible>
				</control>
				
				<control type="textbox" id="6">
					<include>SettingsCategory_coords5</include>
					<textcolor>$VAR[TextColorFO]</textcolor>
					<font>Font33</font>
					<visible>Skin.String(PlotFont,L)</visible>
				</control>

				<!-- Indicators -->
				<control type="group">
					<include>SettingsCategory_coords6</include>
				</control>
				
				<!-- Settings Level -->
				<control type="label">
					<include>SettingsCategory_coords7</include>
					<align>center</align>
					<label>$LOCALIZE[31016]:</label>
					<font>Font33</font>
					<textcolor>$VAR[TextColorNF]</textcolor>
				</control>
				<control type="button" id="20">
					<include>SettingsCategory_coords8</include>
					<align>center</align>
					<font>Font33</font>
					<onup>3</onup>
					<onclick>SettingsLevelChange</onclick>
					<texturefocus colordiffuse="$VAR[buttonfocus]">common/focus66c.png</texturefocus>
				</control>

				<!-- Sub menu indicator -->
				<control type="group">
					<visible>!ControlGroup(9002).HasFocus + !ControlGroup(5).HasFocus + !Control.HasFocus(20)</visible>
					<include>VisibleFadeAnimation</include>
					<animation effect="slide" time="200" start="-200,0" end="0,0">WindowOpen</animation>
					<animation effect="slide" time="200" start="0,0" end="-200,0">WindowClose</animation>
					<control type="image">
						<include>SubMenu_coords13</include>
						<texture colordiffuse="$VAR[OverlayColorNF]">sub-menu-left.png</texture>
					</control>
				</control>

				<!-- Sub menu -->
				<include>SubMenu</include>

				<!-- Default label -->
				<control type="label" id="14">
					<include>SettingsCategory_coords9</include>
					<font>Font33</font>
					<align>center</align>
					<label></label>
					<textcolor>$VAR[TextColorNF]</textcolor>
				</control>

				<!-- Default group button -->
				<control type="button" id="10">
					<include>SettingsCategory_coords10</include>
					<font>Font33</font>
					<onclick>SetFocus(5)</onclick>
					<textcolor>$VAR[TextColorNF]</textcolor>
					<focusedcolor>$VAR[settingsbuttonunfocusdim]</focusedcolor>
					<invalidcolor>$VAR[InvalidColor]</invalidcolor>
					<disabledcolor>$VAR[DisabledColor]</disabledcolor>
				</control>

				<!-- Default button -->
				<control type="button" id="7">
					<include>SettingsCategory_coords11</include>
					<font>Font33</font>
					<textcolor>$VAR[TextColorNF]</textcolor>
					<focusedcolor>$VAR[TextColorFO]</focusedcolor>
					<invalidcolor>$VAR[InvalidColor]</invalidcolor>
					<disabledcolor>$VAR[DisabledColor]</disabledcolor>
				</control>

				<!-- Default radiobutton -->
				<control type="radiobutton" id="8">
					<include>SettingsCategory_coords11</include>
					<font>Font33</font>
					<textcolor>$VAR[TextColorNF]</textcolor>
					<focusedcolor>$VAR[TextColorFO]</focusedcolor>
					<disabledcolor>$VAR[DisabledColor]</disabledcolor>
				</control>

				<!-- Default spincontrolex -->
				<control type="spincontrolex" id="9">
					<include>SettingsCategory_coords11</include>
					<font>Font33</font>
					<textcolor>$VAR[TextColorNF]</textcolor>
					<focusedcolor>$VAR[TextColorFO]</focusedcolor>
					<disabledcolor>$VAR[DisabledColor]</disabledcolor>
				</control>

				<!-- Default sliderex -->
				<control type="sliderex" id="13">
					<include>SettingsCategory_coords11</include>
					<font>Font33</font>
					<textcolor>$VAR[TextColorNF]</textcolor>
					<focusedcolor>$VAR[TextColorFO]</focusedcolor>
					<disabledcolor>$VAR[DisabledColor]</disabledcolor>
				</control>

				<!-- Default seperator -->
				<control type="image" id="11">
					<include>SettingsCategory_coords9</include>
					<texture border="2" colordiffuse="$VAR[OverlayColorNF]">common/Divider.png</texture>
				</control>

				<!-- Default edit -->
				<control type="edit" id="12">
					<include>SettingsCategory_coords9</include>
				</control>
				
			</control>

			<include>MaskingBars</include>
			
		</control>

	</controls>

</window>