<?xml version="1.0" encoding="UTF-8"?>
<includes>

	<include name="Viewtype524">
		
		<!-- Wide low (videos) -->
		<control type="group">
			<visible>Control.IsVisible(524)</visible>

			<!-- List -->
			<control type="fixedlist" id="524">
				<include>Viewtype524_coords1</include>
				<ondown>61</ondown>
				<onleft>524</onleft>
				<onright>524</onright>
				<pagecontrol>61</pagecontrol>
				<preloaditems>6</preloaditems>
				<focusposition>5</focusposition>
				<orientation>horizontal</orientation>
				<viewtype label="$LOCALIZE[31112]">icon</viewtype>
				<scrolltime tween="sine" easing="out">240</scrolltime>
				<visible>Container.Content(videos)</visible>
				<include>DefaultView</include>

				<include>Viewtype524_coords2</include>

				<include>Viewtype524_coords3</include>

			</control>

			<control type="group">
				<include>Viewtype524_coords4</include>

				<!-- Title -->
				<control type="fadelabel">
					<include>Viewtype524_coords5</include>
					<font>Font72</font>
					<align>center</align>
					<textcolor>$VAR[TextColorFO]</textcolor>
					<label>$VAR[Label1]</label>
					<scrollspeed>120</scrollspeed>
				</control>

				<!-- Details -->
				<control type="fadelabel">
					<include>Viewtype524_coords6</include>
					<font>Font27</font>
					<align>center</align>
					<aligny>top</aligny>
					<label>$VAR[Label2]</label>
					<textcolor>$VAR[TextColorFO]</textcolor>
				</control>

			</control>

		</control>

	</include>

	<include name="image-524">
		<param name="fallback">DefaultVideos.png</param>
		<param name="visible">False</param>
		<definition>
			<control type="image">
				<include>Viewtype524_coords7</include>
				<colordiffuse>$VAR[DiffusePosterNF]</colordiffuse>
				<texture background="true" fallback="$PARAM[fallback]">$VAR[mediaImages]</texture>
				<aspectratio align="center" aligny="center">keep</aspectratio>
				<visible>$PARAM[visible]</visible>
				<visible>!Integer.IsEqual(Container.NumItems,0) | [Integer.IsEqual(Container.NumItems,0) + ListItem.IsParentFolder]</visible>
			</control>
		</definition>
	</include>

	<include name="image-524-focus">
		<param name="fallback">DefaultVideos.png</param>
		<param name="visible">False</param>
		<definition>
			<control type="image">
				<include>Viewtype524_coords8</include>
				<texture background="true" fallback="$PARAM[fallback]">$VAR[mediaImages]</texture>
				<aspectratio align="center" aligny="center">keep</aspectratio>
				<visible>$PARAM[visible]</visible>
				<visible>!Integer.IsEqual(Container.NumItems,0) | [Integer.IsEqual(Container.NumItems,0) + ListItem.IsParentFolder]</visible>
			</control>
		</definition>
	</include>

</includes>
